horizon_days,risk_target,tested,PASS,FAIL_DAILY,FAIL_TOTAL,TIMEOUT,DATA_END
30,0.0025,6000,2649,289,4,3058,0
30,0.005,6000,4039,1220,11,730,0
30,0.0075,6000,4654,1163,10,173,0
30,0.01,6000,4785,1176,2,37,0
30,0.0125,6000,4944,1039,1,16,0
30,0.015,6000,4903,1094,0,3,0
30,0.02,6000,5002,998,0,0,0
60,0.0025,6000,3064,319,17,2600,0
60,0.005,6000,4232,1257,23,488,0
60,0.0075,6000,4705,1186,16,93,0
60,0.01,6000,4803,1183,5,9,0
60,0.0125,6000,4954,1040,1,5,0
60,0.015,6000,4906,1094,0,0,0
60,0.02,6000,5002,998,0,0,0
90,0.0025,6000,4433,327,23,1217,0
90,0.005,6000,4575,1265,31,129,0
90,0.0075,6000,4767,1187,18,28,0
90,0.01,6000,4807,1184,5,4,0
90,0.0125,6000,4957,1040,1,2,0
90,0.015,6000,4906,1094,0,0,0
90,0.02,6000,5002,998,0,0,0
180,0.0025,6000,5034,357,45,564,0
180,0.005,6000,4645,1295,36,24,0
180,0.0075,6000,4784,1192,20,4,0
180,0.01,6000,4809,1185,5,1,0
180,0.0125,6000,4957,1041,1,1,0
180,0.015,6000,4906,1094,0,0,0
180,0.02,6000,5002,998,0,0,0
FULL,0.0025,6000,5478,456,66,0,0
FULL,0.005,6000,4658,1298,44,0,0
FULL,0.0075,6000,4786,1192,22,0,0
FULL,0.01,6000,4810,1185,5,0,0
FULL,0.0125,6000,4958,1041,1,0,0
FULL,0.015,6000,4906,1094,0,0,0
FULL,0.02,6000,5002,998,0,0,0
