asset,START,DEV_END,VAL_END,OOS_END,END,DEV_duration_days,VAL_duration_days,OOS_duration_days,LOCKBOX_duration_days
ADA,2018-04-17 04:00:00+00:00,2023-03-04 16:00:00+00:00,2024-05-23 07:00:00+00:00,2025-08-11 22:00:00+00:00,2026-06-05 00:00:00+00:00,1782.5,445.625,445.625,297.0833333333333
AVAX,2020-09-22 06:30:00+00:00,2024-02-23 07:24:00+00:00,2024-12-31 13:37:30+00:00,2025-11-08 19:51:00+00:00,2026-06-05 00:00:00+00:00,1249.0375,312.259375,312.259375,208.17291666666668
BNB,2017-11-06 03:45:00+00:00,2022-12-29 20:42:00+00:00,2024-04-12 18:56:15+00:00,2025-07-26 17:10:30+00:00,2026-06-05 00:00:00+00:00,1879.70625,469.9265625,469.9265625,313.284375
BTC,2017-08-17 04:00:00+00:00,2022-11-07 10:36:00+00:00,2024-02-27 12:15:00+00:00,2025-06-18 13:54:00+00:00,2026-05-02 15:00:00+00:00,1908.275,477.06875,477.06875,318.04583333333335
DOGE,2019-07-05 12:00:00+00:00,2023-08-29 09:36:00+00:00,2024-09-11 09:00:00+00:00,2025-09-25 08:24:00+00:00,2026-06-05 00:00:00+00:00,1515.9,378.975,378.975,252.65
ETH,2017-08-17 04:00:00+00:00,2022-11-27 11:12:00+00:00,2024-03-23 13:00:00+00:00,2025-07-18 14:48:00+00:00,2026-06-05 00:00:00+00:00,1928.3,482.075,482.075,321.3833333333333
LINK,2019-01-16 10:00:00+00:00,2023-06-22 07:18:00+00:00,2024-07-30 18:37:30+00:00,2025-09-08 05:57:00+00:00,2026-06-04 21:30:00+00:00,1617.8875,404.471875,404.471875,269.6479166666667
SOL,2020-08-11 06:00:00+00:00,2024-02-06 10:30:00+00:00,2024-12-20 23:37:30+00:00,2025-11-04 12:45:00+00:00,2026-06-04 21:30:00+00:00,1274.1875,318.546875,318.546875,212.36458333333334
TRX,2018-06-11 11:30:00+00:00,2023-03-26 19:00:00+00:00,2024-06-06 02:52:30+00:00,2025-08-17 10:45:00+00:00,2026-06-05 00:00:00+00:00,1749.3125,437.328125,437.328125,291.5520833333333
