market,timeframe,strategy_count,behavioral_components,structural_components,median_nearest_correlation,high_corr_ge_080,positive_expectancy_1_25x,positive_expectancy_1_50x,positive_expectancy_2x,temporal_stability,median_trades
EURUSD,H1,948,590,see library audit,0.6352576315402985,0.003270376360614688,0.9525316455696202,0.8755274261603375,0.7489451476793249,see temporal_stability.csv,70.5
EURUSD,H4,730,479,see library audit,0.6103894710540771,0.005922919367871169,0.9835616438356164,0.9671232876712329,0.9342465753424658,see temporal_stability.csv,57.0
EURUSD,M15,84,69,see library audit,0.35177192091941833,0.01491681009753299,0.9761904761904762,0.8928571428571429,0.6904761904761905,see temporal_stability.csv,107.5
GBPUSD,H1,212,188,see library audit,0.250906303524971,0.0013860323705624609,0.9433962264150944,0.8867924528301887,0.7547169811320755,see temporal_stability.csv,62.0
GBPUSD,H4,481,284,see library audit,0.6705759167671204,0.0102997227997228,0.972972972972973,0.9397089397089398,0.8669438669438669,see temporal_stability.csv,59.0
GBPUSD,M15,127,87,see library audit,0.6391176581382751,0.02074740657417823,0.968503937007874,0.9133858267716536,0.7637795275590551,see temporal_stability.csv,49.0
NZDUSD,H1,3,3,see library audit,0.0010591010795906186,0.0,1.0,0.3333333333333333,0.0,see temporal_stability.csv,50.0
NZDUSD,H4,118,77,see library audit,0.5003454238176346,0.014631319716065478,0.8220338983050848,0.6949152542372882,0.4830508474576271,see temporal_stability.csv,50.5
NZDUSD,M15,0,0,,,,,,,,
USDCAD,H1,44,43,see library audit,0.11415963992476463,0.0010570824524312897,0.9772727272727273,0.8863636363636364,0.5681818181818182,see temporal_stability.csv,51.0
USDCAD,H4,240,182,see library audit,0.4887984097003937,0.008403068340306834,0.9625,0.925,0.825,see temporal_stability.csv,50.5
USDCAD,M15,0,0,,,,,,,,
USDCHF,H1,8,8,see library audit,0.04753684625029564,0.0,1.0,0.625,0.375,see temporal_stability.csv,44.0
USDCHF,H4,562,334,see library audit,0.7219713628292084,0.0049479513578320365,0.9252669039145908,0.8256227758007118,0.6298932384341637,see temporal_stability.csv,53.0
USDCHF,M15,0,0,,,,,,,,
USDJPY,H1,1032,742,see library audit,0.5830922722816467,0.002163550101880465,0.9728682170542635,0.9544573643410853,0.8798449612403101,see temporal_stability.csv,108.0
USDJPY,H4,1622,1112,see library audit,0.6631840169429779,0.0007880538341177106,0.9858199753390875,0.969790382244143,0.9395807644882861,see temporal_stability.csv,66.0
USDJPY,M15,152,100,see library audit,0.5263743102550507,0.018211920529801324,0.9013157894736842,0.8486842105263158,0.6447368421052632,see temporal_stability.csv,147.5
XAUUSD,H1,1340,727,see library audit,0.7449583411216736,0.002045411478826926,0.9955223880597015,0.9925373134328358,0.985820895522388,see temporal_stability.csv,245.0
XAUUSD,H4,4558,1444,see library audit,0.8473370373249054,0.0023559990883358114,0.9997806055287407,0.9997806055287407,0.999341816586222,see temporal_stability.csv,89.0
XAUUSD,M15,27,25,see library audit,0.2364625185728073,0.005698005698005698,0.9629629629629629,0.9629629629629629,0.9259259259259259,see temporal_stability.csv,133.0
