asset,hash,fast_trades,reference_trades,gross_r_delta,equivalent
ADA,0014d401c268e53271e2875c0d2e2f4ca5fc669f6817d7e1f2eb48f25caae564,41,41,0.0,True
ADA,2ca887d2332d36f6b566dee82d48eb972e14706653ecd25663b5f7f9898a558b,104,104,0.0,True
ADA,4a97d90f904017698344f8e44d0188e2ac8d54065b71c4329edec88f2f436a72,41,41,0.0,True
ADA,8658b680b2535eee2173c8bcae395b311843b1afb6ea8b9c6d492563bafdbb64,56,56,0.0,True
ADA,ccdcd3cff7b49bd59ee308014fd227d358e1bd60e0773139c66458bfa78b91c3,40,40,0.0,True
ADA,de9960d4ff3c0ee651e5ca3d19456861f479669e4530ddb442ba537dfc5bc53b,165,165,0.0,True
ADA,e3098ff41a080c146f6618678aff9b8449f5b703fec33cc2c0153c35cace79f1,41,41,0.0,True
AVAX,412fb5d9c90b135ec30164597864f1e64dd1084ba7aa2642026f96ad5174283a,72,72,0.0,True
AVAX,5e3f50000ee352f7e6c9d0134217f8d202ea3923bfab6bc6420a0ca408426182,71,71,0.0,True
AVAX,84d0595662928b026f35512f5968f86207fd828abb4eb3fa65cd1f3ed64645dc,62,62,0.0,True
BTC,2b7c6a211bf47a8bb740443d55ca9780823afa0614ba157671c9171a059ce62a,478,478,0.0,True
BTC,30e5b9399c1caacdaa731b95e8a9482128d75b340228437ce289d39421f3f9a5,201,201,0.0,True
BTC,360a61fab74ca310294eedbe73279bf811b8fa90998909144543e6825144a572,299,299,0.0,True
BTC,42e85bf642ac8377badb4e16f537392892697c8b7a1ec6ed6a0b41980776f0a7,647,647,0.0,True
BTC,45437cccb9cc7e3acd4397988929a33d6392d2780b25af296f7ecc991fa7606f,96,96,0.0,True
BTC,48ac8be38346918dc6b672550ec6b59f5e2412408c0fc9bb9d709ba5fe96ddfe,435,435,0.0,True
BTC,57f32155c9d798b9d7d31bb99657cca89b1df81637f966ff6a9d5960541785b4,159,159,0.0,True
BTC,5d79ef502cb310f80793ad97f46bb1d333dc84eb3fde7c0bfde02c68ee76cb47,192,192,0.0,True
BTC,5fafbc53ba0d0b4773c9513fba82d8f921cde6d72ca7a7b09c1bcad3a351841f,123,123,0.0,True
BTC,86bba3866c322d8dfd8d08c2be5be0477bd3cbe90163c6348e5a34bc65173f9a,193,193,0.0,True
BTC,95d46bccaf48aeeb1784477d9b71096f44009e7fec48a9d53425954b2066cdb0,116,116,0.0,True
BTC,a4ba0f0765801fc0c6fcb74d668316773579bc93ad648afcf69389153fb600cd,115,115,0.0,True
BTC,bd1bcabf40f2b08afe30591827b5e874fff1db336e98ecbbdd89b33f70744ee5,122,122,0.0,True
BTC,c339ed1649d9abbc5c71d96d8532e212a35f122065b8545aac70d28c275b308f,124,124,0.0,True
BTC,ca2488123127d75d0421f9b30e39e6c33c56bc5e04a44f5e415601dd4bb07e5f,120,120,0.0,True
BTC,d14b39a1493201a6dfbbccd0a14d591aa1f4007efc014ab5ca076495620f8271,110,110,0.0,True
BTC,d8ab5be460e5015a295b4bdfe4b1509baeae3d76a94baa9902416140830bedc6,127,127,0.0,True
BTC,de865b796058399285702ebd362934edc9c0bdbab3dd6b3fcecd0e6315a3d732,424,424,0.0,True
BTC,e3fda452dcf1c2a21038d8ea809bfedc6b0a6665df555b16d0a6616178a61301,121,121,0.0,True
BTC,e4d8832c5ca62b5e82e7002278d607b17b799ac1f6ead817e19ab56758fde085,127,127,0.0,True
BTC,ea155703e23e8e86d869cd2394cae319cb7e37ae5d9e6ffd121f5cb90c9ec7d5,108,108,0.0,True
BTC,f5a6c8777011ca5815a15ec81f5ef769f5c95153f0394c3a39fd9bb37316cb88,115,115,0.0,True
ETH,34f732a77c41148eb1495e5ec07154be7f55c7b044025aef2502c9041f85a5cb,63,63,0.0,True
ETH,4a5464ff1c285791803c00be6db768e25157704ce9c5b7af0b8aaff437ac0051,63,63,0.0,True
ETH,524fec11b3842f60626bd31d2d0a2ce4857e19bc47476014746bebe0e102294a,116,116,0.0,True
ETH,7c0f8cba624cc8cb372f574416031b2cdaf97da77d1d34f8673de16abf3e8839,61,61,0.0,True
ETH,a00ab27b542c3bccf15a9047bf7764acfc4d943562e9cc3a14801fb74ed82b05,63,63,0.0,True
ETH,a8332571f440a1bb97273fb019b964c6a879ab72a884e285a721ab1e651361f9,54,54,0.0,True
ETH,bce1b0f5e4428ab8d47d92a3ce85a005820997d0b27c160c0f17736f005e50bc,65,65,0.0,True
ETH,c4f8a4d9b4f32b59e3492cb13babe74a6147bce0a773743ae277709e3a040be4,61,61,0.0,True
ETH,d4337607e16c6990e4da50e0756bff8e8b0524c5af9a0dbb985ca2fd4c6d87e3,54,54,0.0,True
TRX,56eb71760634db058e632e51b4d6288f84235f84711f4986142ed584f2e09a35,162,162,0.0,True
TRX,96a24cab8cea23267e16e5543c36bab24cc3475b3b5218c8bdedfc74602ab566,100,100,0.0,True
TRX,96a53eed5b7b544c90b7a7cb3dfc37e771a34ff8a77842af9cad968e8196c613,98,98,0.0,True
TRX,a1c8b87d4110a0f42d7f2bfefacd19c3ed95e89a544aed1051ebe3be297d8d69,139,139,0.0,True
TRX,c7202bad562485422ad309ae9301cc6a4f864727fe84d0ac21c62a4a5b3cde7f,59,59,0.0,True
TRX,ecc93f7d5e14a7872016f28f212676bf53617f65e8678b6f37ad8ebb3f225d9a,132,132,0.0,True
TRX,f028f38ae981d127dc8b97b358df252e7e0ca406044058d9008dd8c97fd41a08,59,59,0.0,True
TRX,f3fbbdf108a01a06b402988d9bfdb441e4f013cb1d935d39859c3eb34e2984f8,67,67,0.0,True
TRX,f682b0eed0eeb89ff947554a5aead9993282f8366d1285a255cc3330c04e9384,94,94,0.0,True
