asset,timeframe,segment,strategy_id,hash,strategy,direction,pf,expectancy_r,net_r,return,trades,maxdd,kind,median_window_expectancy,positive_window_ratio,active_windows,worst_window_expectancy,window_pfs,window_trades,fitness,dev_eligible,val_pf,val_expectancy_r,val_trades,val_maxdd,window_pf_dispersion,best_window_share,uncertainty_lcb,robust_score
SOL,M15,DEV,SQX-SOL-M15-8314c68d0951,8314c68d09518c97b63d726cba5278588ddbf54415eca63a6cd7a39680983bcc,"{""atr_period"":14,""direction"":""LONG"",""grammar_version"":""v1.7"",""logic"":""AND"",""market"":""SOL"",""predicates"":[{""feature"":""momentum.roc.8"",""operator"":""<"",""value"":-0.005},{""feature"":""rsi_14"",""operator"":"">"",""value"":75.0}],""stop_atr"":1.5,""target_atr"":2.0,""time_exit"":72,""timeframe"":""M15""}",LONG,2.386169563658989,0.48789067406576,8.667218257102244,8.667218257102249,45,8.087302768689225,GENETIC,0.5519471184050309,1.0,4,0.202642071689106,"[0.7152760620485625, 1.8834281815817009, 3.8329823406698265, 2.0749627590889443, 0.6416434818789214, 2.8642430189796744]","[15, 9, 9, 6, 2, 4]",0.8469471184050309,True,1.3231913056189204,0.1655139255478116,8,1.8627111627592157,0.6677421904443597,0.3190818650089859,-0.10244022823044163,0.7420711027282255
AVAX,M15,DEV,SQX-AVAX-M15-e8ede1e4d5a9,e8ede1e4d5a960136cf086a63f8e2a22a531c20fbffa7f31451afdc7c0ef426b,"{""atr_period"":14,""direction"":""SHORT"",""grammar_version"":""v1.7"",""logic"":""AND"",""market"":""AVAX"",""predicates"":[{""feature"":""rsi_14"",""operator"":""<"",""value"":35.0},{""feature"":""volatility.bb_middle.20.2"",""operator"":"">"",""value"":0.0}],""stop_atr"":2.0,""target_atr"":4.0,""time_exit"":96,""timeframe"":""M15""}",SHORT,0.8149364485757654,0.4182733488559739,-0.5319074074074064,-0.5319074074074059,40,1.6628063492063494,GENETIC,0.6478300628387033,0.75,4,-0.0938002335464242,"[1.4199934551158528, 0.5686388332750775, 0.16969503140796108, 4.350168960566221, 1.1638235407238375, 1.1855041823044974]","[13, 4, 4, 5, 8, 6]",0.8518800044520972,True,0.8679406066060031,-0.161265678889796,7,0.2382042328042317,0.982764748051494,0.4911103402934699,-0.3152793902517609,0.708828049558435
LINK,M15,DEV,SQX-LINK-M15-c71f9af88271,c71f9af882712b75ac921d62f4e11cfd9345f183d2ee7aa39fff18c7cc5f5c35,"{""atr_period"":14,""direction"":""SHORT"",""grammar_version"":""v1.7"",""logic"":""AND"",""market"":""LINK"",""predicates"":[{""feature"":""momentum.roc.8"",""operator"":"">"",""value"":0.0},{""feature"":""rsi_14"",""operator"":""<"",""value"":25.0}],""stop_atr"":1.5,""target_atr"":4.0,""time_exit"":96,""timeframe"":""M15""}",SHORT,1.2841898993376732,0.3603181548442105,5.592510191469397,5.592510191469419,104,8.661719362136521,GENETIC,0.4293871859680084,1.0,6,0.080021025125705,"[1.4017683416498259, 0.9168538113201935, 2.1038756770737654, 0.9339949567479229, 1.4558112669645054, 0.7920124680860369]","[16, 9, 16, 14, 27, 22]",0.7833871859680084,True,1.7705441455987507,0.3691020155182684,24,3.7084594438006953,0.3377624702454753,0.2766686093392747,0.15912092188929766,0.688811805440041
BTC,M15,DEV,SQX-BTC-M15-79468b1833eb,79468b1833eb2c014982d29776d0e455cec5f577233096959627e4411b9b26ab,"{""atr_period"":14,""direction"":""SHORT"",""grammar_version"":""v1.7"",""logic"":""AND"",""market"":""BTC"",""predicates"":[{""feature"":""trend.ema_slope.50.1"",""operator"":""<"",""value"":0.0},{""feature"":""volatility.bb_upper.20.2"",""operator"":"">"",""value"":0.0}],""stop_atr"":1.5,""target_atr"":3.0,""time_exit"":72,""timeframe"":""M15""}",SHORT,1.7298120978447509,0.3378836096882411,2.9798740036660614,2.9798740036660654,209,3.062258144923496,GENETIC,0.3999704626756039,0.8333333333333334,6,-0.0067892665695521,"[2.090345415240244, 1.2693875770100758, 1.3358414987821055, 1.2897530778759463, 1.9722481393983529, 1.6358546050502616]","[26, 32, 38, 27, 32, 54]",0.8156064793665492,True,1.7066268304929264,0.3113874740802353,47,0.3759734292177548,0.20229582970048737,0.21789342778983287,0.2381000864549461,0.6569960283180012
LINK,M15,DEV,SQX-LINK-M15-f8f85d379bc9,f8f85d379bc9fa30fbb547c3597f3a4a0c095bf9f61f32b40f6f0bfdb54d2804,"{""atr_period"":14,""direction"":""SHORT"",""grammar_version"":""v1.7"",""logic"":""AND"",""market"":""LINK"",""predicates"":[{""feature"":""structure.fractal_low.3"",""operator"":""=="",""value"":1.0},{""feature"":""volatility.compression.50.2.1.5"",""operator"":""=="",""value"":1.0}],""stop_atr"":1.0,""target_atr"":1.5,""time_exit"":24,""timeframe"":""M15""}",SHORT,1.8051389617679672,0.0451959417519985,3.5246837775202766,3.524683777520284,87,3.91822906251725,GENETIC,0.6389784198162589,0.6666666666666666,6,-0.5375727055422935,"[0.23616188119993134, 10.529761025446856, 2.4526860461684823, 1.9128645937935895, 2.7126430647805715, 0.44875169346475713]","[36, 7, 15, 7, 8, 14]",0.7582519100973522,True,0.7587847014734204,-0.1266803690106825,17,0.7564517408817548,1.2460161858297136,0.5756211027142574,-0.3580421765840971,0.6456059564947804
SOL,M15,DEV,SQX-SOL-M15-00841573d23d,00841573d23d85571f779a3efd20ec551498818da2ac9c9ed0a12c1a52bf2b8e,"{""atr_period"":14,""direction"":""LONG"",""grammar_version"":""v1.7"",""logic"":""AND"",""market"":""SOL"",""predicates"":[{""feature"":""momentum.roc.8"",""operator"":""<"",""value"":-0.005},{""feature"":""rsi_14"",""operator"":"">"",""value"":75.0}],""stop_atr"":1.5,""target_atr"":1.5,""time_exit"":96,""timeframe"":""M15""}",LONG,2.538080210873085,0.3619647481398348,7.578245628088543,7.578245628088547,45,7.17071153958978,GENETIC,0.4963915628494771,1.0,4,0.024864293911329,"[0.5327502768311622, 1.412093729613645, 9.778817815191198, 3.193461493806494, 0.48022028236207115, 2.1467024648415776]","[15, 9, 9, 6, 2, 4]",0.7913915628494772,True,0.9921187199674064,-0.0011527411188537,8,2.017945975584992,1.0401795901863347,0.5573866929141129,-0.5229844355331308,0.6068194544208627
SOL,M15,DEV,SQX-SOL-M15-346bf7620baf,346bf7620baf50a15a618577916af987c001df4739332f99b00c47b6699f233f,"{""atr_period"":14,""direction"":""LONG"",""grammar_version"":""v1.7"",""logic"":""AND"",""market"":""SOL"",""predicates"":[{""feature"":""rsi_14"",""operator"":""<"",""value"":30.0},{""feature"":""trend.ema_slope.20.6"",""operator"":"">"",""value"":0.0}],""stop_atr"":1.0,""target_atr"":4.0,""time_exit"":24,""timeframe"":""M15""}",LONG,1.428292922043637,0.3531931908969634,4.627814236071928,4.627814236071943,105,6.702121880993757,GENETIC,0.4556761401303112,0.8333333333333334,6,-0.383047288708048,"[0.36775363200064753, 1.7217841817145092, 1.0516036332611125, 3.8005462724953705, 1.1293231120226592, 1.0397785438819387]","[18, 17, 18, 15, 25, 12]",0.6732476512866326,True,1.951784144320209,0.6964698207358986,20,4.354349809328235,0.6951845573447502,0.41714785798551335,-0.10058735777171712,0.6059515877797601
BTC,M15,DEV,SQX-BTC-M15-96796b0e994b,96796b0e994bf032038f6ca42dbb35059a9cdb67afe153f4b014700ae3291575,"{""atr_period"":14,""direction"":""SHORT"",""grammar_version"":""v1.7"",""logic"":""AND"",""market"":""BTC"",""predicates"":[{""feature"":""momentum.roc.32"",""operator"":""<"",""value"":-0.005},{""feature"":""volatility.bb_upper.20.2"",""operator"":"">"",""value"":0.0}],""stop_atr"":1.0,""target_atr"":3.0,""time_exit"":48,""timeframe"":""M15""}",SHORT,1.3973479768213897,0.3071144450416538,2.833326032404587,2.833326032404597,344,2.874498917076456,GENETIC,0.326185176014068,0.8333333333333334,6,-0.0090732520273022,"[1.306500237940328, 1.4417569106751082, 0.9328798780821027, 1.2743548875490962, 1.3831546193146302, 1.6550256519602071]","[72, 38, 49, 50, 61, 74]",0.8762501963405759,True,1.0150728346323636,-0.0787622909613487,54,0.3358009268409759,0.17454397670753538,0.2070419718934522,0.18652090701490132,0.5978195617476748
TRX,M15,DEV,SQX-TRX-M15-590953638079,590953638079da2394b0fdc294b7ee0c8690ef157181fe1a775ba4babbef0bcd,"{""atr_period"":14,""direction"":""SHORT"",""grammar_version"":""v1.7"",""logic"":""AND"",""market"":""TRX"",""predicates"":[{""feature"":""structure.fractal_high.2"",""operator"":""=="",""value"":1.0},{""feature"":""volatility.compression.50.2.1.5"",""operator"":""=="",""value"":1.0}],""stop_atr"":2.0,""target_atr"":4.0,""time_exit"":96,""timeframe"":""M15""}",SHORT,1.137432139667809,0.14604052502699,0.059155255219379,0.0591552552193828,101,0.0825495923060883,GENETIC,0.3712678247238033,1.0,5,0.0268577752622523,"[1.2080374339956683, 0.7861951153630979, 1.7400196451763221, 0.19111262896892534, 1.8493106166153184, 1.9722753784749292]","[39, 29, 12, 3, 8, 10]",0.7222678247238032,True,1.076343563976604,-0.0231511198320405,19,0.0365260983841574,0.8139421149617164,0.254587311144543,-0.34218389560750045,0.5609270334880604
BTC,M15,DEV,SQX-BTC-M15-b634e1e9581c,b634e1e9581ce3e77687da9aa060b45088a845c2c346f02f3a19e474a5d5394b,"{""atr_period"":14,""direction"":""SHORT"",""grammar_version"":""v1.7"",""logic"":""AND"",""market"":""BTC"",""predicates"":[{""feature"":""trend.ema_slope.50.1"",""operator"":""<"",""value"":0.0},{""feature"":""volatility.bb_upper.20.2"",""operator"":"">"",""value"":0.0}],""stop_atr"":2.0,""target_atr"":2.0,""time_exit"":48,""timeframe"":""M15""}",SHORT,1.5934338837178394,0.1937173894608337,2.2386340387444235,2.238634038744428,209,2.3347794177475665,GENETIC,0.2137541998432388,1.0,6,0.0037128522714828,"[1.564936423397222, 1.6336385960335076, 1.4092613450455334, 1.5029326117601587, 1.5356204540997809, 1.7319125146859493]","[26, 33, 39, 27, 31, 53]",0.6727541998432388,True,1.4235228110029157,0.1847784192658154,45,0.2729451602997814,0.06458795876366091,0.18467229193929077,0.1620730692936013,0.536424726377881
BTC,M15,DEV,SQX-BTC-M15-4c49c7cb1624,4c49c7cb1624419ae9f2384073921a6cff5e2b10c2f9f0659a36a0df1c9d1973,"{""atr_period"":14,""direction"":""SHORT"",""grammar_version"":""v1.7"",""logic"":""AND"",""market"":""BTC"",""predicates"":[{""feature"":""volatility.bb_middle.50.2"",""operator"":""<"",""value"":0.0},{""feature"":""volatility.bb_upper.20.2"",""operator"":"">"",""value"":0.0}],""stop_atr"":1.0,""target_atr"":4.0,""time_exit"":96,""timeframe"":""M15""}",SHORT,1.389898851497361,0.2080901762967626,1.938879717978596,1.9388797179785984,284,2.0797681297845627,GENETIC,0.2933000502899887,0.8333333333333334,6,-0.1027600152927313,"[1.0743322737878678, 1.3417758055524778, 0.6464028746241435, 1.6124394063125562, 1.2015550317355386, 1.95845464762734]","[35, 47, 53, 40, 43, 66]",0.7599433798001392,True,1.0491615306715796,0.0768600995791031,60,0.2014563303962814,0.3487834184773317,0.2499635783359204,0.014215190992383608,0.5309037897712723
SOL,M15,DEV,SQX-SOL-M15-932deb4015e4,932deb4015e43a2ba6a474e89d5e4dd25905adbe80a3eed7d08b1b81196213a1,"{""atr_period"":14,""direction"":""LONG"",""grammar_version"":""v1.7"",""logic"":""AND"",""market"":""SOL"",""predicates"":[{""feature"":""momentum.roc.8"",""operator"":""<"",""value"":-0.005},{""feature"":""rsi_14"",""operator"":"">"",""value"":75.0}],""stop_atr"":1.0,""target_atr"":3.0,""time_exit"":24,""timeframe"":""M15""}",LONG,2.471209308324429,0.4372114124812943,6.7281937292686695,6.728193729268675,45,6.103600126362339,GENETIC,0.4570430963642323,1.0,4,0.1285418238561478,"[0.7112747070281917, 2.2740467386821046, 2.75548060207572, 1.5626620700775005, 0.03649223186306849, inf]","[15, 9, 9, 6, 2, 4]",0.7520430963642324,True,0.9453305090998384,-0.0517425760273264,8,1.3351457882979458,1.5876294807338245,0.3754083090941491,-1.0988337947549158,0.5035513427354907
