strategy_id,signal_bar_time,predicate_slot,python_predicate_id,mql5_predicate_id,predicate_id_match,python_numeric_value,mql5_numeric_value,numeric_abs_delta,python_threshold,mql5_threshold,threshold_match,python_result,mql5_result,boolean_match,row_match
SQX-EURUSD-H1-4c92b8eb8610,2024-01-12 17:00:00+00:00,4,volatility.compression.50.2.1.5,volatility.compression.50.2.1.5,True,0.0,-1.0,1.0,-1.0,-1.0,True,False,True,False,True
SQX-EURUSD-H1-4c92b8eb8610,2024-01-12 18:00:00+00:00,4,volatility.compression.50.2.1.5,volatility.compression.50.2.1.5,True,0.0,-1.0,1.0,-1.0,-1.0,True,False,True,False,True
SQX-EURUSD-H1-4c92b8eb8610,2024-01-12 19:00:00+00:00,4,volatility.compression.50.2.1.5,volatility.compression.50.2.1.5,True,0.0,-1.0,1.0,-1.0,-1.0,True,False,True,False,True
SQX-EURUSD-H1-4c92b8eb8610,2024-01-12 20:00:00+00:00,4,volatility.compression.50.2.1.5,volatility.compression.50.2.1.5,True,0.0,-1.0,1.0,-1.0,-1.0,True,False,True,False,True
SQX-EURUSD-H1-4c92b8eb8610,2024-01-12 21:00:00+00:00,4,volatility.compression.50.2.1.5,volatility.compression.50.2.1.5,True,0.0,-1.0,1.0,-1.0,-1.0,True,False,True,False,True
SQX-EURUSD-H1-4c92b8eb8610,2024-01-12 22:00:00+00:00,4,volatility.compression.50.2.1.5,volatility.compression.50.2.1.5,True,0.0,-1.0,1.0,-1.0,-1.0,True,False,True,False,True
SQX-EURUSD-H1-4c92b8eb8610,2024-01-12 23:00:00+00:00,4,volatility.compression.50.2.1.5,volatility.compression.50.2.1.5,True,0.0,-1.0,1.0,-1.0,-1.0,True,False,True,False,True
SQX-EURUSD-H1-4c92b8eb8610,2024-01-15 00:00:00+00:00,4,volatility.compression.50.2.1.5,volatility.compression.50.2.1.5,True,0.0,-1.0,1.0,-1.0,-1.0,True,False,True,False,True
SQX-EURUSD-H1-4c92b8eb8610,2024-01-15 01:00:00+00:00,4,volatility.compression.50.2.1.5,volatility.compression.50.2.1.5,True,0.0,-1.0,1.0,-1.0,-1.0,True,False,True,False,True
SQX-EURUSD-H1-4c92b8eb8610,2024-01-15 02:00:00+00:00,4,volatility.compression.50.2.1.5,volatility.compression.50.2.1.5,True,0.0,-1.0,1.0,-1.0,-1.0,True,False,True,False,True
SQX-EURUSD-H1-4c92b8eb8610,2024-01-18 09:00:00+00:00,4,volatility.compression.50.2.1.5,volatility.compression.50.2.1.5,True,0.0,-1.0,1.0,-1.0,-1.0,True,False,True,False,True
SQX-EURUSD-H1-4c92b8eb8610,2024-01-18 10:00:00+00:00,4,volatility.compression.50.2.1.5,volatility.compression.50.2.1.5,True,0.0,-1.0,1.0,-1.0,-1.0,True,False,True,False,True
SQX-EURUSD-H1-4c92b8eb8610,2024-01-18 15:00:00+00:00,4,volatility.compression.50.2.1.5,volatility.compression.50.2.1.5,True,0.0,-1.0,1.0,-1.0,-1.0,True,False,True,False,True
SQX-EURUSD-H1-4c92b8eb8610,2024-01-18 16:00:00+00:00,4,volatility.compression.50.2.1.5,volatility.compression.50.2.1.5,True,0.0,-1.0,1.0,-1.0,-1.0,True,False,True,False,True
SQX-EURUSD-H1-4c92b8eb8610,2024-01-18 17:00:00+00:00,4,volatility.compression.50.2.1.5,volatility.compression.50.2.1.5,True,0.0,-1.0,1.0,-1.0,-1.0,True,False,True,False,True
SQX-EURUSD-H1-4c92b8eb8610,2024-01-18 18:00:00+00:00,4,volatility.compression.50.2.1.5,volatility.compression.50.2.1.5,True,0.0,-1.0,1.0,-1.0,-1.0,True,False,True,False,True
SQX-EURUSD-H1-4c92b8eb8610,2024-01-18 19:00:00+00:00,4,volatility.compression.50.2.1.5,volatility.compression.50.2.1.5,True,0.0,-1.0,1.0,-1.0,-1.0,True,False,True,False,True
SQX-EURUSD-H1-4c92b8eb8610,2024-01-18 20:00:00+00:00,4,volatility.compression.50.2.1.5,volatility.compression.50.2.1.5,True,0.0,-1.0,1.0,-1.0,-1.0,True,False,True,False,True
SQX-EURUSD-H1-4c92b8eb8610,2024-01-23 03:00:00+00:00,4,volatility.compression.50.2.1.5,volatility.compression.50.2.1.5,True,0.0,-1.0,1.0,-1.0,-1.0,True,False,True,False,True
SQX-EURUSD-H1-4c92b8eb8610,2024-01-23 04:00:00+00:00,4,volatility.compression.50.2.1.5,volatility.compression.50.2.1.5,True,0.0,-1.0,1.0,-1.0,-1.0,True,False,True,False,True
SQX-EURUSD-H1-4c92b8eb8610,2024-01-23 05:00:00+00:00,4,volatility.compression.50.2.1.5,volatility.compression.50.2.1.5,True,0.0,-1.0,1.0,-1.0,-1.0,True,False,True,False,True
SQX-EURUSD-H1-4c92b8eb8610,2024-01-23 06:00:00+00:00,4,volatility.compression.50.2.1.5,volatility.compression.50.2.1.5,True,0.0,-1.0,1.0,-1.0,-1.0,True,False,True,False,True
SQX-EURUSD-H1-59d9b5d3a639,2024-01-12 17:00:00+00:00,3,volatility.compression.50.2.1.5,volatility.compression.50.2.1.5,True,0.0,-1.0,1.0,-1.0,-1.0,True,False,True,False,True
SQX-EURUSD-H1-59d9b5d3a639,2024-01-12 18:00:00+00:00,3,volatility.compression.50.2.1.5,volatility.compression.50.2.1.5,True,0.0,-1.0,1.0,-1.0,-1.0,True,False,True,False,True
SQX-EURUSD-H1-59d9b5d3a639,2024-01-12 19:00:00+00:00,3,volatility.compression.50.2.1.5,volatility.compression.50.2.1.5,True,0.0,-1.0,1.0,-1.0,-1.0,True,False,True,False,True
SQX-EURUSD-H1-59d9b5d3a639,2024-01-12 20:00:00+00:00,3,volatility.compression.50.2.1.5,volatility.compression.50.2.1.5,True,0.0,-1.0,1.0,-1.0,-1.0,True,False,True,False,True
SQX-EURUSD-H1-59d9b5d3a639,2024-01-12 21:00:00+00:00,3,volatility.compression.50.2.1.5,volatility.compression.50.2.1.5,True,0.0,-1.0,1.0,-1.0,-1.0,True,False,True,False,True
SQX-EURUSD-H1-59d9b5d3a639,2024-01-12 22:00:00+00:00,3,volatility.compression.50.2.1.5,volatility.compression.50.2.1.5,True,0.0,-1.0,1.0,-1.0,-1.0,True,False,True,False,True
SQX-EURUSD-H1-59d9b5d3a639,2024-01-12 23:00:00+00:00,3,volatility.compression.50.2.1.5,volatility.compression.50.2.1.5,True,0.0,-1.0,1.0,-1.0,-1.0,True,False,True,False,True
SQX-EURUSD-H1-59d9b5d3a639,2024-01-15 00:00:00+00:00,3,volatility.compression.50.2.1.5,volatility.compression.50.2.1.5,True,0.0,-1.0,1.0,-1.0,-1.0,True,False,True,False,True
SQX-EURUSD-H1-59d9b5d3a639,2024-01-15 01:00:00+00:00,3,volatility.compression.50.2.1.5,volatility.compression.50.2.1.5,True,0.0,-1.0,1.0,-1.0,-1.0,True,False,True,False,True
SQX-EURUSD-H1-59d9b5d3a639,2024-01-15 02:00:00+00:00,3,volatility.compression.50.2.1.5,volatility.compression.50.2.1.5,True,0.0,-1.0,1.0,-1.0,-1.0,True,False,True,False,True
SQX-EURUSD-H1-59d9b5d3a639,2024-01-18 09:00:00+00:00,3,volatility.compression.50.2.1.5,volatility.compression.50.2.1.5,True,0.0,-1.0,1.0,-1.0,-1.0,True,False,True,False,True
SQX-EURUSD-H1-59d9b5d3a639,2024-01-18 10:00:00+00:00,3,volatility.compression.50.2.1.5,volatility.compression.50.2.1.5,True,0.0,-1.0,1.0,-1.0,-1.0,True,False,True,False,True
SQX-EURUSD-H1-59d9b5d3a639,2024-01-18 15:00:00+00:00,3,volatility.compression.50.2.1.5,volatility.compression.50.2.1.5,True,0.0,-1.0,1.0,-1.0,-1.0,True,False,True,False,True
SQX-EURUSD-H1-59d9b5d3a639,2024-01-18 16:00:00+00:00,3,volatility.compression.50.2.1.5,volatility.compression.50.2.1.5,True,0.0,-1.0,1.0,-1.0,-1.0,True,False,True,False,True
SQX-EURUSD-H1-59d9b5d3a639,2024-01-18 17:00:00+00:00,3,volatility.compression.50.2.1.5,volatility.compression.50.2.1.5,True,0.0,-1.0,1.0,-1.0,-1.0,True,False,True,False,True
SQX-EURUSD-H1-59d9b5d3a639,2024-01-18 18:00:00+00:00,3,volatility.compression.50.2.1.5,volatility.compression.50.2.1.5,True,0.0,-1.0,1.0,-1.0,-1.0,True,False,True,False,True
SQX-EURUSD-H1-59d9b5d3a639,2024-01-18 19:00:00+00:00,3,volatility.compression.50.2.1.5,volatility.compression.50.2.1.5,True,0.0,-1.0,1.0,-1.0,-1.0,True,False,True,False,True
SQX-EURUSD-H1-59d9b5d3a639,2024-01-18 20:00:00+00:00,3,volatility.compression.50.2.1.5,volatility.compression.50.2.1.5,True,0.0,-1.0,1.0,-1.0,-1.0,True,False,True,False,True
SQX-EURUSD-H1-59d9b5d3a639,2024-01-23 03:00:00+00:00,3,volatility.compression.50.2.1.5,volatility.compression.50.2.1.5,True,0.0,-1.0,1.0,-1.0,-1.0,True,False,True,False,True
SQX-EURUSD-H1-59d9b5d3a639,2024-01-23 04:00:00+00:00,3,volatility.compression.50.2.1.5,volatility.compression.50.2.1.5,True,0.0,-1.0,1.0,-1.0,-1.0,True,False,True,False,True
SQX-EURUSD-H1-59d9b5d3a639,2024-01-23 05:00:00+00:00,3,volatility.compression.50.2.1.5,volatility.compression.50.2.1.5,True,0.0,-1.0,1.0,-1.0,-1.0,True,False,True,False,True
SQX-EURUSD-H1-59d9b5d3a639,2024-01-23 06:00:00+00:00,3,volatility.compression.50.2.1.5,volatility.compression.50.2.1.5,True,0.0,-1.0,1.0,-1.0,-1.0,True,False,True,False,True
SQX-EURUSD-H1-ac5da82211be,2024-01-12 17:00:00+00:00,4,volatility.compression.50.2.1.5,volatility.compression.50.2.1.5,True,0.0,-1.0,1.0,-1.0,-1.0,True,False,True,False,True
SQX-EURUSD-H1-ac5da82211be,2024-01-12 18:00:00+00:00,4,volatility.compression.50.2.1.5,volatility.compression.50.2.1.5,True,0.0,-1.0,1.0,-1.0,-1.0,True,False,True,False,True
SQX-EURUSD-H1-ac5da82211be,2024-01-12 19:00:00+00:00,4,volatility.compression.50.2.1.5,volatility.compression.50.2.1.5,True,0.0,-1.0,1.0,-1.0,-1.0,True,False,True,False,True
SQX-EURUSD-H1-ac5da82211be,2024-01-12 20:00:00+00:00,4,volatility.compression.50.2.1.5,volatility.compression.50.2.1.5,True,0.0,-1.0,1.0,-1.0,-1.0,True,False,True,False,True
SQX-EURUSD-H1-ac5da82211be,2024-01-12 21:00:00+00:00,4,volatility.compression.50.2.1.5,volatility.compression.50.2.1.5,True,0.0,-1.0,1.0,-1.0,-1.0,True,False,True,False,True
SQX-EURUSD-H1-ac5da82211be,2024-01-12 22:00:00+00:00,4,volatility.compression.50.2.1.5,volatility.compression.50.2.1.5,True,0.0,-1.0,1.0,-1.0,-1.0,True,False,True,False,True
SQX-EURUSD-H1-ac5da82211be,2024-01-12 23:00:00+00:00,4,volatility.compression.50.2.1.5,volatility.compression.50.2.1.5,True,0.0,-1.0,1.0,-1.0,-1.0,True,False,True,False,True
SQX-EURUSD-H1-ac5da82211be,2024-01-15 00:00:00+00:00,4,volatility.compression.50.2.1.5,volatility.compression.50.2.1.5,True,0.0,-1.0,1.0,-1.0,-1.0,True,False,True,False,True
SQX-EURUSD-H1-ac5da82211be,2024-01-15 01:00:00+00:00,4,volatility.compression.50.2.1.5,volatility.compression.50.2.1.5,True,0.0,-1.0,1.0,-1.0,-1.0,True,False,True,False,True
SQX-EURUSD-H1-ac5da82211be,2024-01-15 02:00:00+00:00,4,volatility.compression.50.2.1.5,volatility.compression.50.2.1.5,True,0.0,-1.0,1.0,-1.0,-1.0,True,False,True,False,True
SQX-EURUSD-H1-ac5da82211be,2024-01-18 09:00:00+00:00,4,volatility.compression.50.2.1.5,volatility.compression.50.2.1.5,True,0.0,-1.0,1.0,-1.0,-1.0,True,False,True,False,True
SQX-EURUSD-H1-ac5da82211be,2024-01-18 10:00:00+00:00,4,volatility.compression.50.2.1.5,volatility.compression.50.2.1.5,True,0.0,-1.0,1.0,-1.0,-1.0,True,False,True,False,True
SQX-EURUSD-H1-ac5da82211be,2024-01-18 15:00:00+00:00,4,volatility.compression.50.2.1.5,volatility.compression.50.2.1.5,True,0.0,-1.0,1.0,-1.0,-1.0,True,False,True,False,True
SQX-EURUSD-H1-ac5da82211be,2024-01-18 16:00:00+00:00,4,volatility.compression.50.2.1.5,volatility.compression.50.2.1.5,True,0.0,-1.0,1.0,-1.0,-1.0,True,False,True,False,True
SQX-EURUSD-H1-ac5da82211be,2024-01-18 17:00:00+00:00,4,volatility.compression.50.2.1.5,volatility.compression.50.2.1.5,True,0.0,-1.0,1.0,-1.0,-1.0,True,False,True,False,True
SQX-EURUSD-H1-ac5da82211be,2024-01-18 18:00:00+00:00,4,volatility.compression.50.2.1.5,volatility.compression.50.2.1.5,True,0.0,-1.0,1.0,-1.0,-1.0,True,False,True,False,True
SQX-EURUSD-H1-ac5da82211be,2024-01-18 19:00:00+00:00,4,volatility.compression.50.2.1.5,volatility.compression.50.2.1.5,True,0.0,-1.0,1.0,-1.0,-1.0,True,False,True,False,True
SQX-EURUSD-H1-ac5da82211be,2024-01-18 20:00:00+00:00,4,volatility.compression.50.2.1.5,volatility.compression.50.2.1.5,True,0.0,-1.0,1.0,-1.0,-1.0,True,False,True,False,True
SQX-EURUSD-H1-ac5da82211be,2024-01-23 03:00:00+00:00,4,volatility.compression.50.2.1.5,volatility.compression.50.2.1.5,True,0.0,-1.0,1.0,-1.0,-1.0,True,False,True,False,True
SQX-EURUSD-H1-ac5da82211be,2024-01-23 04:00:00+00:00,4,volatility.compression.50.2.1.5,volatility.compression.50.2.1.5,True,0.0,-1.0,1.0,-1.0,-1.0,True,False,True,False,True
SQX-EURUSD-H1-ac5da82211be,2024-01-23 05:00:00+00:00,4,volatility.compression.50.2.1.5,volatility.compression.50.2.1.5,True,0.0,-1.0,1.0,-1.0,-1.0,True,False,True,False,True
SQX-EURUSD-H1-ac5da82211be,2024-01-23 06:00:00+00:00,4,volatility.compression.50.2.1.5,volatility.compression.50.2.1.5,True,0.0,-1.0,1.0,-1.0,-1.0,True,False,True,False,True
SQX-EURUSD-H1-bdc6d699e26f,2024-01-05 03:00:00+00:00,2,volatility.compression.20.2.1.5,volatility.compression.20.2.1.5,True,1.0,0.0,1.0,1.0,1.0,True,True,False,False,True
SQX-EURUSD-H1-bdc6d699e26f,2024-01-05 04:00:00+00:00,2,volatility.compression.20.2.1.5,volatility.compression.20.2.1.5,True,1.0,0.0,1.0,1.0,1.0,True,True,False,False,True
SQX-EURUSD-H1-bdc6d699e26f,2024-01-05 05:00:00+00:00,2,volatility.compression.20.2.1.5,volatility.compression.20.2.1.5,True,1.0,0.0,1.0,1.0,1.0,True,True,False,False,True
SQX-EURUSD-H1-bdc6d699e26f,2024-01-05 07:00:00+00:00,2,volatility.compression.20.2.1.5,volatility.compression.20.2.1.5,True,1.0,0.0,1.0,1.0,1.0,True,True,False,False,True
SQX-EURUSD-H1-bdc6d699e26f,2024-01-08 13:00:00+00:00,2,volatility.compression.20.2.1.5,volatility.compression.20.2.1.5,True,1.0,0.0,1.0,1.0,1.0,True,True,False,False,True
SQX-EURUSD-H1-bdc6d699e26f,2024-01-08 14:00:00+00:00,2,volatility.compression.20.2.1.5,volatility.compression.20.2.1.5,True,1.0,0.0,1.0,1.0,1.0,True,True,False,False,True
SQX-EURUSD-H1-bdc6d699e26f,2024-01-08 15:00:00+00:00,2,volatility.compression.20.2.1.5,volatility.compression.20.2.1.5,True,1.0,0.0,1.0,1.0,1.0,True,True,False,False,True
SQX-EURUSD-H1-bdc6d699e26f,2024-01-08 16:00:00+00:00,2,volatility.compression.20.2.1.5,volatility.compression.20.2.1.5,True,1.0,-1.0,2.0,1.0,1.0,True,True,False,False,True
SQX-EURUSD-H1-bdc6d699e26f,2024-01-10 05:00:00+00:00,2,volatility.compression.20.2.1.5,volatility.compression.20.2.1.5,True,1.0,-1.0,2.0,1.0,1.0,True,True,False,False,True
SQX-EURUSD-H1-bdc6d699e26f,2024-01-10 06:00:00+00:00,2,volatility.compression.20.2.1.5,volatility.compression.20.2.1.5,True,1.0,-1.0,2.0,1.0,1.0,True,True,False,False,True
SQX-EURUSD-H1-bdc6d699e26f,2024-01-10 07:00:00+00:00,2,volatility.compression.20.2.1.5,volatility.compression.20.2.1.5,True,1.0,-1.0,2.0,1.0,1.0,True,True,False,False,True
SQX-EURUSD-H1-bdc6d699e26f,2024-01-10 08:00:00+00:00,2,volatility.compression.20.2.1.5,volatility.compression.20.2.1.5,True,1.0,-1.0,2.0,1.0,1.0,True,True,False,False,True
SQX-EURUSD-H1-bdc6d699e26f,2024-01-10 09:00:00+00:00,2,volatility.compression.20.2.1.5,volatility.compression.20.2.1.5,True,1.0,-1.0,2.0,1.0,1.0,True,True,False,False,True
SQX-EURUSD-H1-bdc6d699e26f,2024-01-10 10:00:00+00:00,2,volatility.compression.20.2.1.5,volatility.compression.20.2.1.5,True,1.0,-1.0,2.0,1.0,1.0,True,True,False,False,True
SQX-EURUSD-H1-bdc6d699e26f,2024-01-15 03:00:00+00:00,2,volatility.compression.20.2.1.5,volatility.compression.20.2.1.5,True,1.0,-1.0,2.0,1.0,1.0,True,True,False,False,True
SQX-EURUSD-H1-bdc6d699e26f,2024-01-15 04:00:00+00:00,2,volatility.compression.20.2.1.5,volatility.compression.20.2.1.5,True,1.0,-1.0,2.0,1.0,1.0,True,True,False,False,True
SQX-EURUSD-H1-bdc6d699e26f,2024-01-15 05:00:00+00:00,2,volatility.compression.20.2.1.5,volatility.compression.20.2.1.5,True,1.0,-1.0,2.0,1.0,1.0,True,True,False,False,True
SQX-EURUSD-H1-bdc6d699e26f,2024-01-15 10:00:00+00:00,2,volatility.compression.20.2.1.5,volatility.compression.20.2.1.5,True,1.0,-1.0,2.0,1.0,1.0,True,True,False,False,True
SQX-EURUSD-H1-bdc6d699e26f,2024-01-15 11:00:00+00:00,2,volatility.compression.20.2.1.5,volatility.compression.20.2.1.5,True,1.0,-1.0,2.0,1.0,1.0,True,True,False,False,True
SQX-EURUSD-H1-bdc6d699e26f,2024-01-17 06:00:00+00:00,2,volatility.compression.20.2.1.5,volatility.compression.20.2.1.5,True,1.0,0.0,1.0,1.0,1.0,True,True,False,False,True
SQX-EURUSD-H1-bdc6d699e26f,2024-01-17 07:00:00+00:00,2,volatility.compression.20.2.1.5,volatility.compression.20.2.1.5,True,1.0,0.0,1.0,1.0,1.0,True,True,False,False,True
SQX-EURUSD-H1-bdc6d699e26f,2024-01-17 08:00:00+00:00,2,volatility.compression.20.2.1.5,volatility.compression.20.2.1.5,True,1.0,0.0,1.0,1.0,1.0,True,True,False,False,True
SQX-EURUSD-H1-bdc6d699e26f,2024-01-17 09:00:00+00:00,2,volatility.compression.20.2.1.5,volatility.compression.20.2.1.5,True,1.0,0.0,1.0,1.0,1.0,True,True,False,False,True
SQX-EURUSD-H1-bdc6d699e26f,2024-01-17 10:00:00+00:00,2,volatility.compression.20.2.1.5,volatility.compression.20.2.1.5,True,1.0,0.0,1.0,1.0,1.0,True,True,False,False,True
SQX-EURUSD-H1-bdc6d699e26f,2024-01-17 11:00:00+00:00,2,volatility.compression.20.2.1.5,volatility.compression.20.2.1.5,True,1.0,0.0,1.0,1.0,1.0,True,True,False,False,True
SQX-EURUSD-H1-bdc6d699e26f,2024-01-17 12:00:00+00:00,2,volatility.compression.20.2.1.5,volatility.compression.20.2.1.5,True,1.0,0.0,1.0,1.0,1.0,True,True,False,False,True
SQX-EURUSD-H1-bdc6d699e26f,2024-01-17 13:00:00+00:00,2,volatility.compression.20.2.1.5,volatility.compression.20.2.1.5,True,1.0,0.0,1.0,1.0,1.0,True,True,False,False,True
SQX-EURUSD-H1-bdc6d699e26f,2024-01-17 14:00:00+00:00,2,volatility.compression.20.2.1.5,volatility.compression.20.2.1.5,True,1.0,0.0,1.0,1.0,1.0,True,True,False,False,True
SQX-EURUSD-H1-bdc6d699e26f,2024-01-17 15:00:00+00:00,2,volatility.compression.20.2.1.5,volatility.compression.20.2.1.5,True,1.0,0.0,1.0,1.0,1.0,True,True,False,False,True
SQX-EURUSD-H1-bdc6d699e26f,2024-01-17 16:00:00+00:00,2,volatility.compression.20.2.1.5,volatility.compression.20.2.1.5,True,1.0,-1.0,2.0,1.0,1.0,True,True,False,False,True
SQX-EURUSD-H1-bdc6d699e26f,2024-01-17 17:00:00+00:00,2,volatility.compression.20.2.1.5,volatility.compression.20.2.1.5,True,1.0,-1.0,2.0,1.0,1.0,True,True,False,False,True
SQX-EURUSD-H1-bdc6d699e26f,2024-01-17 18:00:00+00:00,2,volatility.compression.20.2.1.5,volatility.compression.20.2.1.5,True,1.0,-1.0,2.0,1.0,1.0,True,True,False,False,True
SQX-EURUSD-H1-bdc6d699e26f,2024-01-17 19:00:00+00:00,2,volatility.compression.20.2.1.5,volatility.compression.20.2.1.5,True,1.0,-1.0,2.0,1.0,1.0,True,True,False,False,True
SQX-EURUSD-H1-bdc6d699e26f,2024-01-17 20:00:00+00:00,2,volatility.compression.20.2.1.5,volatility.compression.20.2.1.5,True,1.0,-1.0,2.0,1.0,1.0,True,True,False,False,True
SQX-EURUSD-H1-bdc6d699e26f,2024-01-17 21:00:00+00:00,2,volatility.compression.20.2.1.5,volatility.compression.20.2.1.5,True,1.0,-1.0,2.0,1.0,1.0,True,True,False,False,True
SQX-EURUSD-H1-bdc6d699e26f,2024-01-17 22:00:00+00:00,2,volatility.compression.20.2.1.5,volatility.compression.20.2.1.5,True,1.0,-1.0,2.0,1.0,1.0,True,True,False,False,True
SQX-EURUSD-H1-bdc6d699e26f,2024-01-17 23:00:00+00:00,2,volatility.compression.20.2.1.5,volatility.compression.20.2.1.5,True,1.0,-1.0,2.0,1.0,1.0,True,True,False,False,True
SQX-EURUSD-H1-bdc6d699e26f,2024-01-19 16:00:00+00:00,2,volatility.compression.20.2.1.5,volatility.compression.20.2.1.5,True,1.0,-1.0,2.0,1.0,1.0,True,True,False,False,True
SQX-EURUSD-H1-bdc6d699e26f,2024-01-19 17:00:00+00:00,2,volatility.compression.20.2.1.5,volatility.compression.20.2.1.5,True,1.0,0.0,1.0,1.0,1.0,True,True,False,False,True
SQX-EURUSD-H1-bdc6d699e26f,2024-01-19 23:00:00+00:00,2,volatility.compression.20.2.1.5,volatility.compression.20.2.1.5,True,1.0,-1.0,2.0,1.0,1.0,True,True,False,False,True
SQX-EURUSD-H1-bdc6d699e26f,2024-01-22 00:00:00+00:00,2,volatility.compression.20.2.1.5,volatility.compression.20.2.1.5,True,1.0,-1.0,2.0,1.0,1.0,True,True,False,False,True
SQX-EURUSD-H1-bdc6d699e26f,2024-01-22 01:00:00+00:00,2,volatility.compression.20.2.1.5,volatility.compression.20.2.1.5,True,1.0,0.0,1.0,1.0,1.0,True,True,False,False,True
SQX-EURUSD-H1-bdc6d699e26f,2024-01-22 02:00:00+00:00,2,volatility.compression.20.2.1.5,volatility.compression.20.2.1.5,True,1.0,-1.0,2.0,1.0,1.0,True,True,False,False,True
SQX-EURUSD-H1-bdc6d699e26f,2024-01-22 11:00:00+00:00,2,volatility.compression.20.2.1.5,volatility.compression.20.2.1.5,True,1.0,-1.0,2.0,1.0,1.0,True,True,False,False,True
SQX-EURUSD-H1-bdc6d699e26f,2024-01-22 19:00:00+00:00,2,volatility.compression.20.2.1.5,volatility.compression.20.2.1.5,True,1.0,0.0,1.0,1.0,1.0,True,True,False,False,True
SQX-EURUSD-H1-bdc6d699e26f,2024-01-23 03:00:00+00:00,2,volatility.compression.20.2.1.5,volatility.compression.20.2.1.5,True,1.0,-1.0,2.0,1.0,1.0,True,True,False,False,True
SQX-EURUSD-H1-bdc6d699e26f,2024-01-23 04:00:00+00:00,2,volatility.compression.20.2.1.5,volatility.compression.20.2.1.5,True,1.0,0.0,1.0,1.0,1.0,True,True,False,False,True
SQX-EURUSD-H1-bdc6d699e26f,2024-01-23 06:00:00+00:00,2,volatility.compression.20.2.1.5,volatility.compression.20.2.1.5,True,1.0,-1.0,2.0,1.0,1.0,True,True,False,False,True
SQX-EURUSD-H1-bdc6d699e26f,2024-01-30 17:00:00+00:00,2,volatility.compression.20.2.1.5,volatility.compression.20.2.1.5,True,1.0,-1.0,2.0,1.0,1.0,True,True,False,False,True
