timestamp,open,high,low,close,volume
2020-01-01 00:00:00+00:00,1.1,1.1003,1.0997000000000001,1.1,1
2020-01-01 01:00:00+00:00,1.100899547840298,1.101199547840298,1.1005995478402981,1.100899547840298,1
2020-01-01 02:00:00+00:00,1.101726243037106,1.102026243037106,1.101426243037106,1.101726243037106,1
2020-01-01 03:00:00+00:00,1.1024151662738921,1.102715166273892,1.1021151662738922,1.1024151662738921,1
2020-01-01 04:00:00+00:00,1.1029163918389948,1.1032163918389948,1.1026163918389948,1.1029163918389948,1
2020-01-01 05:00:00+00:00,1.1032003979149898,1.1035003979149898,1.1029003979149898,1.1032003979149898,1
2020-01-01 06:00:00+00:00,1.1032612315787365,1.1035612315787364,1.1029612315787365,1.1032612315787365,1
2020-01-01 07:00:00+00:00,1.1031170803834105,1.1034170803834105,1.1028170803834105,1.1031170803834105,1
2020-01-01 08:00:00+00:00,1.102808187888988,1.103108187888988,1.102508187888988,1.102808187888988,1
2020-01-01 09:00:00+00:00,1.1023923428969227,1.1026923428969226,1.1020923428969227,1.1023923428969227,1
2020-01-01 10:00:00+00:00,1.101938439240104,1.102238439240104,1.101638439240104,1.101938439240104,1
2020-01-01 11:00:00+00:00,1.1015188153771773,1.1018188153771773,1.1012188153771774,1.1015188153771773,1
2020-01-01 12:00:00+00:00,1.1012012173588994,1.1015012173588994,1.1009012173588995,1.1012012173588994,1
2020-01-01 13:00:00+00:00,1.1010412701867818,1.1013412701867817,1.1007412701867818,1.1010412701867818,1
2020-01-01 14:00:00+00:00,1.1010762866075576,1.1013762866075576,1.1007762866075577,1.1010762866075576,1
2020-01-01 15:00:00+00:00,1.1013210951432588,1.1016210951432588,1.1010210951432589,1.1013210951432588,1
2020-01-01 16:00:00+00:00,1.1017663468554495,1.1020663468554495,1.1014663468554495,1.1017663468554495,1
2020-01-01 17:00:00+00:00,1.102379487455743,1.102679487455743,1.1020794874557431,1.102379487455743,1
2020-01-01 18:00:00+00:00,1.1031082879441856,1.1034082879441856,1.1028082879441856,1.1031082879441856,1
2020-01-01 19:00:00+00:00,1.1038865452850777,1.1041865452850776,1.1035865452850777,1.1038865452850777,1
2020-01-01 20:00:00+00:00,1.10464132572457,1.10494132572457,1.10434132572457,1.10464132572457,1
2020-01-01 21:00:00+00:00,1.1053009535160705,1.1056009535160705,1.1050009535160705,1.1053009535160705,1
2020-01-01 22:00:00+00:00,1.1058028657450842,1.1061028657450842,1.1055028657450843,1.1058028657450842,1
2020-01-01 23:00:00+00:00,1.10610046866981,1.10640046866981,1.10580046866981,1.10610046866981,1
2020-01-02 00:00:00+00:00,1.1061682408967706,1.1064682408967705,1.1058682408967706,1.1061682408967706,1
2020-01-02 01:00:00+00:00,1.1060045216931889,1.1063045216931888,1.105704521693189,1.1060045216931889,1
2020-01-02 02:00:00+00:00,1.1056316775551196,1.1059316775551196,1.1053316775551196,1.1056316775551196,1
2020-01-02 03:00:00+00:00,1.1050936287507356,1.1053936287507355,1.1047936287507356,1.1050936287507356,1
2020-01-02 04:00:00+00:00,1.104451008170782,1.1047510081707819,1.104151008170782,1.104451008170782,1
2020-01-02 05:00:00+00:00,1.1037744854507483,1.1040744854507483,1.1034744854507483,1.1037744854507483,1
2020-01-02 06:00:00+00:00,1.1031369912897497,1.1034369912897497,1.1028369912897498,1.1031369912897497,1
2020-01-02 07:00:00+00:00,1.1026056979465286,1.1029056979465286,1.1023056979465287,1.1026056979465286,1
2020-01-02 08:00:00+00:00,1.1022346387168915,1.1025346387168915,1.1019346387168916,1.1022346387168915,1
2020-01-02 09:00:00+00:00,1.1020587788364278,1.1023587788364277,1.1017587788364278,1.1020587788364278,1
2020-01-02 10:00:00+00:00,1.1020901904532718,1.1023901904532718,1.1017901904532719,1.1020901904532718,1
2020-01-02 11:00:00+00:00,1.1023167526696886,1.1026167526696886,1.1020167526696887,1.1023167526696886,1
2020-01-02 12:00:00+00:00,1.102703519659477,1.103003519659477,1.102403519659477,1.102703519659477,1
2020-01-02 13:00:00+00:00,1.1031966061336305,1.1034966061336304,1.1028966061336305,1.1031966061336305,1
2020-01-02 14:00:00+00:00,1.103729162285577,1.104029162285577,1.103429162285577,1.103729162285577,1
2020-01-02 15:00:00+00:00,1.1042287803090558,1.1045287803090558,1.1039287803090558,1.1042287803090558,1
2020-01-02 16:00:00+00:00,1.1046255169703503,1.1049255169703502,1.1043255169703503,1.1046255169703503,1
2020-01-02 17:00:00+00:00,1.104859648883043,1.105159648883043,1.1045596488830431,1.104859648883043,1
2020-01-02 18:00:00+00:00,1.1048883065453228,1.1051883065453227,1.1045883065453228,1.1048883065453228,1
2020-01-02 19:00:00+00:00,1.1046902566192807,1.1049902566192806,1.1043902566192807,1.1046902566192807,1
2020-01-02 20:00:00+00:00,1.1042683057719616,1.1045683057719615,1.1039683057719616,1.1042683057719616,1
2020-01-02 21:00:00+00:00,1.1036490612191538,1.1039490612191538,1.1033490612191539,1.1036490612191538,1
2020-01-02 22:00:00+00:00,1.102880074092247,1.103180074092247,1.1025800740922471,1.102880074092247,1
2020-01-02 23:00:00+00:00,1.102024679853151,1.102324679853151,1.101724679853151,1.102024679853151,1
2020-01-03 00:00:00+00:00,1.1011551034960103,1.1014551034960103,1.1008551034960103,1.1011551034960103,1
2020-01-03 01:00:00+00:00,1.1003445882889344,1.1006445882889344,1.1000445882889345,1.1003445882889344,1
2020-01-03 02:00:00+00:00,1.0996594142961953,1.0999594142961953,1.0993594142961953,1.0996594142961953,1
2020-01-03 03:00:00+00:00,1.0991516850484806,1.0994516850484806,1.0988516850484806,1.0991516850484806,1
2020-01-03 04:00:00+00:00,1.0988536761608414,1.0991536761608414,1.0985536761608414,1.0988536761608414,1
2020-01-03 05:00:00+00:00,1.0987743677447124,1.0990743677447123,1.0984743677447124,1.0987743677447124,1
2020-01-03 06:00:00+00:00,1.0988985420514694,1.0991985420514694,1.0985985420514695,1.0988985420514694,1
2020-01-03 07:00:00+00:00,1.0991885453861492,1.0994885453861492,1.0988885453861492,1.0991885453861492,1
2020-01-03 08:00:00+00:00,1.0995885200293662,1.0998885200293662,1.0992885200293663,1.0995885200293662,1
2020-01-03 09:00:00+00:00,1.1000306399914483,1.1003306399914483,1.0997306399914484,1.1000306399914483,1
2020-01-03 10:00:00+00:00,1.1004426638293383,1.1007426638293383,1.1001426638293383,1.1004426638293383,1
2020-01-03 11:00:00+00:00,1.1007559727681546,1.1010559727681546,1.1004559727681547,1.1007559727681546,1
2020-01-03 12:00:00+00:00,1.1009132089466767,1.1012132089466766,1.1006132089466767,1.1009132089466767,1
2020-01-03 13:00:00+00:00,1.1008746726305312,1.1011746726305311,1.1005746726305312,1.1008746726305312,1
2020-01-03 14:00:00+00:00,1.1006227738619794,1.1009227738619793,1.1003227738619794,1.1006227738619794,1
2020-01-03 15:00:00+00:00,1.1001640482004118,1.1004640482004118,1.0998640482004118,1.1001640482004118,1
2020-01-03 16:00:00+00:00,1.0995285143741051,1.0998285143741051,1.0992285143741052,1.0995285143741051,1
2020-01-03 17:00:00+00:00,1.0987664442900626,1.0990664442900626,1.0984664442900627,1.0987664442900626,1
2020-01-03 18:00:00+00:00,1.0979429007207366,1.0982429007207366,1.0976429007207367,1.0979429007207366,1
2020-01-03 19:00:00+00:00,1.0971306437436341,1.097430643743634,1.0968306437436341,1.0971306437436341,1
2020-01-03 20:00:00+00:00,1.0964021865977531,1.096702186597753,1.0961021865977532,1.0964021865977531,1
2020-01-03 21:00:00+00:00,1.0958218752693178,1.0961218752693178,1.0955218752693179,1.0958218752693178,1
2020-01-03 22:00:00+00:00,1.0954388635189285,1.0957388635189285,1.0951388635189285,1.0954388635189285,1
2020-01-03 23:00:00+00:00,1.09528175649924,1.09558175649924,1.0949817564992401,1.09528175649924,1
2020-01-04 00:00:00+00:00,1.0953555124370074,1.0956555124370073,1.0950555124370074,1.0953555124370074,1
2020-01-04 01:00:00+00:00,1.09564094328584,1.09594094328584,1.09534094328584,1.09564094328584,1
2020-01-04 02:00:00+00:00,1.0960968691600592,1.0963968691600592,1.0957968691600593,1.0960968691600592,1
2020-01-04 03:00:00+00:00,1.096664689230799,1.096964689230799,1.096364689230799,1.096664689230799,1
2020-01-04 04:00:00+00:00,1.097274865762256,1.097574865762256,1.096974865762256,1.097274865762256,1
2020-01-04 05:00:00+00:00,1.097854607371972,1.098154607371972,1.097554607371972,1.097854607371972,1
2020-01-04 06:00:00+00:00,1.0983359055976532,1.0986359055976531,1.0980359055976532,1.0983359055976532,1
2020-01-04 07:00:00+00:00,1.0986630399757542,1.0989630399757542,1.0983630399757542,1.0986630399757542,1
2020-01-04 08:00:00+00:00,1.0987987253636629,1.0990987253636628,1.0984987253636629,1.0987987253636629,1
2020-01-04 09:00:00+00:00,1.0987282247248047,1.0990282247248047,1.0984282247248047,1.0987282247248047,1
2020-01-04 10:00:00+00:00,1.0984609745877632,1.0987609745877631,1.0981609745877632,1.0984609745877632,1
2020-01-04 11:00:00+00:00,1.0980295442281727,1.0983295442281726,1.0977295442281727,1.0980295442281727,1
2020-01-04 12:00:00+00:00,1.097486043159872,1.097786043159872,1.0971860431598721,1.097486043159872,1
2020-01-04 13:00:00+00:00,1.096896372445139,1.097196372445139,1.096596372445139,1.096896372445139,1
2020-01-04 14:00:00+00:00,1.0963329527169332,1.0966329527169332,1.0960329527169332,1.0963329527169332,1
2020-01-04 15:00:00+00:00,1.0958667295163254,1.0961667295163253,1.0955667295163254,1.0958667295163254,1
2020-01-04 16:00:00+00:00,1.095559336123041,1.0958593361230409,1.095259336123041,1.095559336123041,1
2020-01-04 17:00:00+00:00,1.0954562767361675,1.0957562767361675,1.0951562767361676,1.0954562767361675,1
2020-01-04 18:00:00+00:00,1.095581880552313,1.095881880552313,1.095281880552313,1.095581880552313,1
2020-01-04 19:00:00+00:00,1.0959365823535099,1.0962365823535098,1.09563658235351,1.0959365823535099,1
2020-01-04 20:00:00+00:00,1.0964968291165504,1.0967968291165504,1.0961968291165505,1.0964968291165504,1
2020-01-04 21:00:00+00:00,1.0972176230822575,1.0975176230822574,1.0969176230822575,1.0972176230822575,1
2020-01-04 22:00:00+00:00,1.0980374215003308,1.0983374215003308,1.0977374215003308,1.0980374215003308,1
2020-01-04 23:00:00+00:00,1.0988848538423297,1.0991848538423297,1.0985848538423297,1.0988848538423297,1
2020-01-05 00:00:00+00:00,1.0996865172108576,1.0999865172108576,1.0993865172108577,1.0996865172108576,1
2020-01-05 01:00:00+00:00,1.1003749919914274,1.1006749919914274,1.1000749919914274,1.1003749919914274,1
2020-01-05 02:00:00+00:00,1.1008961955598966,1.1011961955598966,1.1005961955598966,1.1008961955598966,1
2020-01-05 03:00:00+00:00,1.101215264740554,1.101515264740554,1.100915264740554,1.101215264740554,1
2020-01-05 04:00:00+00:00,1.101320319684548,1.101620319684548,1.101020319684548,1.101320319684548,1
2020-01-05 05:00:00+00:00,1.1012236950741645,1.1015236950741645,1.1009236950741645,1.1012236950741645,1
2020-01-05 06:00:00+00:00,1.1009605033794445,1.1012605033794445,1.1006605033794445,1.1009605033794445,1
2020-01-05 07:00:00+00:00,1.100584688605454,1.100884688605454,1.100284688605454,1.100584688605454,1
2020-01-05 08:00:00+00:00,1.1001630052374995,1.1004630052374995,1.0998630052374996,1.1001630052374995,1
2020-01-05 09:00:00+00:00,1.0997675855044065,1.1000675855044064,1.0994675855044065,1.0997675855044065,1
2020-01-05 10:00:00+00:00,1.099467913491462,1.099767913491462,1.099167913491462,1.099467913491462,1
2020-01-05 11:00:00+00:00,1.0993230899361808,1.0996230899361807,1.0990230899361808,1.0993230899361808,1
2020-01-05 12:00:00+00:00,1.0993752395428047,1.0996752395428047,1.0990752395428047,1.0993752395428047,1
2020-01-05 13:00:00+00:00,1.0996447868778974,1.0999447868778973,1.0993447868778974,1.0996447868778974,1
2020-01-05 14:00:00+00:00,1.1001281212054215,1.1004281212054214,1.0998281212054215,1.1001281212054215,1
2020-01-05 15:00:00+00:00,1.1007979076304366,1.1010979076304366,1.1004979076304366,1.1007979076304366,1
2020-01-05 16:00:00+00:00,1.1016060105975218,1.1019060105975218,1.1013060105975219,1.1016060105975218,1
2020-01-05 17:00:00+00:00,1.1024887082037862,1.1027887082037862,1.1021887082037862,1.1024887082037862,1
2020-01-05 18:00:00+00:00,1.1033736235961995,1.1036736235961995,1.1030736235961995,1.1033736235961995,1
2020-01-05 19:00:00+00:00,1.1041876106915227,1.1044876106915227,1.1038876106915227,1.1041876106915227,1
2020-01-05 20:00:00+00:00,1.1048647263941713,1.1051647263941713,1.1045647263941714,1.1048647263941713,1
2020-01-05 21:00:00+00:00,1.1053534119588315,1.1056534119588315,1.1050534119588316,1.1053534119588315,1
2020-01-05 22:00:00+00:00,1.1056220931995884,1.1059220931995883,1.1053220931995884,1.1056220931995884,1
2020-01-05 23:00:00+00:00,1.1056625833021745,1.1059625833021745,1.1053625833021745,1.1056625833021745,1
2020-01-06 00:00:00+00:00,1.1054909138897424,1.1057909138897424,1.1051909138897424,1.1054909138897424,1
2020-01-06 01:00:00+00:00,1.1051455030961612,1.1054455030961612,1.1048455030961613,1.1051455030961612,1
2020-01-06 02:00:00+00:00,1.1046828625485192,1.1049828625485192,1.1043828625485193,1.1046828625485192,1
2020-01-06 03:00:00+00:00,1.104171316080815,1.104471316080815,1.1038713160808151,1.104171316080815,1
2020-01-06 04:00:00+00:00,1.103683421869249,1.103983421869249,1.103383421869249,1.103683421869249,1
2020-01-06 05:00:00+00:00,1.1032879324016887,1.1035879324016886,1.1029879324016887,1.1032879324016887,1
2020-01-06 06:00:00+00:00,1.1030421775581907,1.1033421775581906,1.1027421775581907,1.1030421775581907,1
2020-01-06 07:00:00+00:00,1.1029857094864088,1.1032857094864088,1.1026857094864089,1.1029857094864088,1
2020-01-06 08:00:00+00:00,1.1031359090346853,1.1034359090346852,1.1028359090346853,1.1031359090346853,1
2020-01-06 09:00:00+00:00,1.1034860375498803,1.1037860375498803,1.1031860375498803,1.1034860375498803,1
2020-01-06 10:00:00+00:00,1.1040059486303564,1.1043059486303564,1.1037059486303564,1.1040059486303564,1
2020-01-06 11:00:00+00:00,1.104645381584052,1.104945381584052,1.104345381584052,1.104645381584052,1
2020-01-06 12:00:00+00:00,1.1053394741149847,1.1056394741149846,1.1050394741149847,1.1053394741149847,1
2020-01-06 13:00:00+00:00,1.106015887438263,1.106315887438263,1.105715887438263,1.106015887438263,1
2020-01-06 14:00:00+00:00,1.1066027595004393,1.1069027595004393,1.1063027595004393,1.1066027595004393,1
2020-01-06 15:00:00+00:00,1.1070366108016778,1.1073366108016778,1.1067366108016778,1.1070366108016778,1
2020-01-06 16:00:00+00:00,1.1072693325165013,1.1075693325165012,1.1069693325165013,1.1072693325165013,1
2020-01-06 17:00:00+00:00,1.1072734876184276,1.1075734876184276,1.1069734876184276,1.1072734876184276,1
2020-01-06 18:00:00+00:00,1.1070453414109778,1.1073453414109777,1.1067453414109778,1.1070453414109778,1
2020-01-06 19:00:00+00:00,1.1066052878107755,1.1069052878107755,1.1063052878107755,1.1066052878107755,1
2020-01-06 20:00:00+00:00,1.1059956244024953,1.1062956244024953,1.1056956244024954,1.1059956244024953,1
2020-01-06 21:00:00+00:00,1.1052759211315346,1.1055759211315346,1.1049759211315346,1.1052759211315346,1
2020-01-06 22:00:00+00:00,1.1045164923902753,1.1048164923902752,1.1042164923902753,1.1045164923902753,1
2020-01-06 23:00:00+00:00,1.1037906910270916,1.1040906910270916,1.1034906910270916,1.1037906910270916,1
2020-01-07 00:00:00+00:00,1.1031668724808004,1.1034668724808003,1.1028668724808004,1.1031668724808004,1
2020-01-07 01:00:00+00:00,1.1027009135418926,1.1030009135418926,1.1024009135418926,1.1027009135418926,1
2020-01-07 02:00:00+00:00,1.1024301091696755,1.1027301091696755,1.1021301091696756,1.1024301091696755,1
2020-01-07 03:00:00+00:00,1.1023691190746618,1.1026691190746618,1.1020691190746619,1.1023691190746618,1
2020-01-07 04:00:00+00:00,1.1025084101104703,1.1028084101104703,1.1022084101104703,1.1025084101104703,1
2020-01-07 05:00:00+00:00,1.1028153657517654,1.1031153657517654,1.1025153657517655,1.1028153657517654,1
2020-01-07 06:00:00+00:00,1.10323794031253,1.10353794031253,1.1029379403125301,1.10323794031253,1
2020-01-07 07:00:00+00:00,1.103710455406041,1.104010455406041,1.103410455406041,1.103710455406041,1
2020-01-07 08:00:00+00:00,1.1041609003052157,1.1044609003052157,1.1038609003052158,1.1041609003052157,1
2020-01-07 09:00:00+00:00,1.1045189322926539,1.1048189322926538,1.1042189322926539,1.1045189322926539,1
2020-01-07 10:00:00+00:00,1.1047236960205633,1.1050236960205633,1.1044236960205633,1.1047236960205633,1
2020-01-07 11:00:00+00:00,1.1047306008161408,1.1050306008161408,1.1044306008161409,1.1047306008161408,1
2020-01-07 12:00:00+00:00,1.104516309575505,1.104816309575505,1.104216309575505,1.104516309575505,1
2020-01-07 13:00:00+00:00,1.1040813897612487,1.1043813897612487,1.1037813897612487,1.1040813897612487,1
2020-01-07 14:00:00+00:00,1.1034503343822826,1.1037503343822825,1.1031503343822826,1.1034503343822826,1
2020-01-07 15:00:00+00:00,1.1026689503577078,1.1029689503577078,1.1023689503577079,1.1026689503577078,1
2020-01-07 16:00:00+00:00,1.1017994014765637,1.1020994014765637,1.1014994014765638,1.1017994014765637,1
2020-01-07 17:00:00+00:00,1.1009134513583854,1.1012134513583853,1.1006134513583854,1.1009134513583854,1
2020-01-07 18:00:00+00:00,1.1000846499721044,1.1003846499721044,1.0997846499721045,1.1000846499721044,1
2020-01-07 19:00:00+00:00,1.0993803235691104,1.0996803235691104,1.0990803235691105,1.0993803235691104,1
2020-01-07 20:00:00+00:00,1.0988542495274325,1.0991542495274325,1.0985542495274325,1.0988542495274325,1
2020-01-07 21:00:00+00:00,1.0985408222056106,1.0988408222056105,1.0982408222056106,1.0985408222056106,1
2020-01-07 22:00:00+00:00,1.0984513517672092,1.0987513517672092,1.0981513517672092,1.0984513517672092,1
2020-01-07 23:00:00+00:00,1.098572903129376,1.098872903129376,1.098272903129376,1.098572903129376,1
2020-01-08 00:00:00+00:00,1.0988698025603627,1.0991698025603627,1.0985698025603627,1.0988698025603627,1
2020-01-08 01:00:00+00:00,1.0992876457847356,1.0995876457847356,1.0989876457847356,1.0992876457847356,1
2020-01-08 02:00:00+00:00,1.0997593660796467,1.1000593660796467,1.0994593660796468,1.0997593660796467,1
2020-01-08 03:00:00+00:00,1.100212694075992,1.100512694075992,1.099912694075992,1.100212694075992,1
2020-01-08 04:00:00+00:00,1.1005781877787135,1.1008781877787135,1.1002781877787136,1.1005781877787135,1
2020-01-08 05:00:00+00:00,1.1007969485560032,1.1010969485560032,1.1004969485560032,1.1007969485560032,1
2020-01-08 06:00:00+00:00,1.1008271734272448,1.1011271734272448,1.1005271734272448,1.1008271734272448,1
2020-01-08 07:00:00+00:00,1.1006488220973223,1.1009488220973223,1.1003488220973223,1.1006488220973223,1
2020-01-08 08:00:00+00:00,1.1002658847364362,1.1005658847364361,1.0999658847364362,1.1002658847364362,1
2020-01-08 09:00:00+00:00,1.099706000641211,1.100006000641211,1.099406000641211,1.099706000641211,1
2020-01-08 10:00:00+00:00,1.099017469556844,1.099317469556844,1.098717469556844,1.099017469556844,1
2020-01-08 11:00:00+00:00,1.0982639844853193,1.0985639844853192,1.0979639844853193,1.0982639844853193,1
2020-01-08 12:00:00+00:00,1.097517665651577,1.097817665651577,1.097217665651577,1.097517665651577,1
2020-01-08 13:00:00+00:00,1.0968511623331698,1.0971511623331698,1.0965511623331698,1.0968511623331698,1
2020-01-08 14:00:00+00:00,1.0963296918894894,1.0966296918894893,1.0960296918894894,1.0963296918894894,1
2020-01-08 15:00:00+00:00,1.0960038922558775,1.0963038922558774,1.0957038922558775,1.0960038922558775,1
2020-01-08 16:00:00+00:00,1.095904274632957,1.096204274632957,1.095604274632957,1.095904274632957,1
2020-01-08 17:00:00+00:00,1.0960378869588556,1.0963378869588556,1.0957378869588557,1.0960378869588556,1
2020-01-08 18:00:00+00:00,1.096387555392428,1.096687555392428,1.096087555392428,1.096387555392428,1
2020-01-08 19:00:00+00:00,1.0969137872495693,1.0972137872495693,1.0966137872495694,1.0969137872495693,1
2020-01-08 20:00:00+00:00,1.097559125863102,1.0978591258631019,1.097259125863102,1.097559125863102,1
2020-01-08 21:00:00+00:00,1.0982544779315346,1.0985544779315346,1.0979544779315347,1.0982544779315346,1
2020-01-08 22:00:00+00:00,1.0989267167959995,1.0992267167959995,1.0986267167959995,1.0989267167959995,1
2020-01-08 23:00:00+00:00,1.099506724640359,1.099806724640359,1.099206724640359,1.099506724640359,1
2020-01-09 00:00:00+00:00,1.0999369883077554,1.1002369883077554,1.0996369883077555,1.0999369883077554,1
2020-01-09 01:00:00+00:00,1.1001779125850246,1.1004779125850246,1.0998779125850247,1.1001779125850246,1
2020-01-09 02:00:00+00:00,1.1002121560127263,1.1005121560127262,1.0999121560127263,1.1002121560127263,1
2020-01-09 03:00:00+00:00,1.100046511988166,1.100346511988166,1.099746511988166,1.100046511988166,1
2020-01-09 04:00:00+00:00,1.0997111281747787,1.1000111281747786,1.0994111281747787,1.0997111281747787,1
2020-01-09 05:00:00+00:00,1.099256150263285,1.099556150263285,1.098956150263285,1.099256150263285,1
2020-01-09 06:00:00+00:00,1.098746159689269,1.0990461596892689,1.098446159689269,1.098746159689269,1
2020-01-09 07:00:00+00:00,1.098253017782263,1.0985530177822629,1.097953017782263,1.098253017782263,1
2020-01-09 08:00:00+00:00,1.0978479042663938,1.0981479042663937,1.0975479042663938,1.0978479042663938,1
2020-01-09 09:00:00+00:00,1.097593426737968,1.0978934267379679,1.097293426737968,1.097593426737968,1
2020-01-09 10:00:00+00:00,1.09753666994586,1.09783666994586,1.09723666994586,1.09753666994586,1
2020-01-09 11:00:00+00:00,1.0977039502547001,1.0980039502547,1.0974039502547002,1.0977039502547001,1
2020-01-09 12:00:00+00:00,1.0980978529666199,1.0983978529666198,1.09779785296662,1.0980978529666199,1
2020-01-09 13:00:00+00:00,1.098696878878234,1.098996878878234,1.0983968788782341,1.098696878878234,1
2020-01-09 14:00:00+00:00,1.0994577392201526,1.0997577392201525,1.0991577392201526,1.0994577392201526,1
2020-01-09 15:00:00+00:00,1.1003200465865153,1.1006200465865152,1.1000200465865153,1.1003200465865153,1
2020-01-09 16:00:00+00:00,1.1012128857063046,1.1015128857063046,1.1009128857063046,1.1012128857063046,1
2020-01-09 17:00:00+00:00,1.1020625409723115,1.1023625409723115,1.1017625409723115,1.1020625409723115,1
2020-01-09 18:00:00+00:00,1.1028005303083366,1.1031005303083365,1.1025005303083366,1.1028005303083366,1
2020-01-09 19:00:00+00:00,1.1033710612383354,1.1036710612383354,1.1030710612383354,1.1033710612383354,1
2020-01-09 20:00:00+00:00,1.1037370886344975,1.1040370886344975,1.1034370886344975,1.1037370886344975,1
2020-01-09 21:00:00+00:00,1.1038843075617195,1.1041843075617195,1.1035843075617195,1.1038843075617195,1
2020-01-09 22:00:00+00:00,1.1038226419568644,1.1041226419568644,1.1035226419568644,1.1038226419568644,1
2020-01-09 23:00:00+00:00,1.103585065557731,1.103885065557731,1.103285065557731,1.103585065557731,1
2020-01-10 00:00:00+00:00,1.1032238851805782,1.1035238851805782,1.1029238851805783,1.1032238851805782,1
2020-01-10 01:00:00+00:00,1.1028048958058814,1.1031048958058813,1.1025048958058814,1.1028048958058814,1
2020-01-10 02:00:00+00:00,1.102400051215949,1.102700051215949,1.1021000512159491,1.102400051215949,1
2020-01-10 03:00:00+00:00,1.1020794573437336,1.1023794573437335,1.1017794573437336,1.1020794573437336,1
2020-01-10 04:00:00+00:00,1.1019035700497923,1.1022035700497923,1.1016035700497924,1.1019035700497923,1
2020-01-10 05:00:00+00:00,1.1019164565361859,1.1022164565361858,1.101616456536186,1.1019164565361859,1
2020-01-10 06:00:00+00:00,1.1021408625099547,1.1024408625099547,1.1018408625099547,1.1021408625099547,1
2020-01-10 07:00:00+00:00,1.102575628415388,1.102875628415388,1.102275628415388,1.102575628415388,1
2020-01-10 08:00:00+00:00,1.1031957394480028,1.1034957394480027,1.1028957394480028,1.1031957394480028,1
2020-01-10 09:00:00+00:00,1.1039550041129416,1.1042550041129415,1.1036550041129416,1.1039550041129416,1
2020-01-10 10:00:00+00:00,1.104791066715948,1.105091066715948,1.104491066715948,1.104791066715948,1
2020-01-10 11:00:00+00:00,1.1056322022322624,1.1059322022322624,1.1053322022322625,1.1056322022322624,1
2020-01-10 12:00:00+00:00,1.1064051457736257,1.1067051457736257,1.1061051457736257,1.1064051457736257,1
2020-01-10 13:00:00+00:00,1.1070430949677537,1.1073430949677536,1.1067430949677537,1.1070430949677537,1
2020-01-10 14:00:00+00:00,1.107493004517633,1.107793004517633,1.107193004517633,1.107493004517633,1
2020-01-10 15:00:00+00:00,1.1077213701166695,1.1080213701166695,1.1074213701166695,1.1077213701166695,1
2020-01-10 16:00:00+00:00,1.1077178651834345,1.1080178651834345,1.1074178651834345,1.1077178651834345,1
2020-01-10 17:00:00+00:00,1.1074964302406156,1.1077964302406156,1.1071964302406156,1.1074964302406156,1
2020-01-10 18:00:00+00:00,1.1070936951767727,1.1073936951767727,1.1067936951767727,1.1070936951767727,1
2020-01-10 19:00:00+00:00,1.106564908226978,1.106864908226978,1.106264908226978,1.106564908226978,1
2020-01-10 20:00:00+00:00,1.105977819968469,1.1062778199684689,1.105677819968469,1.105977819968469,1
2020-01-10 21:00:00+00:00,1.1054051957358328,1.1057051957358328,1.1051051957358329,1.1054051957358328,1
2020-01-10 22:00:00+00:00,1.1049167808357498,1.1052167808357498,1.1046167808357499,1.1049167808357498,1
2020-01-10 23:00:00+00:00,1.1045716031637085,1.1048716031637085,1.1042716031637085,1.1045716031637085,1
2020-01-11 00:00:00+00:00,1.1044114606647375,1.1047114606647375,1.1041114606647375,1.1044114606647375,1
2020-01-11 01:00:00+00:00,1.1044563106280216,1.1047563106280216,1.1041563106280217,1.1044563106280216,1
2020-01-11 02:00:00+00:00,1.1047020684222981,1.105002068422298,1.1044020684222982,1.1047020684222981,1
2020-01-11 03:00:00+00:00,1.1051210580153608,1.1054210580153607,1.1048210580153608,1.1051210580153608,1
2020-01-11 04:00:00+00:00,1.1056650646787678,1.1059650646787678,1.1053650646787678,1.1056650646787678,1
2020-01-11 05:00:00+00:00,1.1062706537967637,1.1065706537967637,1.1059706537967637,1.1062706537967637,1
2020-01-11 06:00:00+00:00,1.106866170214265,1.107166170214265,1.106566170214265,1.106866170214265,1
2020-01-11 07:00:00+00:00,1.1073796475373199,1.1076796475373198,1.10707964753732,1.1073796475373199,1
2020-01-11 08:00:00+00:00,1.1077467566090782,1.1080467566090781,1.1074467566090782,1.1077467566090782,1
2020-01-11 09:00:00+00:00,1.1079179180546368,1.1082179180546368,1.1076179180546368,1.1079179180546368,1
2020-01-11 10:00:00+00:00,1.1078637957958484,1.1081637957958483,1.1075637957958484,1.1078637957958484,1
2020-01-11 11:00:00+00:00,1.1075785666535807,1.1078785666535806,1.1072785666535807,1.1075785666535807,1
2020-01-11 12:00:00+00:00,1.1070806059608955,1.1073806059608955,1.1067806059608956,1.1070806059608955,1
2020-01-11 13:00:00+00:00,1.1064105135565203,1.1067105135565203,1.1061105135565203,1.1064105135565203,1
2020-01-11 14:00:00+00:00,1.1056266973002744,1.1059266973002744,1.1053266973002744,1.1056266973002744,1
2020-01-11 15:00:00+00:00,1.1047990001207315,1.1050990001207315,1.1044990001207315,1.1047990001207315,1
2020-01-11 16:00:00+00:00,1.1040010719716626,1.1043010719716626,1.1037010719716627,1.1040010719716626,1
2020-01-11 17:00:00+00:00,1.1033023262289303,1.1036023262289303,1.1030023262289304,1.1033023262289303,1
2020-01-11 18:00:00+00:00,1.1027603657945924,1.1030603657945923,1.1024603657945924,1.1027603657945924,1
2020-01-11 19:00:00+00:00,1.1024147124552552,1.1027147124552552,1.1021147124552553,1.1024147124552552,1
2020-01-11 20:00:00+00:00,1.1022825295608543,1.1025825295608542,1.1019825295608543,1.1022825295608543,1
2020-01-11 21:00:00+00:00,1.1023568086433309,1.1026568086433308,1.1020568086433309,1.1023568086433309,1
2020-01-11 22:00:00+00:00,1.102607219340163,1.102907219340163,1.102307219340163,1.102607219340163,1
2020-01-11 23:00:00+00:00,1.102983528786827,1.103283528786827,1.102683528786827,1.102983528786827,1
2020-01-12 00:00:00+00:00,1.1034212137723118,1.1037212137723118,1.1031212137723119,1.1034212137723118,1
2020-01-12 01:00:00+00:00,1.1038486475529359,1.1041486475529358,1.103548647552936,1.1038486475529359,1
2020-01-12 02:00:00+00:00,1.1041950698665606,1.1044950698665605,1.1038950698665606,1.1041950698665606,1
2020-01-12 03:00:00+00:00,1.1043984624656489,1.1046984624656488,1.104098462465649,1.1043984624656489,1
2020-01-12 04:00:00+00:00,1.1044124628855618,1.1047124628855618,1.1041124628855619,1.1044124628855618,1
2020-01-12 05:00:00+00:00,1.1042115550392941,1.104511555039294,1.1039115550392942,1.1042115550392941,1
2020-01-12 06:00:00+00:00,1.1037939649262687,1.1040939649262687,1.1034939649262687,1.1037939649262687,1
2020-01-12 07:00:00+00:00,1.1031819423778144,1.1034819423778144,1.1028819423778145,1.1031819423778144,1
2020-01-12 08:00:00+00:00,1.1024193975240084,1.1027193975240084,1.1021193975240084,1.1024193975240084,1
2020-01-12 09:00:00+00:00,1.1015671518770258,1.1018671518770258,1.1012671518770258,1.1015671518770258,1
2020-01-12 10:00:00+00:00,1.1006963265267877,1.1009963265267877,1.1003963265267878,1.1006963265267877,1
2020-01-12 11:00:00+00:00,1.0998805950268276,1.1001805950268275,1.0995805950268276,1.0998805950268276,1
2020-01-12 12:00:00+00:00,1.0991881535352244,1.0994881535352243,1.0988881535352244,1.0991881535352244,1
2020-01-12 13:00:00+00:00,1.0986742919077963,1.0989742919077963,1.0983742919077963,1.0986742919077963,1
2020-01-12 14:00:00+00:00,1.098375383291297,1.098675383291297,1.098075383291297,1.098375383291297,1
2020-01-12 15:00:00+00:00,1.0983049536151723,1.0986049536151723,1.0980049536151724,1.0983049536151723,1
2020-01-12 16:00:00+00:00,1.0984522634213976,1.0987522634213975,1.0981522634213976,1.0984522634213976,1
2020-01-12 17:00:00+00:00,1.098783557908148,1.099083557908148,1.098483557908148,1.098783557908148,1
2020-01-12 18:00:00+00:00,1.0992458473404056,1.0995458473404056,1.0989458473404057,1.0992458473404056,1
2020-01-12 19:00:00+00:00,1.0997728014337746,1.1000728014337746,1.0994728014337747,1.0997728014337746,1
2020-01-12 20:00:00+00:00,1.100292108610901,1.100592108610901,1.099992108610901,1.100292108610901,1
2020-01-12 21:00:00+00:00,1.1007334897806844,1.1010334897806844,1.1004334897806844,1.1007334897806844,1
2020-01-12 22:00:00+00:00,1.1010364842502263,1.1013364842502262,1.1007364842502263,1.1010364842502263,1
2020-01-12 23:00:00+00:00,1.1011571504787119,1.1014571504787118,1.100857150478712,1.1011571504787119,1
2020-01-13 00:00:00+00:00,1.1010729438581037,1.1013729438581037,1.1007729438581038,1.1010729438581037,1
2020-01-13 01:00:00+00:00,1.1007852344049012,1.1010852344049011,1.1004852344049012,1.1007852344049012,1
2020-01-13 02:00:00+00:00,1.1003191870760967,1.1006191870760966,1.1000191870760967,1.1003191870760967,1
2020-01-13 03:00:00+00:00,1.0997210177771706,1.1000210177771705,1.0994210177771706,1.0997210177771706,1
2020-01-13 04:00:00+00:00,1.0990529270464777,1.0993529270464777,1.0987529270464778,1.0990529270464777,1
2020-01-13 05:00:00+00:00,1.098386269072917,1.0986862690729169,1.098086269072917,1.098386269072917,1
2020-01-13 06:00:00+00:00,1.0977937079862887,1.0980937079862887,1.0974937079862888,1.0977937079862887,1
2020-01-13 07:00:00+00:00,1.0973412248643928,1.0976412248643928,1.0970412248643928,1.0973412248643928,1
2020-01-13 08:00:00+00:00,1.097080855352476,1.097380855352476,1.096780855352476,1.097080855352476,1
2020-01-13 09:00:00+00:00,1.0970449573780205,1.0973449573780205,1.0967449573780206,1.0970449573780205,1
2020-01-13 10:00:00+00:00,1.097242640019275,1.097542640019275,1.096942640019275,1.097242640019275,1
2020-01-13 11:00:00+00:00,1.0976587466905232,1.0979587466905232,1.0973587466905232,1.0976587466905232,1
2020-01-13 12:00:00+00:00,1.0982555046298141,1.098555504629814,1.0979555046298142,1.0982555046298141,1
2020-01-13 13:00:00+00:00,1.0989766591693324,1.0992766591693324,1.0986766591693324,1.0989766591693324,1
2020-01-13 14:00:00+00:00,1.0997536377456532,1.1000536377456531,1.0994536377456532,1.0997536377456532,1
2020-01-13 15:00:00+00:00,1.1005130651777735,1.1008130651777734,1.1002130651777735,1.1005130651777735,1
2020-01-13 16:00:00+00:00,1.1011848030014757,1.1014848030014757,1.1008848030014757,1.1011848030014757,1
2020-01-13 17:00:00+00:00,1.101709627973327,1.102009627973327,1.101409627973327,1.101709627973327,1
2020-01-13 18:00:00+00:00,1.1020457045956302,1.1023457045956302,1.1017457045956303,1.1020457045956302,1
2020-01-13 19:00:00+00:00,1.1021731392902951,1.1024731392902951,1.1018731392902952,1.1021731392902951,1
2020-01-13 20:00:00+00:00,1.1020961150479245,1.1023961150479245,1.1017961150479245,1.1020961150479245,1
2020-01-13 21:00:00+00:00,1.1018423717483987,1.1021423717483987,1.1015423717483988,1.1018423717483987,1
2020-01-13 22:00:00+00:00,1.1014600895671978,1.1017600895671977,1.1011600895671978,1.1014600895671978,1
2020-01-13 23:00:00+00:00,1.1010125187784257,1.1013125187784256,1.1007125187784257,1.1010125187784257,1
2020-01-14 00:00:00+00:00,1.1005709473677197,1.1008709473677196,1.1002709473677197,1.1005709473677197,1
2020-01-14 01:00:00+00:00,1.1002067808632696,1.1005067808632696,1.0999067808632697,1.1002067808632696,1
2020-01-14 02:00:00+00:00,1.099983606535801,1.100283606535801,1.099683606535801,1.099983606535801,1
2020-01-14 03:00:00+00:00,1.0999501158484506,1.1002501158484506,1.0996501158484506,1.0999501158484506,1
2020-01-14 04:00:00+00:00,1.100134664564468,1.100434664564468,1.099834664564468,1.100134664564468,1
2020-01-14 05:00:00+00:00,1.100542069644813,1.100842069644813,1.100242069644813,1.100542069644813,1
2020-01-14 06:00:00+00:00,1.1011529958347281,1.101452995834728,1.1008529958347282,1.1011529958347281,1
2020-01-14 07:00:00+00:00,1.1019259997551671,1.102225999755167,1.1016259997551672,1.1019259997551671,1
2020-01-14 08:00:00+00:00,1.1028020067651398,1.1031020067651398,1.1025020067651399,1.1028020067651398,1
2020-01-14 09:00:00+00:00,1.1037107280503147,1.1040107280503146,1.1034107280503147,1.1037107280503147,1
2020-01-14 10:00:00+00:00,1.1045783118037877,1.1048783118037877,1.1042783118037878,1.1045783118037877,1
2020-01-14 11:00:00+00:00,1.1053353865100164,1.1056353865100164,1.1050353865100164,1.1053353865100164,1
2020-01-14 12:00:00+00:00,1.1059246111782735,1.1062246111782734,1.1056246111782735,1.1059246111782735,1
2020-01-14 13:00:00+00:00,1.1063069016494016,1.1066069016494016,1.1060069016494016,1.1063069016494016,1
2020-01-14 14:00:00+00:00,1.1064656478439627,1.1067656478439627,1.1061656478439628,1.1064656478439627,1
2020-01-14 15:00:00+00:00,1.1064084579866895,1.1067084579866895,1.1061084579866896,1.1064084579866895,1
2020-01-14 16:00:00+00:00,1.1061662380840103,1.1064662380840102,1.1058662380840103,1.1061662380840103,1
2020-01-14 17:00:00+00:00,1.1057897082783779,1.1060897082783778,1.105489708278378,1.1057897082783779,1
2020-01-14 18:00:00+00:00,1.1053437398616996,1.1056437398616996,1.1050437398616997,1.1053437398616996,1
2020-01-14 19:00:00+00:00,1.1049001366387,1.1052001366386999,1.1046001366387,1.1049001366387,1
2020-01-14 20:00:00+00:00,1.1045296555788962,1.1048296555788961,1.1042296555788962,1.1045296555788962,1
2020-01-14 21:00:00+00:00,1.1042941454311197,1.1045941454311197,1.1039941454311197,1.1042941454311197,1
2020-01-14 22:00:00+00:00,1.1042396689790601,1.10453966897906,1.1039396689790602,1.1042396689790601,1
2020-01-14 23:00:00+00:00,1.1043913663208296,1.1046913663208295,1.1040913663208296,1.1043913663208296,1
2020-01-15 00:00:00+00:00,1.1047506248818824,1.1050506248818823,1.1044506248818824,1.1047506248818824,1
2020-01-15 01:00:00+00:00,1.1052948679194528,1.1055948679194527,1.1049948679194528,1.1052948679194528,1
2020-01-15 02:00:00+00:00,1.105979985004487,1.1062799850044869,1.105679985004487,1.105979985004487,1
2020-01-15 03:00:00+00:00,1.1067451371087047,1.1070451371087047,1.1064451371087047,1.1067451371087047,1
2020-01-15 04:00:00+00:00,1.1075194074993875,1.1078194074993875,1.1072194074993875,1.1075194074993875,1
2020-01-15 05:00:00+00:00,1.1082295664320998,1.1085295664320998,1.1079295664320998,1.1082295664320998,1
2020-01-15 06:00:00+00:00,1.1088080950027206,1.1091080950027206,1.1085080950027206,1.1088080950027206,1
2020-01-15 07:00:00+00:00,1.1092005849746407,1.1095005849746407,1.1089005849746407,1.1092005849746407,1
2020-01-15 08:00:00+00:00,1.1093717000773455,1.1096717000773455,1.1090717000773456,1.1093717000773455,1
2020-01-15 09:00:00+00:00,1.1093090426180894,1.1096090426180893,1.1090090426180894,1.1093090426180894,1
2020-01-15 10:00:00+00:00,1.1090244998274565,1.1093244998274565,1.1087244998274566,1.1090244998274565,1
2020-01-15 11:00:00+00:00,1.1085529217887486,1.1088529217887486,1.1082529217887487,1.1085529217887486,1
2020-01-15 12:00:00+00:00,1.1079482765393396,1.1082482765393395,1.1076482765393396,1.1079482765393396,1
2020-01-15 13:00:00+00:00,1.1072777056429413,1.1075777056429412,1.1069777056429413,1.1072777056429413,1
2020-01-15 14:00:00+00:00,1.1066141346430924,1.1069141346430924,1.1063141346430925,1.1066141346430924,1
2020-01-15 15:00:00+00:00,1.1060282518780324,1.1063282518780324,1.1057282518780325,1.1060282518780324,1
2020-01-15 16:00:00+00:00,1.105580738654123,1.105880738654123,1.105280738654123,1.105580738654123,1
2020-01-15 17:00:00+00:00,1.1053156060863467,1.1056156060863467,1.1050156060863467,1.1053156060863467,1
2020-01-15 18:00:00+00:00,1.105255372068343,1.1055553720683429,1.104955372068343,1.105255372068343,1
2020-01-15 19:00:00+00:00,1.1053986092445227,1.1056986092445227,1.1050986092445227,1.1053986092445227,1
2020-01-15 20:00:00+00:00,1.1057201338255,1.1060201338255,1.1054201338255,1.1057201338255,1
2020-01-15 21:00:00+00:00,1.1061738143512683,1.1064738143512682,1.1058738143512683,1.1061738143512683,1
2020-01-15 22:00:00+00:00,1.1066976910704935,1.1069976910704935,1.1063976910704936,1.1066976910704935,1
2020-01-15 23:00:00+00:00,1.107220842221736,1.107520842221736,1.106920842221736,1.107220842221736,1
2020-01-16 00:00:00+00:00,1.10767124117747,1.10797124117747,1.10737124117747,1.10767124117747,1
2020-01-16 01:00:00+00:00,1.1079837393167824,1.1082837393167824,1.1076837393167824,1.1079837393167824,1
2020-01-16 02:00:00+00:00,1.108107295637459,1.1084072956374589,1.107807295637459,1.108107295637459,1
2020-01-16 03:00:00+00:00,1.108010657028171,1.1083106570281709,1.107710657028171,1.108010657028171,1
2020-01-16 04:00:00+00:00,1.107685863669428,1.107985863669428,1.107385863669428,1.107685863669428,1
2020-01-16 05:00:00+00:00,1.1071491934429587,1.1074491934429587,1.1068491934429587,1.1071491934429587,1
2020-01-16 06:00:00+00:00,1.1064394411474456,1.1067394411474456,1.1061394411474457,1.1064394411474456,1
2020-01-16 07:00:00+00:00,1.105613721708811,1.1059137217088109,1.105313721708811,1.105613721708811,1
2020-01-16 08:00:00+00:00,1.1047412591373897,1.1050412591373897,1.1044412591373898,1.1047412591373897,1
2020-01-16 09:00:00+00:00,1.1038958447168337,1.1041958447168336,1.1035958447168337,1.1038958447168337,1
2020-01-16 10:00:00+00:00,1.1031477944008075,1.1034477944008074,1.1028477944008075,1.1031477944008075,1
2020-01-16 11:00:00+00:00,1.1025562905169055,1.1028562905169055,1.1022562905169055,1.1025562905169055,1
2020-01-16 12:00:00+00:00,1.1021629505643515,1.1024629505643515,1.1018629505643516,1.1021629505643515,1
2020-01-16 13:00:00+00:00,1.1019873308011159,1.1022873308011158,1.101687330801116,1.1019873308011159,1
2020-01-16 14:00:00+00:00,1.1020248593186701,1.10232485931867,1.1017248593186701,1.1020248593186701,1
2020-01-16 15:00:00+00:00,1.1022474258468347,1.1025474258468346,1.1019474258468347,1.1022474258468347,1
2020-01-16 16:00:00+00:00,1.1026065630601647,1.1029065630601647,1.1023065630601647,1.1026065630601647,1
2020-01-16 17:00:00+00:00,1.103038868868135,1.103338868868135,1.102738868868135,1.103038868868135,1
2020-01-16 18:00:00+00:00,1.103473072470351,1.103773072470351,1.103173072470351,1.103473072470351,1
2020-01-16 19:00:00+00:00,1.1038379660035178,1.1041379660035178,1.1035379660035178,1.1038379660035178,1
2020-01-16 20:00:00+00:00,1.1040703283194921,1.1043703283194921,1.1037703283194922,1.1040703283194921,1
2020-01-16 21:00:00+00:00,1.1041219683032664,1.1044219683032663,1.1038219683032664,1.1041219683032664,1
2020-01-16 22:00:00+00:00,1.1039651120704057,1.1042651120704057,1.1036651120704057,1.1039651120704057,1
2020-01-16 23:00:00+00:00,1.1035955407046099,1.1038955407046098,1.10329554070461,1.1035955407046099,1
2020-01-17 00:00:00+00:00,1.1030331328365843,1.1033331328365843,1.1027331328365844,1.1030331328365843,1
2020-01-17 01:00:00+00:00,1.102319752063546,1.102619752063546,1.102019752063546,1.102319752063546,1
2020-01-17 02:00:00+00:00,1.1015147115129813,1.1018147115129813,1.1012147115129813,1.1015147115129813,1
2020-01-17 03:00:00+00:00,1.10068831458609,1.10098831458609,1.10038831458609,1.10068831458609,1
2020-01-17 04:00:00+00:00,1.0999141827121617,1.1002141827121616,1.0996141827121617,1.0999141827121617,1
2020-01-17 05:00:00+00:00,1.0992612144891396,1.0995612144891396,1.0989612144891396,1.0992612144891396,1
2020-01-17 06:00:00+00:00,1.0987860611764664,1.0990860611764663,1.0984860611764664,1.0987860611764664,1
2020-01-17 07:00:00+00:00,1.0985269466754164,1.0988269466754164,1.0982269466754164,1.0985269466754164,1
2020-01-17 08:00:00+00:00,1.0984995121357954,1.0987995121357954,1.0981995121357955,1.0984995121357954,1
2020-01-17 09:00:00+00:00,1.098695142458376,1.098995142458376,1.098395142458376,1.098695142458376,1
2020-01-17 10:00:00+00:00,1.0990819587545526,1.0993819587545526,1.0987819587545526,1.0990819587545526,1
2020-01-17 11:00:00+00:00,1.0996083673548052,1.0999083673548051,1.0993083673548052,1.0996083673548052,1
2020-01-17 12:00:00+00:00,1.1002087745325035,1.1005087745325035,1.0999087745325036,1.1002087745325035,1
2020-01-17 13:00:00+00:00,1.1008108377103554,1.1011108377103553,1.1005108377103554,1.1008108377103554,1
2020-01-17 14:00:00+00:00,1.1013434547877798,1.1016434547877798,1.1010434547877799,1.1013434547877798,1
2020-01-17 15:00:00+00:00,1.1017446119873342,1.1020446119873342,1.1014446119873342,1.1017446119873342,1
2020-01-17 16:00:00+00:00,1.1019682262104415,1.1022682262104415,1.1016682262104416,1.1019682262104415,1
2020-01-17 17:00:00+00:00,1.1019892286004942,1.1022892286004942,1.1016892286004942,1.1019892286004942,1
2020-01-17 18:00:00+00:00,1.1018063296474947,1.1021063296474947,1.1015063296474947,1.1018063296474947,1
2020-01-17 19:00:00+00:00,1.1014421614160483,1.1017421614160483,1.1011421614160484,1.1014421614160483,1
2020-01-17 20:00:00+00:00,1.1009407812384395,1.1012407812384395,1.1006407812384396,1.1009407812384395,1
2020-01-17 21:00:00+00:00,1.1003628116982205,1.1006628116982204,1.1000628116982205,1.1003628116982205,1
2020-01-17 22:00:00+00:00,1.0997787519589002,1.1000787519589001,1.0994787519589002,1.0997787519589002,1
2020-01-17 23:00:00+00:00,1.099261196819297,1.0995611968192969,1.098961196819297,1.099261196819297,1
2020-01-18 00:00:00+00:00,1.098876820138528,1.099176820138528,1.098576820138528,1.098876820138528,1
2020-01-18 01:00:00+00:00,1.098679005230298,1.098979005230298,1.098379005230298,1.098679005230298,1
2020-01-18 02:00:00+00:00,1.0987019336205661,1.099001933620566,1.0984019336205662,1.0987019336205661,1
2020-01-18 03:00:00+00:00,1.0989567830335276,1.0992567830335276,1.0986567830335277,1.0989567830335276,1
2020-01-18 04:00:00+00:00,1.099430453290101,1.0997304532901009,1.099130453290101,1.099430453290101,1
2020-01-18 05:00:00+00:00,1.100086960530579,1.100386960530579,1.099786960530579,1.100086960530579,1
2020-01-18 06:00:00+00:00,1.1008713464426818,1.1011713464426818,1.1005713464426818,1.1008713464426818,1
2020-01-18 07:00:00+00:00,1.1017156723235226,1.1020156723235226,1.1014156723235227,1.1017156723235226,1
2020-01-18 08:00:00+00:00,1.1025464383065435,1.1028464383065435,1.1022464383065436,1.1025464383065435,1
2020-01-18 09:00:00+00:00,1.1032926112067505,1.1035926112067505,1.1029926112067505,1.1032926112067505,1
2020-01-18 10:00:00+00:00,1.1038933774495592,1.1041933774495591,1.1035933774495592,1.1038933774495592,1
2020-01-18 11:00:00+00:00,1.1043047678247142,1.1046047678247142,1.1040047678247142,1.1043047678247142,1
2020-01-18 12:00:00+00:00,1.1045044250139586,1.1048044250139586,1.1042044250139587,1.1045044250139586,1
2020-01-18 13:00:00+00:00,1.104493989305977,1.104793989305977,1.1041939893059771,1.104493989305977,1
2020-01-18 14:00:00+00:00,1.104298840125759,1.104598840125759,1.103998840125759,1.104298840125759,1
2020-01-18 15:00:00+00:00,1.103965222101877,1.104265222101877,1.103665222101877,1.103965222101877,1
2020-01-18 16:00:00+00:00,1.1035550723285157,1.1038550723285157,1.1032550723285157,1.1035550723285157,1
2020-01-18 17:00:00+00:00,1.1031391185519666,1.1034391185519665,1.1028391185519666,1.1031391185519666,1
2020-01-18 18:00:00+00:00,1.10278900836387,1.10308900836387,1.10248900836387,1.10278900836387,1
2020-01-18 19:00:00+00:00,1.1025693361605524,1.1028693361605524,1.1022693361605524,1.1025693361605524,1
2020-01-18 20:00:00+00:00,1.102530445885701,1.102830445885701,1.102230445885701,1.102530445885701,1
2020-01-18 21:00:00+00:00,1.1027028021729968,1.1030028021729967,1.1024028021729968,1.1027028021729968,1
2020-01-18 22:00:00+00:00,1.1030935498475671,1.103393549847567,1.1027935498475672,1.1030935498475671,1
2020-01-18 23:00:00+00:00,1.103685640837494,1.103985640837494,1.103385640837494,1.103685640837494,1
2020-01-19 00:00:00+00:00,1.104439624909664,1.104739624909664,1.104139624909664,1.104439624909664,1
2020-01-19 01:00:00+00:00,1.1052979073923768,1.1055979073923767,1.1049979073923768,1.1052979073923768,1
2020-01-19 02:00:00+00:00,1.1061910054633322,1.1064910054633321,1.1058910054633322,1.1061910054633322,1
2020-01-19 03:00:00+00:00,1.1070451145634699,1.1073451145634698,1.10674511456347,1.1070451145634699,1
2020-01-19 04:00:00+00:00,1.1077901522656253,1.1080901522656252,1.1074901522656253,1.1077901522656253,1
2020-01-19 05:00:00+00:00,1.1083673943599655,1.1086673943599654,1.1080673943599655,1.1083673943599655,1
2020-01-19 06:00:00+00:00,1.1087358628026163,1.1090358628026162,1.1084358628026163,1.1087358628026163,1
2020-01-19 07:00:00+00:00,1.108876762568651,1.109176762568651,1.1085767625686511,1.108876762568651,1
2020-01-19 08:00:00+00:00,1.1087954792304495,1.1090954792304495,1.1084954792304496,1.1087954792304495,1
2020-01-19 09:00:00+00:00,1.1085209176031066,1.1088209176031065,1.1082209176031066,1.1085209176031066,1
2020-01-19 10:00:00+00:00,1.1081022544997245,1.1084022544997245,1.1078022544997246,1.1081022544997245,1
2020-01-19 11:00:00+00:00,1.107603463298751,1.107903463298751,1.107303463298751,1.107603463298751,1
2020-01-19 12:00:00+00:00,1.1070962133060303,1.1073962133060302,1.1067962133060303,1.1070962133060303,1
2020-01-19 13:00:00+00:00,1.1066519257939917,1.1069519257939917,1.1063519257939918,1.1066519257939917,1
2020-01-19 14:00:00+00:00,1.1063338614250735,1.1066338614250735,1.1060338614250735,1.1063338614250735,1
2020-01-19 15:00:00+00:00,1.1061901102973966,1.1064901102973965,1.1058901102973966,1.1061901102973966,1
2020-01-19 16:00:00+00:00,1.1062482564698168,1.1065482564698168,1.1059482564698169,1.1062482564698168,1
2020-01-19 17:00:00+00:00,1.1065123044713252,1.1068123044713252,1.1062123044713252,1.1065123044713252,1
2020-01-19 18:00:00+00:00,1.1069622062709414,1.1072622062709414,1.1066622062709415,1.1069622062709414,1
2020-01-19 19:00:00+00:00,1.1075560408934926,1.1078560408934925,1.1072560408934926,1.1075560408934926,1
2020-01-19 20:00:00+00:00,1.1082346068306117,1.1085346068306117,1.1079346068306117,1.1082346068306117,1
2020-01-19 21:00:00+00:00,1.108927921764172,1.109227921764172,1.1086279217641721,1.108927921764172,1
2020-01-19 22:00:00+00:00,1.1095629141335706,1.1098629141335705,1.1092629141335706,1.1095629141335706,1
2020-01-19 23:00:00+00:00,1.1100714598554473,1.1103714598554473,1.1097714598554473,1.1100714598554473,1
2020-01-20 00:00:00+00:00,1.110397879490406,1.1106978794904059,1.110097879490406,1.110397879490406,1
2020-01-20 01:00:00+00:00,1.1105050705309552,1.1108050705309551,1.1102050705309552,1.1105050705309552,1
2020-01-20 02:00:00+00:00,1.1103785997214286,1.1106785997214286,1.1100785997214286,1.1103785997214286,1
2020-01-20 03:00:00+00:00,1.1100283048751693,1.1103283048751693,1.1097283048751694,1.1100283048751693,1
2020-01-20 04:00:00+00:00,1.1094872298064682,1.1097872298064682,1.1091872298064682,1.1094872298064682,1
2020-01-20 05:00:00+00:00,1.1088080095644142,1.1091080095644141,1.1085080095644142,1.1088080095644142,1
2020-01-20 06:00:00+00:00,1.1080571038249658,1.1083571038249658,1.1077571038249658,1.1080571038249658,1
2020-01-20 07:00:00+00:00,1.1073075131685775,1.1076075131685774,1.1070075131685775,1.1073075131685775,1
2020-01-20 08:00:00+00:00,1.106630779967371,1.1069307799673709,1.106330779967371,1.106630779967371,1
2020-01-20 09:00:00+00:00,1.1060891543442357,1.1063891543442357,1.1057891543442357,1.1060891543442357,1
2020-01-20 10:00:00+00:00,1.1057287874784023,1.1060287874784023,1.1054287874784023,1.1057287874784023,1
2020-01-20 11:00:00+00:00,1.1055747014202326,1.1058747014202326,1.1052747014202327,1.1055747014202326,1
2020-01-20 12:00:00+00:00,1.1056280889943353,1.1059280889943353,1.1053280889943353,1.1056280889943353,1
2020-01-20 13:00:00+00:00,1.1058662408456839,1.1061662408456838,1.105566240845684,1.1058662408456839,1
2020-01-20 14:00:00+00:00,1.1062451074580768,1.1065451074580768,1.1059451074580768,1.1062451074580768,1
2020-01-20 15:00:00+00:00,1.1067042138877095,1.1070042138877094,1.1064042138877095,1.1067042138877095,1
2020-01-20 16:00:00+00:00,1.1071733859414086,1.1074733859414085,1.1068733859414086,1.1071733859414086,1
2020-01-20 17:00:00+00:00,1.1075805471030162,1.1078805471030162,1.1072805471030163,1.1075805471030162,1
2020-01-20 18:00:00+00:00,1.1078597276265385,1.1081597276265385,1.1075597276265385,1.1078597276265385,1
2020-01-20 19:00:00+00:00,1.107958403848566,1.1082584038485659,1.107658403848566,1.107958403848566,1
2020-01-20 20:00:00+00:00,1.10784335949741,1.10814335949741,1.10754335949741,1.10784335949741,1
2020-01-20 21:00:00+00:00,1.1075044234763358,1.1078044234763358,1.1072044234763359,1.1075044234763358,1
2020-01-20 22:00:00+00:00,1.1069556723622282,1.1072556723622282,1.1066556723622283,1.1069556723622282,1
2020-01-20 23:00:00+00:00,1.1062339649548627,1.1065339649548627,1.1059339649548627,1.1062339649548627,1
2020-01-21 00:00:00+00:00,1.1053949699113377,1.1056949699113376,1.1050949699113377,1.1053949699113377,1
2020-01-21 01:00:00+00:00,1.1045071234729384,1.1048071234729384,1.1042071234729385,1.1045071234729384,1
2020-01-21 02:00:00+00:00,1.10364418215702,1.10394418215702,1.10334418215702,1.10364418215702,1
2020-01-21 03:00:00+00:00,1.1028771899596033,1.1031771899596032,1.1025771899596033,1.1028771899596033,1
2020-01-21 04:00:00+00:00,1.1022667440679228,1.1025667440679228,1.1019667440679228,1.1022667440679228,1
2020-01-21 05:00:00+00:00,1.1018564102207156,1.1021564102207155,1.1015564102207156,1.1018564102207156,1
2020-01-21 06:00:00+00:00,1.1016680122951887,1.1019680122951887,1.1013680122951888,1.1016680122951887,1
2020-01-21 07:00:00+00:00,1.1016993143756908,1.1019993143756908,1.1013993143756908,1.1016993143756908,1
2020-01-21 08:00:00+00:00,1.1019243501835705,1.1022243501835705,1.1016243501835705,1.1019243501835705,1
2020-01-21 09:00:00+00:00,1.1022963633144585,1.1025963633144584,1.1019963633144585,1.1022963633144585,1
2020-01-21 10:00:00+00:00,1.1027530343210483,1.1030530343210483,1.1024530343210484,1.1027530343210483,1
2020-01-21 11:00:00+00:00,1.1032234189359496,1.1035234189359495,1.1029234189359496,1.1032234189359496,1
2020-01-21 12:00:00+00:00,1.103635833363826,1.103935833363826,1.1033358333638261,1.103635833363826,1
2020-01-21 13:00:00+00:00,1.1039258183211795,1.1042258183211795,1.1036258183211796,1.1039258183211795,1
2020-01-21 14:00:00+00:00,1.1040433048423253,1.1043433048423252,1.1037433048423253,1.1040433048423253,1
2020-01-21 15:00:00+00:00,1.1039581927546485,1.1042581927546484,1.1036581927546485,1.1039581927546485,1
2020-01-21 16:00:00+00:00,1.103663727480212,1.1039637274802119,1.103363727480212,1.103663727480212,1
2020-01-21 17:00:00+00:00,1.103177303206175,1.1034773032061749,1.102877303206175,1.103177303206175,1
2020-01-21 18:00:00+00:00,1.1025386038000087,1.1028386038000086,1.1022386038000087,1.1025386038000087,1
2020-01-21 19:00:00+00:00,1.1018052859359728,1.1021052859359728,1.1015052859359729,1.1018052859359728,1
2020-01-21 20:00:00+00:00,1.1010466794815856,1.1013466794815856,1.1007466794815857,1.1010466794815856,1
2020-01-21 21:00:00+00:00,1.1003361984794033,1.1006361984794033,1.1000361984794034,1.1003361984794033,1
2020-01-21 22:00:00+00:00,1.0997432980200248,1.1000432980200248,1.0994432980200248,1.0997432980200248,1
2020-01-21 23:00:00+00:00,1.0993258623088482,1.0996258623088482,1.0990258623088482,1.0993258623088482,1
2020-01-22 00:00:00+00:00,1.0991238617767052,1.0994238617767051,1.0988238617767052,1.0991238617767052,1
2020-01-22 01:00:00+00:00,1.0991549773968115,1.0994549773968114,1.0988549773968115,1.0991549773968115,1
2020-01-22 02:00:00+00:00,1.099412673825176,1.099712673825176,1.099112673825176,1.099412673825176,1
2020-01-22 03:00:00+00:00,1.0998669334172515,1.1001669334172515,1.0995669334172515,1.0998669334172515,1
2020-01-22 04:00:00+00:00,1.1004675702653948,1.1007675702653947,1.1001675702653948,1.1004675702653948,1
2020-01-22 05:00:00+00:00,1.1011497593947535,1.1014497593947534,1.1008497593947535,1.1011497593947535,1
2020-01-22 06:00:00+00:00,1.1018411724146226,1.1021411724146226,1.1015411724146227,1.1018411724146226,1
2020-01-22 07:00:00+00:00,1.102469934091533,1.102769934091533,1.102169934091533,1.102469934091533,1
2020-01-22 08:00:00+00:00,1.1029725239558965,1.1032725239558965,1.1026725239558965,1.1029725239558965,1
2020-01-22 09:00:00+00:00,1.103300753122656,1.103600753122656,1.103000753122656,1.103300753122656,1
2020-01-22 10:00:00+00:00,1.1034270483299105,1.1037270483299104,1.1031270483299105,1.1034270483299105,1
2020-01-22 11:00:00+00:00,1.1033474615685364,1.1036474615685363,1.1030474615685364,1.1033474615685364,1
2020-01-22 12:00:00+00:00,1.1030820740736427,1.1033820740736426,1.1027820740736427,1.1030820740736427,1
2020-01-22 13:00:00+00:00,1.1026727503099816,1.1029727503099815,1.1023727503099816,1.1026727503099816,1
2020-01-22 14:00:00+00:00,1.102178489328588,1.102478489328588,1.101878489328588,1.102178489328588,1
2020-01-22 15:00:00+00:00,1.1016688853838923,1.1019688853838923,1.1013688853838923,1.1016688853838923,1
2020-01-22 16:00:00+00:00,1.1012164178601238,1.1015164178601238,1.1009164178601238,1.1012164178601238,1
2020-01-22 17:00:00+00:00,1.1008884194475053,1.1011884194475052,1.1005884194475053,1.1008884194475053,1
2020-01-22 18:00:00+00:00,1.1007396069432767,1.1010396069432766,1.1004396069432767,1.1007396069432767,1
2020-01-22 19:00:00+00:00,1.1008059971290869,1.1011059971290869,1.100505997129087,1.1008059971290869,1
2020-01-22 20:00:00+00:00,1.1011008777116353,1.1014008777116353,1.1008008777116354,1.1011008777116353,1
2020-01-22 21:00:00+00:00,1.1016132770917972,1.1019132770917972,1.1013132770917973,1.1016132770917972,1
2020-01-22 22:00:00+00:00,1.1023091016526785,1.1026091016526784,1.1020091016526785,1.1023091016526785,1
2020-01-22 23:00:00+00:00,1.103134815610976,1.103434815610976,1.102834815610976,1.103134815610976,1
2020-01-23 00:00:00+00:00,1.104023258584971,1.104323258584971,1.103723258584971,1.104023258584971,1
2020-01-23 01:00:00+00:00,1.1049009607085705,1.1052009607085704,1.1046009607085705,1.1049009607085705,1
2020-01-23 02:00:00+00:00,1.1056961502698524,1.1059961502698523,1.1053961502698524,1.1056961502698524,1
2020-01-23 03:00:00+00:00,1.1063465726223942,1.1066465726223942,1.1060465726223943,1.1063465726223942,1
2020-01-23 04:00:00+00:00,1.1068062599000676,1.1071062599000676,1.1065062599000677,1.1068062599000676,1
2020-01-23 05:00:00+00:00,1.1070505065731313,1.1073505065731313,1.1067505065731313,1.1070505065731313,1
2020-01-23 06:00:00+00:00,1.1070785033996036,1.1073785033996035,1.1067785033996036,1.1070785033996036,1
2020-01-23 07:00:00+00:00,1.1069133401071993,1.1072133401071993,1.1066133401071994,1.1069133401071993,1
2020-01-23 08:00:00+00:00,1.1065993768094795,1.1068993768094795,1.1062993768094795,1.1065993768094795,1
2020-01-23 09:00:00+00:00,1.1061972738267811,1.106497273826781,1.1058972738267812,1.1061972738267811,1
2020-01-23 10:00:00+00:00,1.1057772273596695,1.1060772273596695,1.1054772273596696,1.1057772273596695,1
2020-01-23 11:00:00+00:00,1.105411155972402,1.105711155972402,1.105111155972402,1.105411155972402,1
2020-01-23 12:00:00+00:00,1.1051646983431331,1.105464698343133,1.1048646983431332,1.1051646983431331,1
2020-01-23 13:00:00+00:00,1.1050899035114807,1.1053899035114807,1.1047899035114808,1.1050899035114807,1
2020-01-23 14:00:00+00:00,1.1052194186156807,1.1055194186156807,1.1049194186156808,1.1052194186156807,1
2020-01-23 15:00:00+00:00,1.1055628142537175,1.1058628142537175,1.1052628142537175,1.1055628142537175,1
2020-01-23 16:00:00+00:00,1.1061054522740768,1.1064054522740767,1.1058054522740768,1.1061054522740768,1
2020-01-23 17:00:00+00:00,1.1068100209085903,1.1071100209085902,1.1065100209085903,1.1068100209085903,1
2020-01-23 18:00:00+00:00,1.1076205685146,1.1079205685145999,1.1073205685146,1.1076205685146,1
2020-01-23 19:00:00+00:00,1.1084685921226267,1.1087685921226267,1.1081685921226267,1.1084685921226267,1
2020-01-23 20:00:00+00:00,1.109280510770479,1.109580510770479,1.108980510770479,1.109280510770479,1
2020-01-23 21:00:00+00:00,1.109985701148379,1.1102857011483789,1.109685701148379,1.109985701148379,1
2020-01-23 22:00:00+00:00,1.1105242111656721,1.110824211165672,1.1102242111656722,1.1105242111656721,1
2020-01-23 23:00:00+00:00,1.1108533024938718,1.1111533024938718,1.1105533024938719,1.1108533024938718,1
2020-01-24 00:00:00+00:00,1.1109521020413216,1.1112521020413215,1.1106521020413216,1.1109521020413216,1
2020-01-24 01:00:00+00:00,1.1108238504815364,1.1111238504815364,1.1105238504815365,1.1108238504815364,1
2020-01-24 02:00:00+00:00,1.1104955004740584,1.1107955004740584,1.1101955004740585,1.1104955004740584,1
2020-01-24 03:00:00+00:00,1.1100147089638865,1.1103147089638865,1.1097147089638866,1.1100147089638865,1
2020-01-24 04:00:00+00:00,1.1094445548059235,1.1097445548059235,1.1091445548059236,1.1094445548059235,1
2020-01-24 05:00:00+00:00,1.1088565633551641,1.109156563355164,1.1085565633551642,1.1088565633551641,1
2020-01-24 06:00:00+00:00,1.108322806026627,1.108622806026627,1.108022806026627,1.108322806026627,1
2020-01-24 07:00:00+00:00,1.107907944645364,1.1082079446453639,1.107607944645364,1.107907944645364,1
2020-01-24 08:00:00+00:00,1.1076620964677644,1.1079620964677643,1.1073620964677644,1.1076620964677644,1
2020-01-24 09:00:00+00:00,1.1076153053936448,1.1079153053936448,1.1073153053936449,1.1076153053936448,1
2020-01-24 10:00:00+00:00,1.1077742280519007,1.1080742280519007,1.1074742280519008,1.1077742280519007,1
2020-01-24 11:00:00+00:00,1.1081213995981298,1.1084213995981298,1.1078213995981299,1.1081213995981298,1
2020-01-24 12:00:00+00:00,1.10861716005455,1.10891716005455,1.10831716005455,1.10861716005455,1
2020-01-24 13:00:00+00:00,1.109204029116144,1.109504029116144,1.108904029116144,1.109204029116144,1
2020-01-24 14:00:00+00:00,1.109813047787227,1.110113047787227,1.109513047787227,1.109813047787227,1
2020-01-24 15:00:00+00:00,1.1103713886744335,1.1106713886744335,1.1100713886744336,1.1103713886744335,1
2020-01-24 16:00:00+00:00,1.1108103970833323,1.1111103970833323,1.1105103970833323,1.1108103970833323,1
2020-01-24 17:00:00+00:00,1.111073177623275,1.111373177623275,1.110773177623275,1.111073177623275,1
2020-01-24 18:00:00+00:00,1.1111208910414756,1.1114208910414756,1.1108208910414756,1.1111208910414756,1
2020-01-24 19:00:00+00:00,1.1109370679766957,1.1112370679766956,1.1106370679766957,1.1109370679766957,1
2020-01-24 20:00:00+00:00,1.110529464616408,1.1108294646164079,1.110229464616408,1.110529464616408,1
2020-01-24 21:00:00+00:00,1.1099292558279767,1.1102292558279767,1.1096292558279768,1.1099292558279767,1
2020-01-24 22:00:00+00:00,1.1091876544263866,1.1094876544263865,1.1088876544263866,1.1091876544263866,1
2020-01-24 23:00:00+00:00,1.1083703285731066,1.1086703285731065,1.1080703285731066,1.1083703285731066,1
2020-01-25 00:00:00+00:00,1.107550231681911,1.107850231681911,1.107250231681911,1.107550231681911,1
2020-01-25 01:00:00+00:00,1.1067996339551114,1.1070996339551114,1.1064996339551114,1.1067996339551114,1
2020-01-25 02:00:00+00:00,1.106182232550496,1.106482232550496,1.105882232550496,1.106182232550496,1
2020-01-25 03:00:00+00:00,1.1057462087112868,1.1060462087112868,1.1054462087112868,1.1057462087112868,1
2020-01-25 04:00:00+00:00,1.1055189959329177,1.1058189959329177,1.1052189959329177,1.1055189959329177,1
2020-01-25 05:00:00+00:00,1.1055043348688576,1.1058043348688575,1.1052043348688576,1.1055043348688576,1
2020-01-25 06:00:00+00:00,1.10568193893015,1.10598193893015,1.10538193893015,1.10568193893015,1
2020-01-25 07:00:00+00:00,1.1060098071237991,1.1063098071237991,1.1057098071237992,1.1060098071237991,1
2020-01-25 08:00:00+00:00,1.106428929243383,1.106728929243383,1.1061289292433831,1.106428929243383,1
2020-01-25 09:00:00+00:00,1.1068698651539772,1.1071698651539772,1.1065698651539773,1.1068698651539772,1
2020-01-25 10:00:00+00:00,1.1072604735961238,1.1075604735961238,1.1069604735961238,1.1072604735961238,1
2020-01-25 11:00:00+00:00,1.1075339393829113,1.1078339393829113,1.1072339393829114,1.1075339393829113,1
2020-01-25 12:00:00+00:00,1.1076362150117105,1.1079362150117105,1.1073362150117105,1.1076362150117105,1
2020-01-25 13:00:00+00:00,1.107532057174352,1.107832057174352,1.1072320571743521,1.107532057174352,1
2020-01-25 14:00:00+00:00,1.1072089933301674,1.1075089933301674,1.1069089933301675,1.1072089933301674,1
2020-01-25 15:00:00+00:00,1.1066787813771302,1.1069787813771301,1.1063787813771302,1.1066787813771302,1
2020-01-25 16:00:00+00:00,1.1059762014319647,1.1062762014319647,1.1056762014319648,1.1059762014319647,1
2020-01-25 17:00:00+00:00,1.1051553124293867,1.1054553124293867,1.1048553124293867,1.1051553124293867,1
2020-01-25 18:00:00+00:00,1.1042835853414585,1.1045835853414585,1.1039835853414586,1.1042835853414585,1
2020-01-25 19:00:00+00:00,1.1034345585762957,1.1037345585762957,1.1031345585762957,1.1034345585762957,1
2020-01-25 20:00:00+00:00,1.1026798238075186,1.1029798238075186,1.1023798238075186,1.1026798238075186,1
2020-01-25 21:00:00+00:00,1.10208122420176,1.1023812242017599,1.10178122420176,1.10208122420176,1
2020-01-25 22:00:00+00:00,1.1016841236360657,1.1019841236360657,1.1013841236360657,1.1016841236360657,1
2020-01-25 23:00:00+00:00,1.10151248760348,1.10181248760348,1.1012124876034801,1.10151248760348,1
