signal_bar_time,entry_bar_time,strategy_index,strategy_id,direction,has_position,risk_gate,entry_admitted,reason
2024.01.02 04:00:00,2024.01.02 05:00:00,1,SQX-EURUSD-H1-63696db839ee,LONG,false,ACCEPT_FULL,true,ACCEPTED
2024.01.02 13:00:00,2024.01.02 14:00:00,13,SQX-EURUSD-H1-a18d86c3075c,LONG,false,ACCEPT_FULL,true,ACCEPTED
2024.01.02 14:00:00,2024.01.02 15:00:00,13,SQX-EURUSD-H1-a18d86c3075c,LONG,true,NOT_EVALUATED,false,POSITION_EXISTS
2024.01.02 15:00:00,2024.01.02 16:00:00,13,SQX-EURUSD-H1-a18d86c3075c,LONG,true,NOT_EVALUATED,false,POSITION_EXISTS
2024.01.02 17:00:00,2024.01.02 18:00:00,13,SQX-EURUSD-H1-a18d86c3075c,LONG,true,NOT_EVALUATED,false,POSITION_EXISTS
2024.01.03 11:00:00,2024.01.03 12:00:00,13,SQX-EURUSD-H1-a18d86c3075c,LONG,true,NOT_EVALUATED,false,POSITION_EXISTS
2024.01.03 12:00:00,2024.01.03 13:00:00,13,SQX-EURUSD-H1-a18d86c3075c,LONG,false,ACCEPT_FULL,true,ACCEPTED
2024.01.03 13:00:00,2024.01.03 14:00:00,13,SQX-EURUSD-H1-a18d86c3075c,LONG,true,NOT_EVALUATED,false,POSITION_EXISTS
2024.01.03 17:00:00,2024.01.03 18:00:00,13,SQX-EURUSD-H1-a18d86c3075c,LONG,false,ACCEPT_FULL,true,ACCEPTED
2024.01.04 11:00:00,2024.01.04 12:00:00,17,SQX-EURUSD-H1-108300962057,LONG,false,ACCEPT_FULL,true,ACCEPTED
2024.01.04 12:00:00,2024.01.04 13:00:00,17,SQX-EURUSD-H1-108300962057,LONG,true,NOT_EVALUATED,false,POSITION_EXISTS
2024.01.04 13:00:00,2024.01.04 14:00:00,17,SQX-EURUSD-H1-108300962057,LONG,true,NOT_EVALUATED,false,POSITION_EXISTS
2024.01.04 14:00:00,2024.01.04 15:00:00,17,SQX-EURUSD-H1-108300962057,LONG,true,NOT_EVALUATED,false,POSITION_EXISTS
2024.01.04 18:00:00,2024.01.04 19:00:00,17,SQX-EURUSD-H1-108300962057,LONG,false,ACCEPT_FULL,true,ACCEPTED
2024.01.04 19:00:00,2024.01.04 20:00:00,17,SQX-EURUSD-H1-108300962057,LONG,true,NOT_EVALUATED,false,POSITION_EXISTS
2024.01.04 20:00:00,2024.01.04 21:00:00,17,SQX-EURUSD-H1-108300962057,LONG,true,NOT_EVALUATED,false,POSITION_EXISTS
2024.01.05 16:00:00,2024.01.05 17:00:00,11,SQX-EURUSD-H1-73f2fc6ba7b5,SHORT,false,ACCEPT_FULL,true,ACCEPTED
2024.01.05 16:00:00,2024.01.05 17:00:00,16,SQX-EURUSD-H1-4c5f2833ce74,SHORT,false,ACCEPT_FULL,true,ACCEPTED
2024.01.05 17:00:00,2024.01.05 18:00:00,11,SQX-EURUSD-H1-73f2fc6ba7b5,SHORT,false,ACCEPT_FULL,true,ACCEPTED
2024.01.05 17:00:00,2024.01.05 18:00:00,19,SQX-EURUSD-H1-0cc329175f76,LONG,false,ACCEPT_FULL,true,ACCEPTED
2024.01.05 18:00:00,2024.01.05 19:00:00,17,SQX-EURUSD-H1-108300962057,LONG,false,ACCEPT_FULL,true,ACCEPTED
2024.01.05 19:00:00,2024.01.05 20:00:00,17,SQX-EURUSD-H1-108300962057,LONG,true,NOT_EVALUATED,false,POSITION_EXISTS
2024.01.05 20:00:00,2024.01.05 21:00:00,0,SQX-EURUSD-H1-1320ad51f2e8,LONG,false,ACCEPT_FULL,true,ACCEPTED
2024.01.05 20:00:00,2024.01.05 21:00:00,17,SQX-EURUSD-H1-108300962057,LONG,true,NOT_EVALUATED,false,POSITION_EXISTS
2024.01.05 21:00:00,2024.01.05 22:00:00,17,SQX-EURUSD-H1-108300962057,LONG,true,NOT_EVALUATED,false,POSITION_EXISTS
2024.01.05 22:00:00,2024.01.05 23:00:00,17,SQX-EURUSD-H1-108300962057,LONG,true,NOT_EVALUATED,false,POSITION_EXISTS
2024.01.05 23:00:00,2024.01.08 00:00:00,18,SQX-EURUSD-H1-6d1cb5fa1910,LONG,false,ACCEPT_FULL,true,ACCEPTED
2024.01.08 00:00:00,2024.01.08 01:00:00,18,SQX-EURUSD-H1-6d1cb5fa1910,LONG,true,NOT_EVALUATED,false,POSITION_EXISTS
2024.01.08 01:00:00,2024.01.08 02:00:00,18,SQX-EURUSD-H1-6d1cb5fa1910,LONG,true,NOT_EVALUATED,false,POSITION_EXISTS
2024.01.08 02:00:00,2024.01.08 03:00:00,17,SQX-EURUSD-H1-108300962057,LONG,true,NOT_EVALUATED,false,POSITION_EXISTS
2024.01.08 03:00:00,2024.01.08 04:00:00,17,SQX-EURUSD-H1-108300962057,LONG,true,NOT_EVALUATED,false,POSITION_EXISTS
2024.01.08 04:00:00,2024.01.08 05:00:00,17,SQX-EURUSD-H1-108300962057,LONG,true,NOT_EVALUATED,false,POSITION_EXISTS
2024.01.08 09:00:00,2024.01.08 10:00:00,17,SQX-EURUSD-H1-108300962057,LONG,true,NOT_EVALUATED,false,POSITION_EXISTS
2024.01.08 15:00:00,2024.01.08 16:00:00,11,SQX-EURUSD-H1-73f2fc6ba7b5,SHORT,true,NOT_EVALUATED,false,POSITION_EXISTS
2024.01.08 15:00:00,2024.01.08 16:00:00,17,SQX-EURUSD-H1-108300962057,LONG,true,NOT_EVALUATED,false,POSITION_EXISTS
2024.01.08 16:00:00,2024.01.08 17:00:00,0,SQX-EURUSD-H1-1320ad51f2e8,LONG,true,NOT_EVALUATED,false,POSITION_EXISTS
2024.01.08 16:00:00,2024.01.08 17:00:00,17,SQX-EURUSD-H1-108300962057,LONG,true,NOT_EVALUATED,false,POSITION_EXISTS
2024.01.08 19:00:00,2024.01.08 20:00:00,17,SQX-EURUSD-H1-108300962057,LONG,true,NOT_EVALUATED,false,POSITION_EXISTS
2024.01.08 20:00:00,2024.01.08 21:00:00,17,SQX-EURUSD-H1-108300962057,LONG,true,NOT_EVALUATED,false,POSITION_EXISTS
2024.01.08 21:00:00,2024.01.08 22:00:00,17,SQX-EURUSD-H1-108300962057,LONG,true,NOT_EVALUATED,false,POSITION_EXISTS
2024.01.08 22:00:00,2024.01.08 23:00:00,17,SQX-EURUSD-H1-108300962057,LONG,true,NOT_EVALUATED,false,POSITION_EXISTS
2024.01.08 23:00:00,2024.01.09 00:00:00,17,SQX-EURUSD-H1-108300962057,LONG,true,NOT_EVALUATED,false,POSITION_EXISTS
2024.01.08 23:00:00,2024.01.09 00:00:00,18,SQX-EURUSD-H1-6d1cb5fa1910,LONG,true,NOT_EVALUATED,false,POSITION_EXISTS
2024.01.09 00:00:00,2024.01.09 01:00:00,17,SQX-EURUSD-H1-108300962057,LONG,true,NOT_EVALUATED,false,POSITION_EXISTS
2024.01.09 00:00:00,2024.01.09 01:00:00,18,SQX-EURUSD-H1-6d1cb5fa1910,LONG,true,NOT_EVALUATED,false,POSITION_EXISTS
2024.01.09 01:00:00,2024.01.09 02:00:00,17,SQX-EURUSD-H1-108300962057,LONG,true,NOT_EVALUATED,false,POSITION_EXISTS
2024.01.09 02:00:00,2024.01.09 03:00:00,17,SQX-EURUSD-H1-108300962057,LONG,true,NOT_EVALUATED,false,POSITION_EXISTS
2024.01.09 02:00:00,2024.01.09 03:00:00,18,SQX-EURUSD-H1-6d1cb5fa1910,LONG,true,NOT_EVALUATED,false,POSITION_EXISTS
2024.01.09 03:00:00,2024.01.09 04:00:00,17,SQX-EURUSD-H1-108300962057,LONG,true,NOT_EVALUATED,false,POSITION_EXISTS
2024.01.09 04:00:00,2024.01.09 05:00:00,2,SQX-EURUSD-H1-21e4d7fab033,LONG,false,ACCEPT_FULL,true,ACCEPTED
2024.01.09 04:00:00,2024.01.09 05:00:00,17,SQX-EURUSD-H1-108300962057,LONG,true,NOT_EVALUATED,false,POSITION_EXISTS
2024.01.09 05:00:00,2024.01.09 06:00:00,17,SQX-EURUSD-H1-108300962057,LONG,true,NOT_EVALUATED,false,POSITION_EXISTS
2024.01.09 06:00:00,2024.01.09 07:00:00,17,SQX-EURUSD-H1-108300962057,LONG,true,NOT_EVALUATED,false,POSITION_EXISTS
2024.01.09 07:00:00,2024.01.09 08:00:00,17,SQX-EURUSD-H1-108300962057,LONG,true,NOT_EVALUATED,false,POSITION_EXISTS
2024.01.09 08:00:00,2024.01.09 09:00:00,17,SQX-EURUSD-H1-108300962057,LONG,true,NOT_EVALUATED,false,POSITION_EXISTS
2024.01.09 09:00:00,2024.01.09 10:00:00,17,SQX-EURUSD-H1-108300962057,LONG,true,NOT_EVALUATED,false,POSITION_EXISTS
2024.01.09 10:00:00,2024.01.09 11:00:00,17,SQX-EURUSD-H1-108300962057,LONG,true,NOT_EVALUATED,false,POSITION_EXISTS
2024.01.09 11:00:00,2024.01.09 12:00:00,3,SQX-EURUSD-H1-a27691004dcc,LONG,false,ACCEPT_FULL,true,ACCEPTED
2024.01.09 11:00:00,2024.01.09 12:00:00,17,SQX-EURUSD-H1-108300962057,LONG,true,NOT_EVALUATED,false,POSITION_EXISTS
2024.01.09 12:00:00,2024.01.09 13:00:00,3,SQX-EURUSD-H1-a27691004dcc,LONG,true,NOT_EVALUATED,false,POSITION_EXISTS
2024.01.10 10:00:00,2024.01.10 11:00:00,4,SQX-EURUSD-H1-ac5da82211be,SHORT,false,ACCEPT_FULL,true,ACCEPTED
2024.01.10 10:00:00,2024.01.10 11:00:00,11,SQX-EURUSD-H1-73f2fc6ba7b5,SHORT,true,NOT_EVALUATED,false,POSITION_EXISTS
2024.01.10 10:00:00,2024.01.10 11:00:00,16,SQX-EURUSD-H1-4c5f2833ce74,SHORT,false,ACCEPT_FULL,true,ACCEPTED
2024.01.10 11:00:00,2024.01.10 12:00:00,4,SQX-EURUSD-H1-ac5da82211be,SHORT,true,NOT_EVALUATED,false,POSITION_EXISTS
2024.01.10 11:00:00,2024.01.10 12:00:00,11,SQX-EURUSD-H1-73f2fc6ba7b5,SHORT,true,NOT_EVALUATED,false,POSITION_EXISTS
2024.01.10 11:00:00,2024.01.10 12:00:00,16,SQX-EURUSD-H1-4c5f2833ce74,SHORT,true,NOT_EVALUATED,false,POSITION_EXISTS
2024.01.10 12:00:00,2024.01.10 13:00:00,4,SQX-EURUSD-H1-ac5da82211be,SHORT,true,NOT_EVALUATED,false,POSITION_EXISTS
2024.01.10 12:00:00,2024.01.10 13:00:00,11,SQX-EURUSD-H1-73f2fc6ba7b5,SHORT,true,NOT_EVALUATED,false,POSITION_EXISTS
2024.01.10 12:00:00,2024.01.10 13:00:00,17,SQX-EURUSD-H1-108300962057,LONG,false,ACCEPT_FULL,true,ACCEPTED
2024.01.10 13:00:00,2024.01.10 14:00:00,17,SQX-EURUSD-H1-108300962057,LONG,true,NOT_EVALUATED,false,POSITION_EXISTS
2024.01.10 14:00:00,2024.01.10 15:00:00,17,SQX-EURUSD-H1-108300962057,LONG,true,NOT_EVALUATED,false,POSITION_EXISTS
2024.01.10 15:00:00,2024.01.10 16:00:00,17,SQX-EURUSD-H1-108300962057,LONG,true,NOT_EVALUATED,false,POSITION_EXISTS
2024.01.10 16:00:00,2024.01.10 17:00:00,17,SQX-EURUSD-H1-108300962057,LONG,true,NOT_EVALUATED,false,POSITION_EXISTS
2024.01.10 18:00:00,2024.01.10 19:00:00,17,SQX-EURUSD-H1-108300962057,LONG,true,NOT_EVALUATED,false,POSITION_EXISTS
2024.01.11 15:00:00,2024.01.11 16:00:00,17,SQX-EURUSD-H1-108300962057,LONG,false,ACCEPT_FULL,true,ACCEPTED
2024.01.11 19:00:00,2024.01.11 20:00:00,2,SQX-EURUSD-H1-21e4d7fab033,LONG,false,ACCEPT_FULL,true,ACCEPTED
2024.01.11 20:00:00,2024.01.11 21:00:00,2,SQX-EURUSD-H1-21e4d7fab033,LONG,true,NOT_EVALUATED,false,POSITION_EXISTS
2024.01.12 11:00:00,2024.01.12 12:00:00,17,SQX-EURUSD-H1-108300962057,LONG,true,NOT_EVALUATED,false,POSITION_EXISTS
2024.01.12 12:00:00,2024.01.12 13:00:00,17,SQX-EURUSD-H1-108300962057,LONG,true,NOT_EVALUATED,false,POSITION_EXISTS
2024.01.12 14:00:00,2024.01.12 15:00:00,2,SQX-EURUSD-H1-21e4d7fab033,LONG,true,NOT_EVALUATED,false,POSITION_EXISTS
2024.01.12 14:00:00,2024.01.12 15:00:00,6,SQX-EURUSD-H1-6edd59636707,LONG,false,ACCEPT_FULL,true,ACCEPTED
2024.01.12 15:00:00,2024.01.12 16:00:00,2,SQX-EURUSD-H1-21e4d7fab033,LONG,true,NOT_EVALUATED,false,POSITION_EXISTS
2024.01.12 16:00:00,2024.01.12 17:00:00,2,SQX-EURUSD-H1-21e4d7fab033,LONG,true,NOT_EVALUATED,false,POSITION_EXISTS
2024.01.12 16:00:00,2024.01.12 17:00:00,4,SQX-EURUSD-H1-ac5da82211be,SHORT,false,ACCEPT_FULL,true,ACCEPTED
2024.01.12 16:00:00,2024.01.12 17:00:00,11,SQX-EURUSD-H1-73f2fc6ba7b5,SHORT,false,ACCEPT_FULL,true,ACCEPTED
2024.01.12 16:00:00,2024.01.12 17:00:00,16,SQX-EURUSD-H1-4c5f2833ce74,SHORT,false,ACCEPT_FULL,true,ACCEPTED
2024.01.12 17:00:00,2024.01.12 18:00:00,2,SQX-EURUSD-H1-21e4d7fab033,LONG,true,NOT_EVALUATED,false,POSITION_EXISTS
2024.01.12 18:00:00,2024.01.12 19:00:00,2,SQX-EURUSD-H1-21e4d7fab033,LONG,true,NOT_EVALUATED,false,POSITION_EXISTS
2024.01.12 18:00:00,2024.01.12 19:00:00,17,SQX-EURUSD-H1-108300962057,LONG,true,NOT_EVALUATED,false,POSITION_EXISTS
2024.01.12 19:00:00,2024.01.12 20:00:00,2,SQX-EURUSD-H1-21e4d7fab033,LONG,true,NOT_EVALUATED,false,POSITION_EXISTS
2024.01.15 20:00:00,2024.01.15 21:00:00,8,SQX-EURUSD-H1-68567f217ec0,SHORT,false,ACCEPT_FULL,true,ACCEPTED
2024.01.16 02:00:00,2024.01.16 03:00:00,13,SQX-EURUSD-H1-a18d86c3075c,LONG,false,ACCEPT_FULL,true,ACCEPTED
2024.01.16 10:00:00,2024.01.16 11:00:00,13,SQX-EURUSD-H1-a18d86c3075c,LONG,false,ACCEPT_FULL,true,ACCEPTED
2024.01.16 11:00:00,2024.01.16 12:00:00,13,SQX-EURUSD-H1-a18d86c3075c,LONG,true,NOT_EVALUATED,false,POSITION_EXISTS
2024.01.16 12:00:00,2024.01.16 13:00:00,13,SQX-EURUSD-H1-a18d86c3075c,LONG,true,NOT_EVALUATED,false,POSITION_EXISTS
2024.01.17 16:00:00,2024.01.17 17:00:00,13,SQX-EURUSD-H1-a18d86c3075c,LONG,false,ACCEPT_FULL,true,ACCEPTED
2024.01.18 03:00:00,2024.01.18 04:00:00,17,SQX-EURUSD-H1-108300962057,LONG,false,ACCEPT_FULL,true,ACCEPTED
2024.01.18 04:00:00,2024.01.18 05:00:00,17,SQX-EURUSD-H1-108300962057,LONG,true,NOT_EVALUATED,false,POSITION_EXISTS
2024.01.18 05:00:00,2024.01.18 06:00:00,17,SQX-EURUSD-H1-108300962057,LONG,true,NOT_EVALUATED,false,POSITION_EXISTS
2024.01.18 06:00:00,2024.01.18 07:00:00,17,SQX-EURUSD-H1-108300962057,LONG,true,NOT_EVALUATED,false,POSITION_EXISTS
2024.01.18 07:00:00,2024.01.18 08:00:00,17,SQX-EURUSD-H1-108300962057,LONG,true,NOT_EVALUATED,false,POSITION_EXISTS
2024.01.18 08:00:00,2024.01.18 09:00:00,17,SQX-EURUSD-H1-108300962057,LONG,true,NOT_EVALUATED,false,POSITION_EXISTS
2024.01.18 09:00:00,2024.01.18 10:00:00,17,SQX-EURUSD-H1-108300962057,LONG,true,NOT_EVALUATED,false,POSITION_EXISTS
2024.01.18 10:00:00,2024.01.18 11:00:00,17,SQX-EURUSD-H1-108300962057,LONG,true,NOT_EVALUATED,false,POSITION_EXISTS
2024.01.18 13:00:00,2024.01.18 14:00:00,17,SQX-EURUSD-H1-108300962057,LONG,true,NOT_EVALUATED,false,POSITION_EXISTS
2024.01.19 03:00:00,2024.01.19 04:00:00,17,SQX-EURUSD-H1-108300962057,LONG,false,ACCEPT_FULL,true,ACCEPTED
2024.01.19 04:00:00,2024.01.19 05:00:00,17,SQX-EURUSD-H1-108300962057,LONG,true,NOT_EVALUATED,false,POSITION_EXISTS
2024.01.19 05:00:00,2024.01.19 06:00:00,17,SQX-EURUSD-H1-108300962057,LONG,true,NOT_EVALUATED,false,POSITION_EXISTS
2024.01.19 06:00:00,2024.01.19 07:00:00,17,SQX-EURUSD-H1-108300962057,LONG,true,NOT_EVALUATED,false,POSITION_EXISTS
2024.01.19 07:00:00,2024.01.19 08:00:00,17,SQX-EURUSD-H1-108300962057,LONG,true,NOT_EVALUATED,false,POSITION_EXISTS
2024.01.19 08:00:00,2024.01.19 09:00:00,17,SQX-EURUSD-H1-108300962057,LONG,true,NOT_EVALUATED,false,POSITION_EXISTS
2024.01.19 13:00:00,2024.01.19 14:00:00,17,SQX-EURUSD-H1-108300962057,LONG,true,NOT_EVALUATED,false,POSITION_EXISTS
2024.01.19 14:00:00,2024.01.19 15:00:00,17,SQX-EURUSD-H1-108300962057,LONG,true,NOT_EVALUATED,false,POSITION_EXISTS
2024.01.19 15:00:00,2024.01.19 16:00:00,17,SQX-EURUSD-H1-108300962057,LONG,true,NOT_EVALUATED,false,POSITION_EXISTS
2024.01.19 18:00:00,2024.01.19 19:00:00,12,SQX-EURUSD-H1-bdc6d699e26f,LONG,false,ACCEPT_FULL,true,ACCEPTED
2024.01.19 18:00:00,2024.01.19 19:00:00,17,SQX-EURUSD-H1-108300962057,LONG,true,NOT_EVALUATED,false,POSITION_EXISTS
2024.01.19 19:00:00,2024.01.19 20:00:00,12,SQX-EURUSD-H1-bdc6d699e26f,LONG,true,NOT_EVALUATED,false,POSITION_EXISTS
2024.01.19 19:00:00,2024.01.19 20:00:00,17,SQX-EURUSD-H1-108300962057,LONG,true,NOT_EVALUATED,false,POSITION_EXISTS
2024.01.19 20:00:00,2024.01.19 21:00:00,12,SQX-EURUSD-H1-bdc6d699e26f,LONG,true,NOT_EVALUATED,false,POSITION_EXISTS
2024.01.19 20:00:00,2024.01.19 21:00:00,17,SQX-EURUSD-H1-108300962057,LONG,true,NOT_EVALUATED,false,POSITION_EXISTS
2024.01.19 21:00:00,2024.01.19 22:00:00,17,SQX-EURUSD-H1-108300962057,LONG,true,NOT_EVALUATED,false,POSITION_EXISTS
2024.01.19 22:00:00,2024.01.19 23:00:00,17,SQX-EURUSD-H1-108300962057,LONG,true,NOT_EVALUATED,false,POSITION_EXISTS
2024.01.19 23:00:00,2024.01.22 00:00:00,17,SQX-EURUSD-H1-108300962057,LONG,true,NOT_EVALUATED,false,POSITION_EXISTS
2024.01.22 00:00:00,2024.01.22 01:00:00,17,SQX-EURUSD-H1-108300962057,LONG,true,NOT_EVALUATED,false,POSITION_EXISTS
2024.01.22 01:00:00,2024.01.22 02:00:00,17,SQX-EURUSD-H1-108300962057,LONG,true,NOT_EVALUATED,false,POSITION_EXISTS
2024.01.22 02:00:00,2024.01.22 03:00:00,17,SQX-EURUSD-H1-108300962057,LONG,true,NOT_EVALUATED,false,POSITION_EXISTS
2024.01.22 03:00:00,2024.01.22 04:00:00,17,SQX-EURUSD-H1-108300962057,LONG,true,NOT_EVALUATED,false,POSITION_EXISTS
2024.01.22 04:00:00,2024.01.22 05:00:00,17,SQX-EURUSD-H1-108300962057,LONG,true,NOT_EVALUATED,false,POSITION_EXISTS
2024.01.22 05:00:00,2024.01.22 06:00:00,17,SQX-EURUSD-H1-108300962057,LONG,true,NOT_EVALUATED,false,POSITION_EXISTS
2024.01.22 06:00:00,2024.01.22 07:00:00,17,SQX-EURUSD-H1-108300962057,LONG,true,NOT_EVALUATED,false,POSITION_EXISTS
2024.01.22 07:00:00,2024.01.22 08:00:00,17,SQX-EURUSD-H1-108300962057,LONG,true,NOT_EVALUATED,false,POSITION_EXISTS
2024.01.22 08:00:00,2024.01.22 09:00:00,17,SQX-EURUSD-H1-108300962057,LONG,true,NOT_EVALUATED,false,POSITION_EXISTS
2024.01.22 09:00:00,2024.01.22 10:00:00,17,SQX-EURUSD-H1-108300962057,LONG,true,NOT_EVALUATED,false,POSITION_EXISTS
2024.01.22 10:00:00,2024.01.22 11:00:00,17,SQX-EURUSD-H1-108300962057,LONG,true,NOT_EVALUATED,false,POSITION_EXISTS
2024.01.22 11:00:00,2024.01.22 12:00:00,17,SQX-EURUSD-H1-108300962057,LONG,true,NOT_EVALUATED,false,POSITION_EXISTS
2024.01.22 12:00:00,2024.01.22 13:00:00,17,SQX-EURUSD-H1-108300962057,LONG,true,NOT_EVALUATED,false,POSITION_EXISTS
2024.01.22 13:00:00,2024.01.22 14:00:00,17,SQX-EURUSD-H1-108300962057,LONG,true,NOT_EVALUATED,false,POSITION_EXISTS
2024.01.22 14:00:00,2024.01.22 15:00:00,2,SQX-EURUSD-H1-21e4d7fab033,LONG,false,ACCEPT_FULL,true,ACCEPTED
2024.01.22 14:00:00,2024.01.22 15:00:00,17,SQX-EURUSD-H1-108300962057,LONG,true,NOT_EVALUATED,false,POSITION_EXISTS
2024.01.22 15:00:00,2024.01.22 16:00:00,2,SQX-EURUSD-H1-21e4d7fab033,LONG,false,ACCEPT_FULL,true,ACCEPTED
2024.01.22 15:00:00,2024.01.22 16:00:00,17,SQX-EURUSD-H1-108300962057,LONG,true,NOT_EVALUATED,false,POSITION_EXISTS
2024.01.22 16:00:00,2024.01.22 17:00:00,17,SQX-EURUSD-H1-108300962057,LONG,true,NOT_EVALUATED,false,POSITION_EXISTS
2024.01.22 17:00:00,2024.01.22 18:00:00,3,SQX-EURUSD-H1-a27691004dcc,LONG,false,ACCEPT_FULL,true,ACCEPTED
2024.01.22 18:00:00,2024.01.22 19:00:00,17,SQX-EURUSD-H1-108300962057,LONG,true,NOT_EVALUATED,false,POSITION_EXISTS
2024.01.22 19:00:00,2024.01.22 20:00:00,17,SQX-EURUSD-H1-108300962057,LONG,true,NOT_EVALUATED,false,POSITION_EXISTS
2024.01.22 19:00:00,2024.01.22 20:00:00,18,SQX-EURUSD-H1-6d1cb5fa1910,LONG,false,ACCEPT_FULL,true,ACCEPTED
2024.01.22 20:00:00,2024.01.22 21:00:00,17,SQX-EURUSD-H1-108300962057,LONG,true,NOT_EVALUATED,false,POSITION_EXISTS
2024.01.22 21:00:00,2024.01.22 22:00:00,17,SQX-EURUSD-H1-108300962057,LONG,true,NOT_EVALUATED,false,POSITION_EXISTS
2024.01.23 05:00:00,2024.01.23 06:00:00,17,SQX-EURUSD-H1-108300962057,LONG,false,ACCEPT_FULL,true,ACCEPTED
2024.01.23 06:00:00,2024.01.23 07:00:00,11,SQX-EURUSD-H1-73f2fc6ba7b5,SHORT,false,ACCEPT_FULL,true,ACCEPTED
2024.01.23 06:00:00,2024.01.23 07:00:00,17,SQX-EURUSD-H1-108300962057,LONG,true,NOT_EVALUATED,false,POSITION_EXISTS
2024.01.23 07:00:00,2024.01.23 08:00:00,0,SQX-EURUSD-H1-1320ad51f2e8,LONG,false,ACCEPT_FULL,true,ACCEPTED
2024.01.23 10:00:00,2024.01.23 11:00:00,17,SQX-EURUSD-H1-108300962057,LONG,true,NOT_EVALUATED,false,POSITION_EXISTS
2024.01.23 11:00:00,2024.01.23 12:00:00,17,SQX-EURUSD-H1-108300962057,LONG,true,NOT_EVALUATED,false,POSITION_EXISTS
2024.01.23 12:00:00,2024.01.23 13:00:00,3,SQX-EURUSD-H1-a27691004dcc,LONG,true,NOT_EVALUATED,false,POSITION_EXISTS
2024.01.23 17:00:00,2024.01.23 18:00:00,13,SQX-EURUSD-H1-a18d86c3075c,LONG,false,ACCEPT_FULL,true,ACCEPTED
2024.01.24 13:00:00,2024.01.24 14:00:00,17,SQX-EURUSD-H1-108300962057,LONG,false,ACCEPT_FULL,true,ACCEPTED
2024.01.24 14:00:00,2024.01.24 15:00:00,17,SQX-EURUSD-H1-108300962057,LONG,true,NOT_EVALUATED,false,POSITION_EXISTS
2024.01.24 20:00:00,2024.01.24 21:00:00,17,SQX-EURUSD-H1-108300962057,LONG,true,NOT_EVALUATED,false,POSITION_EXISTS
2024.01.24 21:00:00,2024.01.24 22:00:00,17,SQX-EURUSD-H1-108300962057,LONG,true,NOT_EVALUATED,false,POSITION_EXISTS
2024.01.24 22:00:00,2024.01.24 23:00:00,17,SQX-EURUSD-H1-108300962057,LONG,true,NOT_EVALUATED,false,POSITION_EXISTS
2024.01.24 23:00:00,2024.01.25 00:00:00,17,SQX-EURUSD-H1-108300962057,LONG,true,NOT_EVALUATED,false,POSITION_EXISTS
2024.01.25 00:00:00,2024.01.25 01:00:00,17,SQX-EURUSD-H1-108300962057,LONG,true,NOT_EVALUATED,false,POSITION_EXISTS
2024.01.25 01:00:00,2024.01.25 02:00:00,17,SQX-EURUSD-H1-108300962057,LONG,true,NOT_EVALUATED,false,POSITION_EXISTS
2024.01.25 02:00:00,2024.01.25 03:00:00,2,SQX-EURUSD-H1-21e4d7fab033,LONG,false,ACCEPT_FULL,true,ACCEPTED
2024.01.25 03:00:00,2024.01.25 04:00:00,2,SQX-EURUSD-H1-21e4d7fab033,LONG,true,NOT_EVALUATED,false,POSITION_EXISTS
2024.01.25 08:00:00,2024.01.25 09:00:00,0,SQX-EURUSD-H1-1320ad51f2e8,LONG,false,ACCEPT_FULL,true,ACCEPTED
2024.01.25 09:00:00,2024.01.25 10:00:00,17,SQX-EURUSD-H1-108300962057,LONG,true,NOT_EVALUATED,false,POSITION_EXISTS
2024.01.25 12:00:00,2024.01.25 13:00:00,17,SQX-EURUSD-H1-108300962057,LONG,true,NOT_EVALUATED,false,POSITION_EXISTS
2024.01.25 13:00:00,2024.01.25 14:00:00,17,SQX-EURUSD-H1-108300962057,LONG,true,NOT_EVALUATED,false,POSITION_EXISTS
2024.01.25 14:00:00,2024.01.25 15:00:00,17,SQX-EURUSD-H1-108300962057,LONG,true,NOT_EVALUATED,false,POSITION_EXISTS
2024.01.25 15:00:00,2024.01.25 16:00:00,17,SQX-EURUSD-H1-108300962057,LONG,true,NOT_EVALUATED,false,POSITION_EXISTS
2024.01.25 16:00:00,2024.01.25 17:00:00,3,SQX-EURUSD-H1-a27691004dcc,LONG,false,ACCEPT_FULL,true,ACCEPTED
2024.01.26 05:00:00,2024.01.26 06:00:00,8,SQX-EURUSD-H1-68567f217ec0,SHORT,false,ACCEPT_FULL,true,ACCEPTED
2024.01.26 09:00:00,2024.01.26 10:00:00,13,SQX-EURUSD-H1-a18d86c3075c,LONG,false,ACCEPT_FULL,true,ACCEPTED
2024.01.26 11:00:00,2024.01.26 12:00:00,11,SQX-EURUSD-H1-73f2fc6ba7b5,SHORT,false,ACCEPT_FULL,true,ACCEPTED
2024.01.26 11:00:00,2024.01.26 12:00:00,16,SQX-EURUSD-H1-4c5f2833ce74,SHORT,false,ACCEPT_FULL,true,ACCEPTED
2024.01.26 12:00:00,2024.01.26 13:00:00,11,SQX-EURUSD-H1-73f2fc6ba7b5,SHORT,true,NOT_EVALUATED,false,POSITION_EXISTS
2024.01.26 12:00:00,2024.01.26 13:00:00,16,SQX-EURUSD-H1-4c5f2833ce74,SHORT,false,ACCEPT_FULL,true,ACCEPTED
2024.01.26 13:00:00,2024.01.26 14:00:00,11,SQX-EURUSD-H1-73f2fc6ba7b5,SHORT,false,ACCEPT_FULL,true,ACCEPTED
2024.01.26 13:00:00,2024.01.26 14:00:00,17,SQX-EURUSD-H1-108300962057,LONG,false,ACCEPT_FULL,true,ACCEPTED
2024.01.26 14:00:00,2024.01.26 15:00:00,17,SQX-EURUSD-H1-108300962057,LONG,true,NOT_EVALUATED,false,POSITION_EXISTS
2024.01.26 15:00:00,2024.01.26 16:00:00,17,SQX-EURUSD-H1-108300962057,LONG,true,NOT_EVALUATED,false,POSITION_EXISTS
2024.01.26 16:00:00,2024.01.26 17:00:00,17,SQX-EURUSD-H1-108300962057,LONG,true,NOT_EVALUATED,false,POSITION_EXISTS
2024.01.26 17:00:00,2024.01.26 18:00:00,17,SQX-EURUSD-H1-108300962057,LONG,true,NOT_EVALUATED,false,POSITION_EXISTS
2024.01.26 18:00:00,2024.01.26 19:00:00,17,SQX-EURUSD-H1-108300962057,LONG,true,NOT_EVALUATED,false,POSITION_EXISTS
2024.01.26 19:00:00,2024.01.26 20:00:00,17,SQX-EURUSD-H1-108300962057,LONG,true,NOT_EVALUATED,false,POSITION_EXISTS
2024.01.26 21:00:00,2024.01.26 22:00:00,18,SQX-EURUSD-H1-6d1cb5fa1910,LONG,false,ACCEPT_FULL,true,ACCEPTED
2024.01.26 22:00:00,2024.01.26 23:00:00,18,SQX-EURUSD-H1-6d1cb5fa1910,LONG,true,NOT_EVALUATED,false,POSITION_EXISTS
2024.01.29 16:00:00,2024.01.29 17:00:00,13,SQX-EURUSD-H1-a18d86c3075c,LONG,false,ACCEPT_FULL,true,ACCEPTED
2024.01.29 17:00:00,2024.01.29 18:00:00,13,SQX-EURUSD-H1-a18d86c3075c,LONG,true,NOT_EVALUATED,false,POSITION_EXISTS
2024.01.29 23:00:00,2024.01.30 00:00:00,4,SQX-EURUSD-H1-ac5da82211be,SHORT,false,ACCEPT_FULL,true,ACCEPTED
2024.01.29 23:00:00,2024.01.30 00:00:00,11,SQX-EURUSD-H1-73f2fc6ba7b5,SHORT,false,ACCEPT_FULL,true,ACCEPTED
2024.01.29 23:00:00,2024.01.30 00:00:00,16,SQX-EURUSD-H1-4c5f2833ce74,SHORT,false,ACCEPT_FULL,true,ACCEPTED
2024.01.30 00:00:00,2024.01.30 01:00:00,4,SQX-EURUSD-H1-ac5da82211be,SHORT,true,NOT_EVALUATED,false,POSITION_EXISTS
2024.01.30 00:00:00,2024.01.30 01:00:00,11,SQX-EURUSD-H1-73f2fc6ba7b5,SHORT,true,NOT_EVALUATED,false,POSITION_EXISTS
2024.01.30 00:00:00,2024.01.30 01:00:00,16,SQX-EURUSD-H1-4c5f2833ce74,SHORT,true,NOT_EVALUATED,false,POSITION_EXISTS
2024.01.30 01:00:00,2024.01.30 02:00:00,11,SQX-EURUSD-H1-73f2fc6ba7b5,SHORT,true,NOT_EVALUATED,false,POSITION_EXISTS
2024.01.30 01:00:00,2024.01.30 02:00:00,16,SQX-EURUSD-H1-4c5f2833ce74,SHORT,true,NOT_EVALUATED,false,POSITION_EXISTS
2024.01.30 02:00:00,2024.01.30 03:00:00,11,SQX-EURUSD-H1-73f2fc6ba7b5,SHORT,true,NOT_EVALUATED,false,POSITION_EXISTS
2024.01.30 02:00:00,2024.01.30 03:00:00,16,SQX-EURUSD-H1-4c5f2833ce74,SHORT,true,NOT_EVALUATED,false,POSITION_EXISTS
2024.01.30 03:00:00,2024.01.30 04:00:00,11,SQX-EURUSD-H1-73f2fc6ba7b5,SHORT,true,NOT_EVALUATED,false,POSITION_EXISTS
2024.01.30 03:00:00,2024.01.30 04:00:00,16,SQX-EURUSD-H1-4c5f2833ce74,SHORT,true,NOT_EVALUATED,false,POSITION_EXISTS
2024.01.30 04:00:00,2024.01.30 05:00:00,11,SQX-EURUSD-H1-73f2fc6ba7b5,SHORT,true,NOT_EVALUATED,false,POSITION_EXISTS
2024.01.30 04:00:00,2024.01.30 05:00:00,16,SQX-EURUSD-H1-4c5f2833ce74,SHORT,true,NOT_EVALUATED,false,POSITION_EXISTS
2024.01.30 12:00:00,2024.01.30 13:00:00,11,SQX-EURUSD-H1-73f2fc6ba7b5,SHORT,true,NOT_EVALUATED,false,POSITION_EXISTS
2024.01.30 12:00:00,2024.01.30 13:00:00,16,SQX-EURUSD-H1-4c5f2833ce74,SHORT,true,NOT_EVALUATED,false,POSITION_EXISTS
2024.01.30 13:00:00,2024.01.30 14:00:00,11,SQX-EURUSD-H1-73f2fc6ba7b5,SHORT,true,NOT_EVALUATED,false,POSITION_EXISTS
2024.01.30 13:00:00,2024.01.30 14:00:00,17,SQX-EURUSD-H1-108300962057,LONG,false,ACCEPT_FULL,true,ACCEPTED
2024.01.30 14:00:00,2024.01.30 15:00:00,0,SQX-EURUSD-H1-1320ad51f2e8,LONG,false,ACCEPT_FULL,true,ACCEPTED
2024.01.30 14:00:00,2024.01.30 15:00:00,17,SQX-EURUSD-H1-108300962057,LONG,true,NOT_EVALUATED,false,POSITION_EXISTS
2024.01.30 15:00:00,2024.01.30 16:00:00,17,SQX-EURUSD-H1-108300962057,LONG,true,NOT_EVALUATED,false,POSITION_EXISTS
2024.01.30 16:00:00,2024.01.30 17:00:00,17,SQX-EURUSD-H1-108300962057,LONG,true,NOT_EVALUATED,false,POSITION_EXISTS
2024.01.30 17:00:00,2024.01.30 18:00:00,17,SQX-EURUSD-H1-108300962057,LONG,true,NOT_EVALUATED,false,POSITION_EXISTS
2024.01.30 18:00:00,2024.01.30 19:00:00,17,SQX-EURUSD-H1-108300962057,LONG,true,NOT_EVALUATED,false,POSITION_EXISTS
2024.01.30 19:00:00,2024.01.30 20:00:00,17,SQX-EURUSD-H1-108300962057,LONG,true,NOT_EVALUATED,false,POSITION_EXISTS
2024.01.30 20:00:00,2024.01.30 21:00:00,17,SQX-EURUSD-H1-108300962057,LONG,true,NOT_EVALUATED,false,POSITION_EXISTS
2024.01.30 21:00:00,2024.01.30 22:00:00,17,SQX-EURUSD-H1-108300962057,LONG,true,NOT_EVALUATED,false,POSITION_EXISTS
2024.01.30 22:00:00,2024.01.30 23:00:00,17,SQX-EURUSD-H1-108300962057,LONG,true,NOT_EVALUATED,false,POSITION_EXISTS
2024.01.30 23:00:00,2024.01.31 00:00:00,17,SQX-EURUSD-H1-108300962057,LONG,true,NOT_EVALUATED,false,POSITION_EXISTS
2024.01.31 00:00:00,2024.01.31 01:00:00,17,SQX-EURUSD-H1-108300962057,LONG,true,NOT_EVALUATED,false,POSITION_EXISTS
2024.01.31 01:00:00,2024.01.31 02:00:00,17,SQX-EURUSD-H1-108300962057,LONG,true,NOT_EVALUATED,false,POSITION_EXISTS
2024.01.31 02:00:00,2024.01.31 03:00:00,17,SQX-EURUSD-H1-108300962057,LONG,true,NOT_EVALUATED,false,POSITION_EXISTS
2024.01.31 03:00:00,2024.01.31 04:00:00,17,SQX-EURUSD-H1-108300962057,LONG,true,NOT_EVALUATED,false,POSITION_EXISTS
2024.01.31 14:00:00,2024.01.31 15:00:00,0,SQX-EURUSD-H1-1320ad51f2e8,LONG,false,ACCEPT_FULL,true,ACCEPTED
2024.01.31 14:00:00,2024.01.31 15:00:00,17,SQX-EURUSD-H1-108300962057,LONG,false,ACCEPT_FULL,true,ACCEPTED
2024.01.31 15:00:00,2024.01.31 16:00:00,17,SQX-EURUSD-H1-108300962057,LONG,true,NOT_EVALUATED,false,POSITION_EXISTS
2024.01.31 18:00:00,2024.01.31 19:00:00,17,SQX-EURUSD-H1-108300962057,LONG,false,ACCEPT_FULL,true,ACCEPTED
2024.01.31 19:00:00,2024.01.31 20:00:00,17,SQX-EURUSD-H1-108300962057,LONG,true,NOT_EVALUATED,false,POSITION_EXISTS
2024.01.31 20:00:00,2024.01.31 21:00:00,17,SQX-EURUSD-H1-108300962057,LONG,true,NOT_EVALUATED,false,POSITION_EXISTS
2024.01.31 21:00:00,2024.01.31 22:00:00,17,SQX-EURUSD-H1-108300962057,LONG,true,NOT_EVALUATED,false,POSITION_EXISTS
