hash,asset,direction,best_window_share_of_netR,top2_window_share_of_netR,worst_window_netR,positive_window_fraction,window_expectancy_std,minimum_window_trades,val_expectancy,oos_expectancy
1500fd432f3cd5db93a655b7d39959eb1f4d9f970733857485d2b2d2761a57cc,DOGE,LONG,0.7673589421972098,0.9093925178255277,-4.765850166112953,0.5,0.6605565810360515,1,0.842267815439321,-0.3939183881285726
0014d401c268e53271e2875c0d2e2f4ca5fc669f6817d7e1f2eb48f25caae564,ADA,LONG,,,-0.041862117103384104,0.5,0.7809793193856802,4,0.718553169947715,-0.2740810276439368
346bf7620baf50a15a618577916af987c001df4739332f99b00c47b6699f233f,SOL,LONG,0.45731711290493837,0.9124388935912094,-0.10264989507412535,0.8333333333333334,0.41227891531679467,12,0.6964698207358986,-0.3284971764273914
45e64e54fe91888b7671fce0892b38e9fe8926624f0babc79fa780f8fefebbf4,BTC,SHORT,0.4671550485789082,0.7852659581383413,-0.3119979722671826,0.5,0.6146858392514741,6,0.6696742655167256,-1.0069664745801106
fbb05c77f62586635fc7f54f5be09c63a8584842d612897d7b2be1953f51df2e,LINK,SHORT,0.8308637896693583,1.0,-1.236183291949446,0.8333333333333334,0.20367387983499644,9,0.6578196899440681,-0.5942660418362838
ee6fb8c7d7cd813bdcc7040e6e599c48723d946afa3a0839e7a0222821c9ecfa,BTC,SHORT,0.7860733063260903,0.9530226327680341,-0.032385984077966536,0.5,0.41369231534695866,11,0.6188988961303313,0.4917186669356911
1de87d885f2f5f466523ac120130649510cc99968267fa3cf9f65b74a8b3529f,BNB,LONG,0.7719089654145453,0.8964730410825943,-5.380550420168112,0.5,0.42958550132045875,2,0.618392036623047,-1.0003844097079466
d00b5a8a77747f5024304edf97b235f60b5df9f33f324f6b8a5e17640fbc3751,AVAX,LONG,0.4573703769670891,0.9000967682303274,-0.2437079365079373,0.6666666666666666,0.1939495308168149,2,0.6123210978431074,-0.6723190834985662
6b54752da6882480d978233e9310c1e993817d5b8de6c9e13f975c29854fae43,LINK,LONG,0.388318028106408,0.7183355418115783,-1.1905110467362041,0.6666666666666666,0.1786223022047433,24,0.5926162531676187,-0.0391757367746654
84d0595662928b026f35512f5968f86207fd828abb4eb3fa65cd1f3ed64645dc,AVAX,SHORT,0.3615402069249146,0.6928307628102416,-0.1401105820105808,0.5,0.31648604393872315,2,0.5838413745374269,0.0847866453650575
a4ba0f0765801fc0c6fcb74d668316773579bc93ad648afcf69389153fb600cd,BTC,SHORT,0.4370292249336078,0.7731282769526836,-0.17001301130794433,0.6666666666666666,0.5873383197498403,6,0.572417592804456,-1.009288632773485
9f582373539131d2caced4c6f061abafcaa94df0b6d6159795ec05b35d6a6c9b,LINK,LONG,0.880469522276269,0.9594531837189205,-1.25969977928598,0.5,0.47269908081906653,8,0.5696866006655784,0.4465996470754392
e3098ff41a080c146f6618678aff9b8449f5b703fec33cc2c0153c35cace79f1,ADA,LONG,0.7416391042685174,0.9783923942446605,-0.03978362991607915,0.5,0.9382235267340603,4,0.5618310100357312,-0.0836048371677459
4a97d90f904017698344f8e44d0188e2ac8d54065b71c4329edec88f2f436a72,ADA,LONG,0.7416391042685174,0.9783923942446605,-0.03978362991607915,0.5,0.9382235267340603,4,0.5618310100357312,-0.0836048371677459
9d884cbe93974e91677b1a3993e623825ac2a581cece49475c585d4f7c460557,ETH,SHORT,0.6634410302546266,0.8337825688356492,-1.0421518696069039,0.6666666666666666,0.43989243080194534,12,0.5601437377507349,-0.1461014261733496
6a213373b540b5ec9daacea2c37329788106e118cb1955c3d521c769d36198fb,BTC,LONG,0.4325461247495427,0.779239939432162,-0.1360543608592048,0.6666666666666666,0.372982167717852,7,0.5309494379173274,0.8359825272678042
d14b39a1493201a6dfbbccd0a14d591aa1f4007efc014ab5ca076495620f8271,BTC,SHORT,0.4213411456010059,0.7349211365812442,-0.41208057267830744,0.5,0.490001017723055,6,0.5189340674018773,-1.005573179664091
4d5503c1c13592902c04dd29c704d5b958233190bfd327bd83c7131c239de093,AVAX,LONG,0.8229917390114202,0.9800212720860432,-0.46566560846560895,0.6666666666666666,0.19539741440178388,2,0.5069455075373748,-0.5212977307777028
b8e2e89f9048feb367f142aa6965b9b8de9a74c049c7de9985d7003b7d1e0b44,DOGE,LONG,0.7417919358700679,0.97184122275161,-2.8845805463270593,0.3333333333333333,0.37805588698147,3,0.499922311966731,-0.6454879402702783
2b6d8f7a8da8571dc959345757c1988f327ea90efed72caaf60c309c233391ed,SOL,LONG,0.537845292601539,0.8842828869908309,-0.16580140126813692,0.6666666666666666,0.2846164333448218,4,0.4972533163076145,0.1037450641535265
4e3930be053b597bc49bd7b5fd1053cdc5bdab82684a6085c2751b22d7523d68,SOL,LONG,0.661642153477204,1.0,-1.9057806801001809,0.6666666666666666,0.3253891049026043,7,0.4908613455258974,
9a4ffc623381272256727c18e5f0020ecf4bf72d2935cfdca1cda2df7bc2b059,LINK,SHORT,0.8308637896693583,1.0,-1.236183291949446,0.8333333333333334,0.20662837185104116,9,0.4908263631439375,
85243f314f0b62fb46cff8c3a02303bbc8abaf0bed9307ed6a9672fbda4e05f7,SOL,LONG,0.6156853195559121,0.8728785308793909,-0.6829870117562167,0.8333333333333334,0.1401842741119476,7,0.4740350825333298,
80e69762fc8f5081556001d08c6e1853493275c2bc62f3f2d67b0f91ad29589d,BNB,LONG,0.8677548116316595,0.9761746877507022,-3.4852915966386506,0.6666666666666666,0.38013262903072137,7,0.4713408720815744,
a8433da8c535492c49ed3866846100f9a47a1286265bd5d0eb9245f2ddebb716,DOGE,LONG,0.7517173412670801,0.9749793376430245,-1.5895317460317582,0.6666666666666666,0.20899935019730417,9,0.4685852833644555,
deafc67f8d6b43be555f2e043274d771d7f9cc363cb353cc354ebb824a354605,AVAX,LONG,0.7355683625036208,1.0,-0.9550846560846552,0.5,0.4419393579257884,4,0.4602657262228454,
71b876627aedf2959aea32f86c1dee31937a2a1425ee463a9529a74511032f0e,ADA,LONG,1.0,1.0,-0.13027961200879534,0.5,0.7271892810133876,3,0.4589661801665797,
322f3b805e404581d72f80c9d19f4da40c2ca165009f5cd8a7fee82b66ddefb8,AVAX,LONG,0.4857911863407231,0.9501721801766387,-0.833995502645504,0.6666666666666666,0.43086523967020407,9,0.4493421293497043,
c4644c893185ac2ac015451654bc2e12b6ccea460f76b37bcd01278dd0a254fa,LINK,SHORT,0.7542397743016152,1.0,-1.236183291949446,0.8333333333333334,0.19948748697666852,9,0.4476069434081378,
73217bd31f2c7c86eb7132966b54170ced55a65ca08b1b3daa823bb1bc8d40fc,BNB,LONG,0.8991469073523365,0.9684287044931137,-1.6197453781512263,0.5,0.2276133029741044,7,0.4433386866767785,
1353562862cdba28e74a6c5d50121f944f0f7e0d12f82d93c69608763b66c9fb,BNB,LONG,0.9001842802692533,0.9695460099098272,-1.6197453781512263,0.5,0.22671557278965218,7,0.4433386866767785,
93083a51c67526fd317a08271c0e3532236b137d32e49aedc38f27c6bb9e7018,AVAX,SHORT,0.43811400740995515,0.6591914972118328,-0.2606444444444427,0.6666666666666666,0.30552506315480943,7,0.4308021373403108,
e06bf7c43978e7dc36a5639d040a54da7b64aca4e40039d9f1317e4bb2164417,SOL,LONG,1.0,1.0,-1.612663181172007,0.5,0.5928882022465666,2,0.4271389910783513,
b57f4bfc1f98c8084d6ebd116992d86832fa7b69629090673ae68544feea9d70,SOL,SHORT,0.8757869060934649,0.991155776758031,-5.230577631608629,0.6666666666666666,0.5092898574011486,8,0.4249361654172574,
50b144fc1f9ebe46d885debd826afbee0c475028cf424a0cdea55fa40793c7a1,BNB,LONG,0.9975401722244831,1.0,-0.23739243697479118,0.5,0.26096126389442925,7,0.4244515822357096,
69c61981daaa137cb03aee4c072f4dd25064e61efdb43020f038bcf2abb17f18,LINK,LONG,0.4601732553521533,0.7415974962087203,-2.0128776527065155,0.8333333333333334,0.12932070815140223,24,0.4233328608054489,
37415a0a4e17ad4bbe7311c8e8fe38fa5664e6214f392c04463d9ba71699388e,LINK,LONG,0.49448303287113043,0.7658964231859111,-5.463111184682451,0.5,0.5151798083845922,15,0.4226977903386624,
a4010e8287965249f221667df7fcffcad5505d9a6b1884ca7ae7ae7cdff67547,LINK,SHORT,0.7136360197505623,0.9749509491349059,-0.9925608949953187,0.6666666666666666,0.40338147143567565,41,0.4214278196426039,
ab3d17d8f8270ebb3374e89870a1660975d143961edfcfab174816d128941a02,BTC,SHORT,0.8405982358811687,0.9764100194613451,-0.17294801148896627,0.6666666666666666,0.8002553023710562,4,0.4209309360645555,
5f44ae7d370f01f4cd6f71402ecc1f40292cb659d70ef48f82bd2e19e32b47c2,LINK,LONG,0.6707427962361309,0.7942527207007561,-3.1659704077691444,0.8333333333333334,0.16548764240172753,24,0.4187359276704879,
98e76f25f62c333fed64712d2787d1b26b9b9285c43de2c02344eb82ba6bbb1f,LINK,LONG,0.553760952485965,0.7647769621548306,-0.3344286155713807,0.8333333333333334,0.21031278451084892,8,0.4160679578094758,
9e85a697e702573a0fbbc726e623fecd09ad5b9ff4dca546d6be057300e88b62,LINK,LONG,0.5743528673151979,0.7841211284271328,-2.5408200573856465,0.6666666666666666,0.32965623305238706,6,0.4078898871928277,
d55f98544c690dd56c126a962e1a4f944f32965fb4a8cb111f692c334837fe41,SOL,LONG,0.47544389567365497,0.7928837121670161,-0.6196736376559723,0.6666666666666666,0.23753166087409722,6,0.3949031046609796,
c2bbf380fc446c766b9d32ef9254b1893152871a3f6c62489022e071f87426cf,BNB,LONG,0.8272722168216942,0.9720830023314905,-1.9726865546218342,0.6666666666666666,0.345765438034514,7,0.3877831311212201,
ccdcd3cff7b49bd59ee308014fd227d358e1bd60e0773139c66458bfa78b91c3,ADA,LONG,0.8490339388723528,1.0,-0.19178910854019582,0.5,0.7546245915116114,3,0.3864072576076567,
e6f0c504fb2b8d7223e266b50e5018d79e2b22362d97931806b01883456675a9,DOGE,LONG,0.6889225260924015,1.0,-1.0569231819859783,0.3333333333333333,0.2674277387306938,3,0.3823256199622798,
55170ce1bb8f238d6fab8823be3b6aa3920dbbd1104c558673c28f0baf9906d0,BNB,LONG,0.7660308678521548,0.9516197052398983,-1.552518487394953,0.6666666666666666,0.23864831520803512,7,0.3748321618478794,
f87468eb5b59f6a6152b150174934677d73b5e5223d1b9994798a64cebab7f13,BNB,LONG,0.8359326982154986,0.96595212978354,-3.9120630252100663,0.5,0.5298190076110942,5,0.3731303420853989,
f22a336025b1b1719acde816cc9fb7693fc5e43f2b1194172d14a0333666b0fb,SOL,LONG,0.6033307608045384,1.0,-1.612663181172007,0.5,0.6671150443457501,2,0.3728901698181708,
c71f9af882712b75ac921d62f4e11cfd9345f183d2ee7aa39fff18c7cc5f5c35,LINK,SHORT,0.6333895487431601,0.9756035530514705,-0.5099230480604808,1.0,0.20905909342062565,9,0.3691020155182684,
45437cccb9cc7e3acd4397988929a33d6392d2780b25af296f7ecc991fa7606f,BTC,SHORT,0.6725201482362334,0.9820460461535525,-0.25051885180064876,0.5,0.2690671846090391,14,0.3642728069314129,
f21b0951f2d8d31849ad66869369d6c9fe71d35af373ebd6674c1e2a0f7325ff,LINK,LONG,0.7590810681549212,1.0,-1.489969662859347,0.6666666666666666,0.10268726000659968,86,0.3620627664226583,
17f415e680eaaf310e2a0ecc627951c8f7214577b6fafec9bac3e6af519fda7f,DOGE,LONG,0.5570566400884635,0.8425408038378004,-0.4521296050203035,0.6666666666666666,0.5374221902174969,1,0.3577636906193187,
d70d55e82ca7d437ae5d08ea67e2f72c03bf5828fdf3c9a1b3a058ff6d4c71c6,DOGE,LONG,0.5185761073972769,0.7672526643837567,-3.177533444075307,0.6666666666666666,0.5237081714566375,1,0.3537440227798157,
53ef44f4a93f9c8e3632352aafcc61b388328c76f4a4f7fc06fc79bcf3d3d63b,DOGE,SHORT,0.7436141924043858,0.9497210497589545,-0.41831731266148986,0.5,0.4846644080886498,8,0.3481724266074883,
1d9c71497cf77e1fb556575389c47134d1022c4f8d678682166f522cd1887db3,LINK,SHORT,0.5941577761214636,0.9310784902510958,-0.69654994206257,0.8333333333333334,0.1803875674425567,17,0.3477203484424604,
755108203b6e751cde4c66b35796229cfc6dccd930d7562b5dd9fb9ec321e25e,LINK,LONG,0.6900865103061601,0.886958246198241,-1.1590023616399026,0.5,0.22958891317319927,6,0.3443034191731891,
1c7ec67d81a3d469ce3ab7f05363d71770bf7e8d6e971494bc0f2b8557d6cb2e,DOGE,LONG,0.7573016681745964,0.9667365562465684,-7.556391177556291,0.6666666666666666,0.33177707659455674,12,0.3421154977408597,
230d4a09f2c0a29aba7bf083a2733921514046c92f5f32a7f996b49aa3227e57,SOL,SHORT,0.9145397712147884,0.9911932843315358,-7.124097380237812,0.5,0.5796124392040932,8,0.3353375662035601,
c587bee79b30b288d33c627b407d33d76052606f207acdb092f7bcc2bbe82aeb,BTC,SHORT,0.3673046590026438,0.7067211118758894,-0.07155285661990163,0.6666666666666666,0.23130086148141238,113,0.3317296981835854,
11ddb6779ea7c4501fa6edf7eda8afa4513be7a0f317395ebe6d017e087e14f2,DOGE,LONG,0.5844831539723705,0.8524999314148096,-0.43293433001107406,0.6666666666666666,0.4149000897584832,1,0.3308227679644897,
6d58ad13dfc34dba3313b79bfe78b0fd562e256904f6c8be519dc7205fb8f929,LINK,LONG,0.5780594007212714,0.734519058894605,-0.13760945207748476,1.0,0.1648463413477117,8,0.3258074668293379,
58c5bcbb419cd393c7dd82cd3495913ffa681dc4eefcfdcc652c25b9a4346bdc,LINK,LONG,0.5773954186340475,0.7336753610026203,-0.30797307840866905,0.8333333333333334,0.17748558602940884,8,0.3258074668293379,
7bc42dfc4f8e1f822644d9be8585e2c8ff90e04fc9b3c5666087246459f14e3e,ADA,SHORT,0.8364076058796909,0.9517394801321898,-0.19706742403577343,0.5,0.19581273267778812,4,0.3252948467491603,
6a4dfd8ab26420006c165b8f614580cf3e7f76048abc80e8f01d86af85672663,AVAX,LONG,0.6724828567348163,0.8905365019039377,-0.24946190476190483,0.8333333333333334,0.30223928742345024,2,0.3244057581036189,
c26c33a01fddc2b43eaa717361fa9a1ed1b610d96eefc75404339362b43727c4,AVAX,LONG,0.6299388122930758,0.8679354503103996,-0.09006666666666688,0.6666666666666666,0.17095795792082427,17,0.3239875160950156,
3e9c48344a88b23ab95fd11c19f14f985b66e5ca4d86a175d859a59b0b876195,LINK,LONG,0.44155601067357136,0.6770650031432837,-10.39748680130222,0.5,0.4116734476633392,15,0.3232670087499937,
d7c98e96db83f16abb27add0c124bbf88ccab8c986e76576f18d6a930cf671fb,BTC,SHORT,0.7718508381137249,0.8846005645003124,-0.04349748256474293,0.5,0.34873848528028695,11,0.322602599834038,
0644ab535ba40d53feda053c5a564560fdf3f16528b2697c5c9cd3d531c0589c,ETH,SHORT,0.4501655466316954,0.7088636523286528,-0.8835910834132298,0.5,0.3138101284484116,15,0.322251055275745,
cec071e7a1324e635692a4c680a08d5c43d28e8bb14e09a4c7055d4b76995fe6,LINK,LONG,0.7180813531155357,0.9607746793877905,-1.2650156210340078,0.8333333333333334,0.16232060545805138,27,0.3222183365421991,
9f03bc0d303d0b859228efe740949f618857226e9c1557eecf9d233e30613645,LINK,LONG,0.8371797784549639,0.9598109939176792,-0.2814974452353416,0.5,0.21326624309473516,11,0.3220409413823673,
ef52345bae8c1f020d842be3542aa2cada3d9032afb6416490240558237e1e57,LINK,LONG,0.8453070551330981,0.9594208421483027,-0.3599754676378081,0.5,0.21852353707455588,11,0.3220409413823673,
aebcb9aa7d6582976592ed203bce1b38241bb2501f22335ed3d39c490f95a9d0,LINK,LONG,0.5683881381673963,0.794635749159388,-0.5001668984163651,0.5,0.19523809806669257,11,0.3218472429148888,
2f0bee061cee16200f48aa85222b25d57b72bb0e1dc178198055711f99b1b521,DOGE,LONG,0.794383402323209,0.9001638222529207,-1.5120507198228172,0.6666666666666666,0.1742833223011716,32,0.3178602901977549,
0b8d9e483c0ea4a518debdef64eacb94b609b0b27c5f963cf99f34177cad867a,BTC,SHORT,0.546363341387223,0.8402954512443699,-0.08465944279586231,0.5,0.37279818598284986,6,0.3160073363941929,
52cbbb3edf9182b264daf735651e3c3c5b9828fde53aff8ad18cfa594a6cac02,BTC,LONG,0.7983235900250757,0.9933870722598734,-0.2850476664713388,0.8333333333333334,0.29397170701764574,11,0.3159085638558231,
57ca44b42f6b809793ceb5c3f3cc722528f2f8a2d03462f6ade6e46d0319fd4e,LINK,SHORT,0.6888050566108003,1.0,-3.4912295701594616,0.6666666666666666,0.2960926899161963,5,0.3120383758895617,
79468b1833eb2c014982d29776d0e455cec5f577233096959627e4411b9b26ab,BTC,SHORT,0.5156417742977928,0.8132963967982504,0.04094706305924606,0.8333333333333334,0.24459305272260629,26,0.3113874740802353,
22665e7773491a01546184902bf010ae4f4013277debebb45be749b0fcfa507a,LINK,LONG,0.5793508058300906,0.830212495553958,-8.05710441428019,0.5,0.498544128509393,15,0.310805181879187,
ca2488123127d75d0421f9b30e39e6c33c56bc5e04a44f5e415601dd4bb07e5f,BTC,SHORT,0.36369844753557634,0.633990786507444,-0.05884995058725392,0.6666666666666666,0.22195469640668197,6,0.3107865711106524,
1f9f424d6a897ddc3e1d55c4bcac73fc9ec13ea3bf2ad3d10b1e8e400e4af00b,BNB,LONG,0.8129093776969224,0.9653025606571493,-4.178869747899135,0.5,0.47615752027969477,5,0.3106303420854042,
fdaa52a1f17328a8fb35789510012688257e6d2749eed00fff8275652df89357,LINK,LONG,0.6495203041246728,0.9124958151732696,-2.5699320256028,0.5,0.2389673061277179,27,0.3072195719308622,
20b8f2297414f5fa893e41fac522a4698396d36974e385ae60e12c0657254499,LINK,LONG,0.4984979159170172,0.8827064964257643,-7.8596093141312,0.8333333333333334,0.2069749827260555,19,0.3037112807732938,
671f3d1c114e471afe2bf4e6f4988c3c56c9aec80d1111472b8ed1b5690688ae,AVAX,LONG,0.863969357848167,0.9821839052142983,-1.1250357142857177,0.6666666666666666,0.1037214262976068,18,0.3030118351494168,
bd1bcabf40f2b08afe30591827b5e874fff1db336e98ecbbdd89b33f70744ee5,BTC,SHORT,0.40658761770474844,0.6221297714416271,-0.05336409657811719,0.8333333333333334,0.2926252156748318,6,0.3008185305843109,
d948d173030a5af6fd8c915608f3e760db671af2d258e67bff55e6c9499fadb7,BNB,LONG,0.9195942392843126,0.9591022784542639,-0.6575605042016737,0.6666666666666666,0.18670890843110244,7,0.2991153937858699,
2169141dc188371d6f8febd493c7f68842b889553b59dabd11c517d3613a20ca,BNB,LONG,0.9195942392843126,0.9591022784542639,-0.6575605042016737,0.6666666666666666,0.18670890843110244,7,0.2991153937858699,
a13be3a8e0d3e9fdd5368268b1dd449c635970be456797841a2c3381a4bf3e5e,LINK,LONG,0.524678072212531,0.8805090519395288,-10.175743304088737,0.6666666666666666,0.1359865781554943,37,0.2935105883093656,
a4e16c89874bbe4a123cadc4306eaaf637710621c16cd17a72778a066549c506,LINK,LONG,0.6823663606693878,0.8197493040519868,-0.449075351762954,0.6666666666666666,0.3601417023493888,9,0.2931339317609582,
824d00bf03a39f526a8f5e0ab6f4ea4481830cd7fdf50d1cf736db25b373e0bc,ADA,LONG,0.4654256324593501,0.8524141074055099,-0.01085482635601701,0.6666666666666666,0.40022709014118585,18,0.2868072192876401,
4518110537b6751c7508b98aa5dfb484ca45f773c38e50d627a39f520a450e0e,DOGE,LONG,0.7379805010897847,0.9697515340499497,-3.588142783314865,0.5,0.16325259831224648,32,0.2863287586662238,
5dd75aab3ea062e786a297bfab4564ee1d4c0cbbbfc901383ee24ba5cd6625df,LINK,LONG,0.3476696519244387,0.6767590677846972,-9.38709944821496,0.5,0.30870890569793497,15,0.2854257546987516,
2f68700001b3724d7fb8aa229838ca65d08a22e2936abd299e2c05dc4b64399f,LINK,SHORT,0.43303538663637064,0.8476673215673666,-0.34666109915576976,0.6666666666666666,0.18852407905551075,13,0.2825731462121701,
b6939e360e4213e6d57fa9c205678a0a31e89b9b800cb8d658f94126d7a46eb1,BNB,LONG,0.4966158151575507,0.7436100044372669,-0.37432605042016703,0.8333333333333334,0.2625788593013508,8,0.2798375700005624,
5fdff6cd9c41262406a13656e0230ceddc9b0b7323a4cf724f34c222688857f7,DOGE,LONG,0.9235457336929233,0.9961090048597679,-11.823494425987422,0.6666666666666666,0.1042923201626444,18,0.2788288239559756,
4ce41eb395088de09cc753668b99d7af5c1093ae7a50a455abe2956a820fe506,ETH,SHORT,0.505355967248891,0.8864518525142867,-0.018749664429530095,1.0,0.4234601753461557,4,0.2749453845965199,
2f0badf44e05a0fc6dcbca4eaa47887a095611708eb2115eb4e3a175652c5179,LINK,LONG,0.6554832504011401,0.8117629404031659,-0.449075351762954,0.6666666666666666,0.36187819721428616,9,0.2730310799610513,
9f49fd9cf001f5440bfe9115c7e678fa27182c94aefaa813f6bdeb0371fe1c3a,LINK,SHORT,0.6461640571989851,0.9028525021506459,-5.656007625669039,1.0,0.14083568399578444,166,0.2712558603468294,
79179cefd649ee91ddaa700ac2d1f6dd0ffd83705fe3387b9c6e2948a6aac7fa,LINK,SHORT,0.5429955747366014,1.0,-0.9365251945042207,0.8333333333333334,0.3211228297900794,9,0.2708389969278706,
7c42371b99be75dd71e73bca9c8236e7fce2e3b8becd52379c261108d97f8922,AVAX,LONG,0.7916110301747136,1.0,-0.5298502645502616,0.6666666666666666,0.213154186445758,4,0.2706801264442343,
