hash,strategy_id,asset,direction,period,trades,pf,expectancy_r,net_r,return,maxdd,win_rate,average_win_r,average_loss_r,largest_loss_r,val_pf,val_expectancy_r,dev_fitness,month_equivalent_trades
0014d401c268e53271e2875c0d2e2f4ca5fc669f6817d7e1f2eb48f25caae564,SQX-ADA-M15-0014d401c268,ADA,LONG,D1,10,0.18183590912842748,-0.7682964142665287,-0.041862117103384104,-0.041862117103383945,0.042854113380722314,0.2,0.0,0.0,0.0,1.756419218779338,0.718553169947715,0.2975416293492341,10
0014d401c268e53271e2875c0d2e2f4ca5fc669f6817d7e1f2eb48f25caae564,SQX-ADA-M15-0014d401c268,ADA,LONG,D2,4,0.04932729316172561,-1.05125663964972,-0.009404624444408795,-0.009404624444408705,0.009404624444408705,0.25,0.0,0.0,0.0,1.756419218779338,0.718553169947715,0.2975416293492341,4
0014d401c268e53271e2875c0d2e2f4ca5fc669f6817d7e1f2eb48f25caae564,SQX-ADA-M15-0014d401c268,ADA,LONG,D3,5,0.9965745253341418,0.9659025596475747,-4.724731631397007e-05,-4.7247316313780985e-05,0.01379292533816856,0.8,0.0,0.0,0.0,1.756419218779338,0.718553169947715,0.2975416293492341,5
0014d401c268e53271e2875c0d2e2f4ca5fc669f6817d7e1f2eb48f25caae564,SQX-ADA-M15-0014d401c268,ADA,LONG,D4,5,0.916304260571358,0.15945256504079164,-0.023490388472586846,-0.023490388472586887,0.17486365430593265,0.4,0.0,0.0,0.0,1.756419218779338,0.718553169947715,0.2975416293492341,5
0014d401c268e53271e2875c0d2e2f4ca5fc669f6817d7e1f2eb48f25caae564,SQX-ADA-M15-0014d401c268,ADA,LONG,D5,13,0.9746942912222827,0.362778900790941,-0.01647367179602656,-0.016473671796026657,0.5472544487411968,0.46153846153846156,0.0,0.0,0.0,1.756419218779338,0.718553169947715,0.2975416293492341,13
0014d401c268e53271e2875c0d2e2f4ca5fc669f6817d7e1f2eb48f25caae564,SQX-ADA-M15-0014d401c268,ADA,LONG,D6,4,0.0,-1.1032709355925212,-0.03978362991607915,-0.0397836299160792,0.0397836299160792,0.0,0.0,0.0,0.0,1.756419218779338,0.718553169947715,0.2975416293492341,4
0014d401c268e53271e2875c0d2e2f4ca5fc669f6817d7e1f2eb48f25caae564,SQX-ADA-M15-0014d401c268,ADA,LONG,VAL,16,1.756419218779338,0.718553169947715,0.05351450714847335,0.05351450714847439,0.10262743377031902,0.625,0.0,0.0,0.0,1.756419218779338,0.718553169947715,0.2975416293492341,16
0014d401c268e53271e2875c0d2e2f4ca5fc669f6817d7e1f2eb48f25caae564,SQX-ADA-M15-0014d401c268,ADA,LONG,OOS,7,0.3978133401717338,-0.2740810276439368,-0.05459832640682895,-0.054598326406829045,0.07304404293897693,0.2857142857142857,0.0,0.0,0.0,1.756419218779338,0.718553169947715,0.2975416293492341,7
e3098ff41a080c146f6618678aff9b8449f5b703fec33cc2c0153c35cace79f1,SQX-ADA-M15-e3098ff41a08,ADA,LONG,D1,10,0.2541744346953299,-0.634963080933195,-0.03816085000775553,-0.03816085000775549,0.04053814712001835,0.2,0.0,0.0,0.0,1.4229374363180414,0.5618310100357312,0.6180544498620537,10
e3098ff41a080c146f6618678aff9b8449f5b703fec33cc2c0153c35cace79f1,SQX-ADA-M15-e3098ff41a08,ADA,LONG,D2,4,0.09609542342216196,-0.8845899729830475,-0.00894196605745521,-0.00894196605745512,0.00894196605745512,0.25,0.0,0.0,0.0,1.4229374363180414,0.5618310100357312,0.6180544498620537,4
e3098ff41a080c146f6618678aff9b8449f5b703fec33cc2c0153c35cace79f1,SQX-ADA-M15-e3098ff41a08,ADA,LONG,D3,5,1.415767157222869,1.4992358929809138,0.005734645357637616,0.005734645357637458,0.019527570695806018,0.8,0.0,0.0,0.0,1.4229374363180414,0.5618310100357312,0.6180544498620537,5
e3098ff41a080c146f6618678aff9b8449f5b703fec33cc2c0153c35cace79f1,SQX-ADA-M15-e3098ff41a08,ADA,LONG,D4,5,1.2238768009485124,0.42611923170745875,0.06283417842032794,0.06283417842032812,0.17486365430593265,0.4,0.0,0.0,0.0,1.4229374363180414,0.5618310100357312,0.6180544498620537,5
e3098ff41a080c146f6618678aff9b8449f5b703fec33cc2c0153c35cace79f1,SQX-ADA-M15-e3098ff41a08,ADA,LONG,D5,13,1.3023574230963808,0.6704712084832459,0.19683056487111966,0.19683056487111994,0.5472544487411968,0.46153846153846156,0.0,0.0,0.0,1.4229374363180414,0.5618310100357312,0.6180544498620537,13
e3098ff41a080c146f6618678aff9b8449f5b703fec33cc2c0153c35cace79f1,SQX-ADA-M15-e3098ff41a08,ADA,LONG,D6,4,0.0,-1.1032709355925212,-0.03978362991607915,-0.0397836299160792,0.0397836299160792,0.0,0.0,0.0,0.0,1.4229374363180414,0.5618310100357312,0.6180544498620537,4
e3098ff41a080c146f6618678aff9b8449f5b703fec33cc2c0153c35cace79f1,SQX-ADA-M15-e3098ff41a08,ADA,LONG,VAL,15,1.4229374363180414,0.5618310100357312,0.03679069922925912,0.03679069922926015,0.08590362585110478,0.4666666666666667,0.0,0.0,0.0,1.4229374363180414,0.5618310100357312,0.6180544498620537,15
e3098ff41a080c146f6618678aff9b8449f5b703fec33cc2c0153c35cace79f1,SQX-ADA-M15-e3098ff41a08,ADA,LONG,OOS,7,0.5370354255610646,-0.0836048371677459,-0.04197550798821127,-0.04197550798821137,0.07304404293897693,0.2857142857142857,0.0,0.0,0.0,1.4229374363180414,0.5618310100357312,0.6180544498620537,7
4a97d90f904017698344f8e44d0188e2ac8d54065b71c4329edec88f2f436a72,SQX-ADA-M15-4a97d90f9040,ADA,LONG,D1,10,0.2541744346953299,-0.634963080933195,-0.03816085000775553,-0.03816085000775549,0.04053814712001835,0.2,0.0,0.0,0.0,1.4229374363180414,0.5618310100357312,0.6180544498620537,10
4a97d90f904017698344f8e44d0188e2ac8d54065b71c4329edec88f2f436a72,SQX-ADA-M15-4a97d90f9040,ADA,LONG,D2,4,0.09609542342216196,-0.8845899729830475,-0.00894196605745521,-0.00894196605745512,0.00894196605745512,0.25,0.0,0.0,0.0,1.4229374363180414,0.5618310100357312,0.6180544498620537,4
4a97d90f904017698344f8e44d0188e2ac8d54065b71c4329edec88f2f436a72,SQX-ADA-M15-4a97d90f9040,ADA,LONG,D3,5,1.415767157222869,1.4992358929809138,0.005734645357637616,0.005734645357637458,0.019527570695806018,0.8,0.0,0.0,0.0,1.4229374363180414,0.5618310100357312,0.6180544498620537,5
4a97d90f904017698344f8e44d0188e2ac8d54065b71c4329edec88f2f436a72,SQX-ADA-M15-4a97d90f9040,ADA,LONG,D4,5,1.2238768009485124,0.42611923170745875,0.06283417842032794,0.06283417842032812,0.17486365430593265,0.4,0.0,0.0,0.0,1.4229374363180414,0.5618310100357312,0.6180544498620537,5
4a97d90f904017698344f8e44d0188e2ac8d54065b71c4329edec88f2f436a72,SQX-ADA-M15-4a97d90f9040,ADA,LONG,D5,13,1.3023574230963808,0.6704712084832459,0.19683056487111966,0.19683056487111994,0.5472544487411968,0.46153846153846156,0.0,0.0,0.0,1.4229374363180414,0.5618310100357312,0.6180544498620537,13
4a97d90f904017698344f8e44d0188e2ac8d54065b71c4329edec88f2f436a72,SQX-ADA-M15-4a97d90f9040,ADA,LONG,D6,4,0.0,-1.1032709355925212,-0.03978362991607915,-0.0397836299160792,0.0397836299160792,0.0,0.0,0.0,0.0,1.4229374363180414,0.5618310100357312,0.6180544498620537,4
4a97d90f904017698344f8e44d0188e2ac8d54065b71c4329edec88f2f436a72,SQX-ADA-M15-4a97d90f9040,ADA,LONG,VAL,15,1.4229374363180414,0.5618310100357312,0.03679069922925912,0.03679069922926015,0.08590362585110478,0.4666666666666667,0.0,0.0,0.0,1.4229374363180414,0.5618310100357312,0.6180544498620537,15
4a97d90f904017698344f8e44d0188e2ac8d54065b71c4329edec88f2f436a72,SQX-ADA-M15-4a97d90f9040,ADA,LONG,OOS,7,0.5370354255610646,-0.0836048371677459,-0.04197550798821127,-0.04197550798821137,0.07304404293897693,0.2857142857142857,0.0,0.0,0.0,1.4229374363180414,0.5618310100357312,0.6180544498620537,7
d00b5a8a77747f5024304edf97b235f60b5df9f33f324f6b8a5e17640fbc3751,SQX-AVAX-M15-d00b5a8a7774,AVAX,LONG,D1,12,1.2143287792140218,0.18212824842721034,0.16105251322751363,0.16105251322751357,0.3852121693121692,0.6666666666666666,0.0,0.0,0.0,7.064857531518848,0.6123210978431074,0.4942194932948004,12
d00b5a8a77747f5024304edf97b235f60b5df9f33f324f6b8a5e17640fbc3751,SQX-AVAX-M15-d00b5a8a7774,AVAX,LONG,D2,11,5.1234203640817135,0.2596856854452459,1.2148883597883604,1.2148883597883606,1.212587830687831,0.7272727272727273,0.0,0.0,0.0,7.064857531518848,0.6123210978431074,0.4942194932948004,11
d00b5a8a77747f5024304edf97b235f60b5df9f33f324f6b8a5e17640fbc3751,SQX-AVAX-M15-d00b5a8a7774,AVAX,LONG,D3,12,2.038429210823083,0.28632242469002706,1.2550730158730197,1.2550730158730192,1.4643063492063524,0.6666666666666666,0.0,0.0,0.0,7.064857531518848,0.6123210978431074,0.4942194932948004,12
d00b5a8a77747f5024304edf97b235f60b5df9f33f324f6b8a5e17640fbc3751,SQX-AVAX-M15-d00b5a8a7774,AVAX,LONG,D4,5,2.0278623329534344,0.4248612429063476,0.11309259259259248,0.11309259259259252,0.1100269841269842,0.8,0.0,0.0,0.0,7.064857531518848,0.6123210978431074,0.4942194932948004,5
d00b5a8a77747f5024304edf97b235f60b5df9f33f324f6b8a5e17640fbc3751,SQX-AVAX-M15-d00b5a8a7774,AVAX,LONG,D5,2,0.6120349674082142,-0.12275522388059867,-0.017540740740741276,-0.0175407407407413,0.04521216931216976,0.5,0.0,0.0,0.0,7.064857531518848,0.6123210978431074,0.4942194932948004,2
d00b5a8a77747f5024304edf97b235f60b5df9f33f324f6b8a5e17640fbc3751,SQX-AVAX-M15-d00b5a8a7774,AVAX,LONG,D6,8,0.6374033302264643,-0.061864768601782236,-0.2437079365079373,-0.2437079365079371,0.5410079365079372,0.5,0.0,0.0,0.0,7.064857531518848,0.6123210978431074,0.4942194932948004,8
d00b5a8a77747f5024304edf97b235f60b5df9f33f324f6b8a5e17640fbc3751,SQX-AVAX-M15-d00b5a8a7774,AVAX,LONG,VAL,10,7.064857531518848,0.6123210978431074,0.8798888888888874,0.8798888888888876,0.7559211640211625,0.9,0.0,0.0,0.0,7.064857531518848,0.6123210978431074,0.4942194932948004,10
d00b5a8a77747f5024304edf97b235f60b5df9f33f324f6b8a5e17640fbc3751,SQX-AVAX-M15-d00b5a8a7774,AVAX,LONG,OOS,3,0.012081771903669955,-0.6723190834985662,-0.07783227513227517,-0.07783227513227509,0.07878412698412718,0.3333333333333333,0.0,0.0,0.0,7.064857531518848,0.6123210978431074,0.4942194932948004,3
84d0595662928b026f35512f5968f86207fd828abb4eb3fa65cd1f3ed64645dc,SQX-AVAX-M15-84d059566292,AVAX,SHORT,D1,2,7.568264972077818,-0.22612965699361776,0.1263296296296299,0.1263296296296299,0.019233333333333325,0.5,0.0,0.0,0.0,2.780120978640897,0.5838413745374269,0.3133709497546664,2
84d0595662928b026f35512f5968f86207fd828abb4eb3fa65cd1f3ed64645dc,SQX-AVAX-M15-84d059566292,AVAX,SHORT,D2,6,0.9821711825390145,0.20908652247011364,-0.009436375661373286,-0.009436375661373342,0.4318167989417975,0.3333333333333333,0.0,0.0,0.0,2.780120978640897,0.5838413745374269,0.3133709497546664,6
84d0595662928b026f35512f5968f86207fd828abb4eb3fa65cd1f3ed64645dc,SQX-AVAX-M15-84d059566292,AVAX,SHORT,D3,6,1.2598270775050062,0.2150339724646763,0.1888460317460312,0.18884603174603076,0.7268142857142851,0.3333333333333333,0.0,0.0,0.0,2.780120978640897,0.5838413745374269,0.3133709497546664,6
84d0595662928b026f35512f5968f86207fd828abb4eb3fa65cd1f3ed64645dc,SQX-AVAX-M15-84d059566292,AVAX,SHORT,D4,19,1.506799558679509,0.4968306612867983,0.1730455026455023,0.17304550264550356,0.1868698412698394,0.42105263157894735,0.0,0.0,0.0,2.780120978640897,0.5838413745374269,0.3133709497546664,19
84d0595662928b026f35512f5968f86207fd828abb4eb3fa65cd1f3ed64645dc,SQX-AVAX-M15-84d059566292,AVAX,SHORT,D5,9,0.1862221771504671,-0.43086229086178895,-0.1401105820105808,-0.1401105820105809,0.14120634920634945,0.2222222222222222,0.0,0.0,0.0,2.780120978640897,0.5838413745374269,0.3133709497546664,9
84d0595662928b026f35512f5968f86207fd828abb4eb3fa65cd1f3ed64645dc,SQX-AVAX-M15-84d059566292,AVAX,SHORT,D6,20,1.1546227353932041,-0.1699392898863521,0.03411640211640066,0.034116402116400435,0.17202010582010585,0.25,0.0,0.0,0.0,2.780120978640897,0.5838413745374269,0.3133709497546664,20
84d0595662928b026f35512f5968f86207fd828abb4eb3fa65cd1f3ed64645dc,SQX-AVAX-M15-84d059566292,AVAX,SHORT,VAL,16,2.780120978640897,0.5838413745374269,0.9652296296296297,0.9652296296296301,0.7439074074074079,0.4375,0.0,0.0,0.0,2.780120978640897,0.5838413745374269,0.3133709497546664,16
84d0595662928b026f35512f5968f86207fd828abb4eb3fa65cd1f3ed64645dc,SQX-AVAX-M15-84d059566292,AVAX,SHORT,OOS,34,1.3640239069428748,0.08478664536505753,0.10789206349206523,0.10789206349206859,0.18622116402116617,0.35294117647058826,0.0,0.0,0.0,2.780120978640897,0.5838413745374269,0.3133709497546664,34
4d5503c1c13592902c04dd29c704d5b958233190bfd327bd83c7131c239de093,SQX-AVAX-M15-4d5503c1c135,AVAX,LONG,D1,12,1.0250681806738082,0.01932697720067898,0.02265370370370301,0.0226537037037029,0.5080142857142853,0.4166666666666667,0.0,0.0,0.0,3.125475571958043,0.5069455075373748,0.1994260551944403,12
4d5503c1c13592902c04dd29c704d5b958233190bfd327bd83c7131c239de093,SQX-AVAX-M15-4d5503c1c135,AVAX,LONG,D2,11,1.325897411632543,0.4127889249883774,0.28242804232804264,0.28242804232804297,0.8159275132275136,0.5454545454545454,0.0,0.0,0.0,3.125475571958043,0.5069455075373748,0.1994260551944403,11
4d5503c1c13592902c04dd29c704d5b958233190bfd327bd83c7131c239de093,SQX-AVAX-M15-4d5503c1c135,AVAX,LONG,D3,12,2.4492991777460937,0.3251717822505578,1.4802052910052894,1.480205291005288,1.6477719576719552,0.6666666666666666,0.0,0.0,0.0,3.125475571958043,0.5069455075373748,0.1994260551944403,12
4d5503c1c13592902c04dd29c704d5b958233190bfd327bd83c7131c239de093,SQX-AVAX-M15-4d5503c1c135,AVAX,LONG,D4,5,0.4504942183108265,-0.018923446367062936,-0.13333597883597897,-0.13333597883597903,0.1693407407407408,0.4,0.0,0.0,0.0,3.125475571958043,0.5069455075373748,0.1994260551944403,5
4d5503c1c13592902c04dd29c704d5b958233190bfd327bd83c7131c239de093,SQX-AVAX-M15-4d5503c1c135,AVAX,LONG,D5,2,1.4630541871921179,0.3297649253731393,0.013279365079365026,0.013279365079365002,0.02867777777777769,0.5,0.0,0.0,0.0,3.125475571958043,0.5069455075373748,0.1994260551944403,2
4d5503c1c13592902c04dd29c704d5b958233190bfd327bd83c7131c239de093,SQX-AVAX-M15-4d5503c1c135,AVAX,LONG,D6,8,0.46433029722977043,-0.0796036880249543,-0.46566560846560895,-0.4656656084656088,0.5824878306878307,0.375,0.0,0.0,0.0,3.125475571958043,0.5069455075373748,0.1994260551944403,8
4d5503c1c13592902c04dd29c704d5b958233190bfd327bd83c7131c239de093,SQX-AVAX-M15-4d5503c1c135,AVAX,LONG,VAL,10,3.125475571958043,0.5069455075373748,0.6411322751322736,0.6411322751322741,0.4547306878306867,0.7,0.0,0.0,0.0,3.125475571958043,0.5069455075373748,0.1994260551944403,10
4d5503c1c13592902c04dd29c704d5b958233190bfd327bd83c7131c239de093,SQX-AVAX-M15-4d5503c1c135,AVAX,LONG,OOS,3,0.0827736072698537,-0.5212977307777028,-0.05158888888888876,-0.051588888888888684,0.05624444444444432,0.3333333333333333,0.0,0.0,0.0,3.125475571958043,0.5069455075373748,0.1994260551944403,3
1de87d885f2f5f466523ac120130649510cc99968267fa3cf9f65b74a8b3529f,SQX-BNB-M15-1de87d885f2f,BNB,LONG,D1,10,1.640014467968555,0.0719109793350575,0.3063109243697497,0.30631092436975016,0.4382592436974799,0.6,0.0,0.0,0.0,14.339402424251086,0.618392036623047,0.1086678041794859,10
1de87d885f2f5f466523ac120130649510cc99968267fa3cf9f65b74a8b3529f,SQX-BNB-M15-1de87d885f2f,BNB,LONG,D2,14,0.3399593734855305,-0.5046705483325332,-0.5379109243697445,-0.5379109243697446,0.5379109243697446,0.2857142857142857,0.0,0.0,0.0,14.339402424251086,0.618392036623047,0.1086678041794859,14
1de87d885f2f5f466523ac120130649510cc99968267fa3cf9f65b74a8b3529f,SQX-BNB-M15-1de87d885f2f,BNB,LONG,D3,8,9.293424895904792,0.5670254584227108,0.6728546218487459,0.6728546218487466,0.6861798319327772,0.875,0.0,0.0,0.0,14.339402424251086,0.618392036623047,0.1086678041794859,8
1de87d885f2f5f466523ac120130649510cc99968267fa3cf9f65b74a8b3529f,SQX-BNB-M15-1de87d885f2f,BNB,LONG,D4,8,9.330651486701512,0.34163222270982235,1.1781361344537773,1.1781361344537773,0.689397478991594,0.75,0.0,0.0,0.0,14.339402424251086,0.618392036623047,0.1086678041794859,8
1de87d885f2f5f466523ac120130649510cc99968267fa3cf9f65b74a8b3529f,SQX-BNB-M15-1de87d885f2f,BNB,LONG,D5,2,5.134994962093196,-0.10029470320832795,7.300771428571469,7.300771428571469,9.066377310924397,0.5,0.0,0.0,0.0,14.339402424251086,0.618392036623047,0.1086678041794859,2
1de87d885f2f5f466523ac120130649510cc99968267fa3cf9f65b74a8b3529f,SQX-BNB-M15-1de87d885f2f,BNB,LONG,D6,5,0.057264630323927805,-0.6409727006222863,-5.380550420168112,-5.380550420168112,5.707381512605061,0.2,0.0,0.0,0.0,14.339402424251086,0.618392036623047,0.1086678041794859,5
1de87d885f2f5f466523ac120130649510cc99968267fa3cf9f65b74a8b3529f,SQX-BNB-M15-1de87d885f2f,BNB,LONG,VAL,10,14.339402424251086,0.618392036623047,4.635957983193251,4.635957983193251,3.796521848739486,0.9,0.0,0.0,0.0,14.339402424251086,0.618392036623047,0.1086678041794859,10
1de87d885f2f5f466523ac120130649510cc99968267fa3cf9f65b74a8b3529f,SQX-BNB-M15-1de87d885f2f,BNB,LONG,OOS,2,0.0,-1.0003844097079466,-5.1436067226891256,-5.1436067226891256,5.1436067226891256,0.0,0.0,0.0,0.0,14.339402424251086,0.618392036623047,0.1086678041794859,2
45e64e54fe91888b7671fce0892b38e9fe8926624f0babc79fa780f8fefebbf4,SQX-BTC-M15-45e64e54fe91,BTC,SHORT,D1,7,15.385663067088318,1.5009935999868678,0.15522503690870598,0.15522503690870648,0.16601529636249768,0.8571428571428571,0.0,0.0,0.0,3.4588450329210425,0.6696742655167256,0.2114513865366496,7
45e64e54fe91888b7671fce0892b38e9fe8926624f0babc79fa780f8fefebbf4,SQX-BTC-M15-45e64e54fe91,BTC,SHORT,D2,35,1.579362817007758,0.12643612902123216,0.07135125623693517,0.07135125623693761,0.10400089787719868,0.45714285714285713,0.0,0.0,0.0,3.4588450329210425,0.6696742655167256,0.2114513865366496,35
45e64e54fe91888b7671fce0892b38e9fe8926624f0babc79fa780f8fefebbf4,SQX-BTC-M15-45e64e54fe91,BTC,SHORT,D3,30,1.5054191821809277,0.24146409698623614,0.10570104685293656,0.10570104685293957,0.20424784548359498,0.43333333333333335,0.0,0.0,0.0,3.4588450329210425,0.6696742655167256,0.2114513865366496,30
45e64e54fe91888b7671fce0892b38e9fe8926624f0babc79fa780f8fefebbf4,SQX-BTC-M15-45e64e54fe91,BTC,SHORT,D4,16,0.5955998701279163,-0.3360415246229199,-0.06911238027298364,-0.06911238027298383,0.06911238027298383,0.25,0.0,0.0,0.0,3.4588450329210425,0.6696742655167256,0.2114513865366496,16
45e64e54fe91888b7671fce0892b38e9fe8926624f0babc79fa780f8fefebbf4,SQX-BTC-M15-45e64e54fe91,BTC,SHORT,D5,6,0.8706318599763604,-0.009512593636473018,-0.052544251695254326,-0.05254425169525445,0.23008085212515073,0.3333333333333333,0.0,0.0,0.0,3.4588450329210425,0.6696742655167256,0.2114513865366496,6
45e64e54fe91888b7671fce0892b38e9fe8926624f0babc79fa780f8fefebbf4,SQX-BTC-M15-45e64e54fe91,BTC,SHORT,D6,18,0.4617382231664789,-0.2861189958083514,-0.3119979722671826,-0.31199797226718284,0.474948539541597,0.2777777777777778,0.0,0.0,0.0,3.4588450329210425,0.6696742655167256,0.2114513865366496,18
45e64e54fe91888b7671fce0892b38e9fe8926624f0babc79fa780f8fefebbf4,SQX-BTC-M15-45e64e54fe91,BTC,SHORT,VAL,12,3.4588450329210425,0.6696742655167256,0.15585135787834858,0.1558513578783498,0.17557312201394892,0.5833333333333334,0.0,0.0,0.0,3.4588450329210425,0.6696742655167256,0.2114513865366496,12
45e64e54fe91888b7671fce0892b38e9fe8926624f0babc79fa780f8fefebbf4,SQX-BTC-M15-45e64e54fe91,BTC,SHORT,OOS,3,0.0,-1.0069664745801106,-0.4130044683335995,-0.4130044683335995,0.4130044683335995,0.0,0.0,0.0,0.0,3.4588450329210425,0.6696742655167256,0.2114513865366496,3
ee6fb8c7d7cd813bdcc7040e6e599c48723d946afa3a0839e7a0222821c9ecfa,SQX-BTC-M15-ee6fb8c7d7cd,BTC,SHORT,D1,11,3.487379687971934,0.5855435631272192,0.17274647158130252,0.1727464715813034,0.15005775190108483,0.45454545454545453,0.0,0.0,0.0,2.637442107142024,0.6188988961303313,0.1951643115126034,11
ee6fb8c7d7cd813bdcc7040e6e599c48723d946afa3a0839e7a0222821c9ecfa,SQX-BTC-M15-ee6fb8c7d7cd,BTC,SHORT,D2,18,0.8672404301977386,-0.2704708900860916,-0.010762586572873666,-0.010762586572873656,0.03322844390748192,0.2777777777777778,0.0,0.0,0.0,2.637442107142024,0.6188988961303313,0.1951643115126034,18
ee6fb8c7d7cd813bdcc7040e6e599c48723d946afa3a0839e7a0222821c9ecfa,SQX-BTC-M15-ee6fb8c7d7cd,BTC,SHORT,D3,14,0.9430085004476567,0.22385358343950154,-0.008158886986278147,-0.008158886986278313,0.09160077585386162,0.35714285714285715,0.0,0.0,0.0,2.637442107142024,0.6188988961303313,0.1951643115126034,14
ee6fb8c7d7cd813bdcc7040e6e599c48723d946afa3a0839e7a0222821c9ecfa,SQX-BTC-M15-ee6fb8c7d7cd,BTC,SHORT,D4,11,0.6307680815300922,-0.283598924336372,-0.032385984077966536,-0.03238598407796667,0.0428805952056901,0.2727272727272727,0.0,0.0,0.0,2.637442107142024,0.6188988961303313,0.1951643115126034,11
ee6fb8c7d7cd813bdcc7040e6e599c48723d946afa3a0839e7a0222821c9ecfa,SQX-BTC-M15-ee6fb8c7d7cd,BTC,SHORT,D5,12,2.5434269730646304,0.7862553150353874,0.8133689004088409,0.8133689004088409,0.5312920942288297,0.5,0.0,0.0,0.0,2.637442107142024,0.6188988961303313,0.1951643115126034,12
ee6fb8c7d7cd813bdcc7040e6e599c48723d946afa3a0839e7a0222821c9ecfa,SQX-BTC-M15-ee6fb8c7d7cd,BTC,SHORT,D6,13,1.1153228072886001,-0.09972549824610864,0.04860860841102728,0.048608608411027765,0.32053402479889836,0.3076923076923077,0.0,0.0,0.0,2.637442107142024,0.6188988961303313,0.1951643115126034,13
ee6fb8c7d7cd813bdcc7040e6e599c48723d946afa3a0839e7a0222821c9ecfa,SQX-BTC-M15-ee6fb8c7d7cd,BTC,SHORT,VAL,18,2.637442107142024,0.6188988961303313,0.3206979623444015,0.3206979623444026,0.3466978940917902,0.4444444444444444,0.0,0.0,0.0,2.637442107142024,0.6188988961303313,0.1951643115126034,18
ee6fb8c7d7cd813bdcc7040e6e599c48723d946afa3a0839e7a0222821c9ecfa,SQX-BTC-M15-ee6fb8c7d7cd,BTC,SHORT,OOS,21,1.787226455555914,0.4917186669356911,0.9266165810938941,0.9266165810938953,1.0020280382804678,0.42857142857142855,0.0,0.0,0.0,2.637442107142024,0.6188988961303313,0.1951643115126034,21
a4ba0f0765801fc0c6fcb74d668316773579bc93ad648afcf69389153fb600cd,SQX-BTC-M15-a4ba0f076580,BTC,SHORT,D1,7,6.305207475157923,1.5251343237920134,0.11323442734180865,0.11323442734180911,0.12155212193215248,0.7142857142857143,0.0,0.0,0.0,3.5244004459723195,0.572417592804456,0.3722807366009879,7
a4ba0f0765801fc0c6fcb74d668316773579bc93ad648afcf69389153fb600cd,SQX-BTC-M15-a4ba0f076580,BTC,SHORT,D2,36,1.2365125988385899,0.09803012398803121,0.028338958564362304,0.028338958564364303,0.053678897740424114,0.3888888888888889,0.0,0.0,0.0,3.5244004459723195,0.572417592804456,0.3722807366009879,36
a4ba0f0765801fc0c6fcb74d668316773579bc93ad648afcf69389153fb600cd,SQX-BTC-M15-a4ba0f076580,BTC,SHORT,D3,31,1.87852318236575,0.44617431884619135,0.14723860040576037,0.14723860040576353,0.21135168197769016,0.41935483870967744,0.0,0.0,0.0,3.5244004459723195,0.572417592804456,0.3722807366009879,31
a4ba0f0765801fc0c6fcb74d668316773579bc93ad648afcf69389153fb600cd,SQX-BTC-M15-a4ba0f076580,BTC,SHORT,D4,17,0.732929312223449,-0.25268149631929665,-0.03709055163933639,-0.0370905516393365,0.04680944889702954,0.23529411764705882,0.0,0.0,0.0,3.5244004459723195,0.572417592804456,0.3722807366009879,17
a4ba0f0765801fc0c6fcb74d668316773579bc93ad648afcf69389153fb600cd,SQX-BTC-M15-a4ba0f076580,BTC,SHORT,D5,6,1.1574228789979681,0.20953876404025976,0.04809591825241083,0.048095918252410774,0.1730106390938626,0.3333333333333333,0.0,0.0,0.0,3.5244004459723195,0.572417592804456,0.3722807366009879,6
a4ba0f0765801fc0c6fcb74d668316773579bc93ad648afcf69389153fb600cd,SQX-BTC-M15-a4ba0f076580,BTC,SHORT,D6,18,0.6115363544214174,-0.1407512536703962,-0.17001301130794433,-0.17001301130794455,0.35823640465619666,0.2777777777777778,0.0,0.0,0.0,3.5244004459723195,0.572417592804456,0.3722807366009879,18
a4ba0f0765801fc0c6fcb74d668316773579bc93ad648afcf69389153fb600cd,SQX-BTC-M15-a4ba0f076580,BTC,SHORT,VAL,13,3.5244004459723195,0.572417592804456,0.1482097362552788,0.1482097362552801,0.16322605935697876,0.46153846153846156,0.0,0.0,0.0,3.5244004459723195,0.572417592804456,0.3722807366009879,13
a4ba0f0765801fc0c6fcb74d668316773579bc93ad648afcf69389153fb600cd,SQX-BTC-M15-a4ba0f076580,BTC,SHORT,OOS,3,0.0,-1.0092886327734847,-0.3104283512502014,-0.3104283512502014,0.3104283512502014,0.0,0.0,0.0,0.0,3.5244004459723195,0.572417592804456,0.3722807366009879,3
6a213373b540b5ec9daacea2c37329788106e118cb1955c3d521c769d36198fb,SQX-BTC-M15-6a213373b540,BTC,LONG,D1,11,0.6084634836497596,0.035114844384310985,-0.1360543608592048,-0.13605436085920486,0.298618984014943,0.36363636363636365,0.0,0.0,0.0,2.420192535636522,0.5309494379173274,0.3099199475783784,11
6a213373b540b5ec9daacea2c37329788106e118cb1955c3d521c769d36198fb,SQX-BTC-M15-6a213373b540,BTC,LONG,D2,8,1.1234304609238777,-0.06873202884133633,0.005223249333899931,0.005223249333900615,0.024644445323489306,0.375,0.0,0.0,0.0,2.420192535636522,0.5309494379173274,0.3099199475783784,8
6a213373b540b5ec9daacea2c37329788106e118cb1955c3d521c769d36198fb,SQX-BTC-M15-6a213373b540,BTC,LONG,D3,9,0.35507085350648776,-0.41937916584875473,-0.07599064898982189,-0.075990648989822,0.0886498215911582,0.2222222222222222,0.0,0.0,0.0,2.420192535636522,0.5309494379173274,0.3099199475783784,9
6a213373b540b5ec9daacea2c37329788106e118cb1955c3d521c769d36198fb,SQX-BTC-M15-6a213373b540,BTC,LONG,D4,7,2.208838289862411,0.6591733719767674,0.14741244262556824,0.14741244262556874,0.09625875718563304,0.5714285714285714,0.0,0.0,0.0,2.420192535636522,0.5309494379173274,0.3099199475783784,7
6a213373b540b5ec9daacea2c37329788106e118cb1955c3d521c769d36198fb,SQX-BTC-M15-6a213373b540,BTC,LONG,D5,23,1.1841829822971621,0.3210813003634897,0.2990666739523057,0.29906667395230624,0.9024275324870361,0.43478260869565216,0.0,0.0,0.0,2.420192535636522,0.5309494379173274,0.3099199475783784,23
6a213373b540b5ec9daacea2c37329788106e118cb1955c3d521c769d36198fb,SQX-BTC-M15-6a213373b540,BTC,LONG,D6,12,2.005178793038025,0.5582505437935747,0.239707536617059,0.23970753661706,0.28590584424727195,0.5833333333333334,0.0,0.0,0.0,2.420192535636522,0.5309494379173274,0.3099199475783784,12
6a213373b540b5ec9daacea2c37329788106e118cb1955c3d521c769d36198fb,SQX-BTC-M15-6a213373b540,BTC,LONG,VAL,13,2.420192535636522,0.5309494379173274,0.28954183885142215,0.28954183885142326,0.26333781878596163,0.5384615384615384,0.0,0.0,0.0,2.420192535636522,0.5309494379173274,0.3099199475783784,13
6a213373b540b5ec9daacea2c37329788106e118cb1955c3d521c769d36198fb,SQX-BTC-M15-6a213373b540,BTC,LONG,OOS,13,3.805016104837753,0.8359825272678042,1.3206185673924185,1.3206185673924176,1.4029490295122153,0.6153846153846154,0.0,0.0,0.0,2.420192535636522,0.5309494379173274,0.3099199475783784,13
d14b39a1493201a6dfbbccd0a14d591aa1f4007efc014ab5ca076495620f8271,SQX-BTC-M15-d14b39a14932,BTC,SHORT,D1,7,12.517341132741189,1.1722234514180658,0.15275247204525816,0.15275247204525866,0.16601529636249768,0.8571428571428571,0.0,0.0,0.0,3.2158017777761487,0.5189340674018773,0.1950548612477247,7
d14b39a1493201a6dfbbccd0a14d591aa1f4007efc014ab5ca076495620f8271,SQX-BTC-M15-d14b39a14932,BTC,SHORT,D2,34,1.977727757591136,0.33941475510989655,0.1136848829179403,0.11368488291794265,0.13870592255675307,0.5882352941176471,0.0,0.0,0.0,3.2158017777761487,0.5189340674018773,0.1950548612477247,34
d14b39a1493201a6dfbbccd0a14d591aa1f4007efc014ab5ca076495620f8271,SQX-BTC-M15-d14b39a14932,BTC,SHORT,D3,30,1.402805258640949,0.19791009938242768,0.09610134708397589,0.09610134708397888,0.19714400898949935,0.5,0.0,0.0,0.0,3.2158017777761487,0.5189340674018773,0.1950548612477247,30
d14b39a1493201a6dfbbccd0a14d591aa1f4007efc014ab5ca076495620f8271,SQX-BTC-M15-d14b39a14932,BTC,SHORT,D4,15,0.6730205907375878,-0.1256765052928221,-0.05891790645503507,-0.05891790645503492,0.07839982608322593,0.3333333333333333,0.0,0.0,0.0,3.2158017777761487,0.5189340674018773,0.1950548612477247,15
d14b39a1493201a6dfbbccd0a14d591aa1f4007efc014ab5ca076495620f8271,SQX-BTC-M15-d14b39a14932,BTC,SHORT,D5,6,0.6977423741060964,-0.14094340824251095,-0.15318442164291768,-0.15318442164291768,0.28715106515643707,0.3333333333333333,0.0,0.0,0.0,3.2158017777761487,0.5189340674018773,0.1950548612477247,6
d14b39a1493201a6dfbbccd0a14d591aa1f4007efc014ab5ca076495620f8271,SQX-BTC-M15-d14b39a14932,BTC,SHORT,D6,18,0.4055257540713521,-0.30424774318831216,-0.41208057267830744,-0.41208057267830767,0.5916606744269947,0.2777777777777778,0.0,0.0,0.0,3.2158017777761487,0.5189340674018773,0.1950548612477247,18
d14b39a1493201a6dfbbccd0a14d591aa1f4007efc014ab5ca076495620f8271,SQX-BTC-M15-d14b39a14932,BTC,SHORT,VAL,12,3.2158017777761487,0.5189340674018773,0.15106093630784223,0.15106093630784345,0.17548814147734215,0.5833333333333334,0.0,0.0,0.0,3.2158017777761487,0.5189340674018773,0.1950548612477247,12
d14b39a1493201a6dfbbccd0a14d591aa1f4007efc014ab5ca076495620f8271,SQX-BTC-M15-d14b39a14932,BTC,SHORT,OOS,3,0.0,-1.005573179664091,-0.5155805854170011,-0.5155805854170011,0.5155805854170011,0.0,0.0,0.0,0.0,3.2158017777761487,0.5189340674018773,0.1950548612477247,3
1500fd432f3cd5db93a655b7d39959eb1f4d9f970733857485d2b2d2761a57cc,SQX-DOGE-M15-1500fd432f3c,DOGE,LONG,D1,12,0.41338889407531015,-0.7554864597424066,-0.03827231450719845,-0.03827231450719826,0.06459269102990028,0.16666666666666666,0.0,0.0,0.0,8.390745393086835,0.842267815439321,0.1439678818856631,12
1500fd432f3cd5db93a655b7d39959eb1f4d9f970733857485d2b2d2761a57cc,SQX-DOGE-M15-1500fd432f3c,DOGE,LONG,D2,14,0.29811910839423306,-0.5281774569229655,-0.050386083425618386,-0.050386083425618455,0.05173853820598029,0.21428571428571427,0.0,0.0,0.0,8.390745393086835,0.842267815439321,0.1439678818856631,14
1500fd432f3cd5db93a655b7d39959eb1f4d9f970733857485d2b2d2761a57cc,SQX-DOGE-M15-1500fd432f3c,DOGE,LONG,D3,1,0.0,-1.0001888792051588,-4.765850166112953,-4.765850166112953,4.765850166112953,0.0,0.0,0.0,0.0,8.390745393086835,0.842267815439321,0.1439678818856631,1
1500fd432f3cd5db93a655b7d39959eb1f4d9f970733857485d2b2d2761a57cc,SQX-DOGE-M15-1500fd432f3c,DOGE,LONG,D4,7,1.3014436474285673,0.1992132203592131,0.5594069029162118,0.5594069029162116,1.8557594684385368,0.42857142857142855,0.0,0.0,0.0,8.390745393086835,0.842267815439321,0.1439678818856631,7
1500fd432f3cd5db93a655b7d39959eb1f4d9f970733857485d2b2d2761a57cc,SQX-DOGE-M15-1500fd432f3c,DOGE,LONG,D5,10,5.198645601666907,0.9415923508013491,3.022284606865988,3.0222846068659877,2.74960712440014,0.6,0.0,0.0,0.0,8.390745393086835,0.842267815439321,0.1439678818856631,10
1500fd432f3cd5db93a655b7d39959eb1f4d9f970733857485d2b2d2761a57cc,SQX-DOGE-M15-1500fd432f3c,DOGE,LONG,D6,16,1.26222868521423,0.12283949682126473,0.35686245847176856,0.3568624584717688,0.7356053156146153,0.375,0.0,0.0,0.0,8.390745393086835,0.842267815439321,0.1439678818856631,16
1500fd432f3cd5db93a655b7d39959eb1f4d9f970733857485d2b2d2761a57cc,SQX-DOGE-M15-1500fd432f3c,DOGE,LONG,VAL,13,8.390745393086835,0.842267815439321,10.319326208933198,10.319326208933198,10.323779623477312,0.6153846153846154,0.0,0.0,0.0,8.390745393086835,0.842267815439321,0.1439678818856631,13
1500fd432f3cd5db93a655b7d39959eb1f4d9f970733857485d2b2d2761a57cc,SQX-DOGE-M15-1500fd432f3c,DOGE,LONG,OOS,6,0.3706479847536013,-0.3939183881285726,-0.8295971207087354,-0.8295971207087354,1.167221262458463,0.16666666666666666,0.0,0.0,0.0,8.390745393086835,0.842267815439321,0.1439678818856631,6
b8e2e89f9048feb367f142aa6965b9b8de9a74c049c7de9985d7003b7d1e0b44,SQX-DOGE-M15-b8e2e89f9048,DOGE,LONG,D1,4,0.3706924668011935,-0.7092020078294283,-0.011040014765596191,-0.01104001476559624,0.01104001476559624,0.25,0.0,0.0,0.0,2.7945269617445714,0.499922311966731,0.3231975808214307,4
b8e2e89f9048feb367f142aa6965b9b8de9a74c049c7de9985d7003b7d1e0b44,SQX-DOGE-M15-b8e2e89f9048,DOGE,LONG,D2,3,0.46334278234385,-0.23736106223744127,-0.020839534883720888,-0.020839534883720923,0.029703986710963415,0.3333333333333333,0.0,0.0,0.0,2.7945269617445714,0.499922311966731,0.3231975808214307,3
b8e2e89f9048feb367f142aa6965b9b8de9a74c049c7de9985d7003b7d1e0b44,SQX-DOGE-M15-b8e2e89f9048,DOGE,LONG,D3,11,2.430900952192858,0.47591518500094077,5.02197338501293,5.021973385012931,4.050513178294579,0.7272727272727273,0.0,0.0,0.0,2.7945269617445714,0.499922311966731,0.3231975808214307,11
b8e2e89f9048feb367f142aa6965b9b8de9a74c049c7de9985d7003b7d1e0b44,SQX-DOGE-M15-b8e2e89f9048,DOGE,LONG,D4,19,4.733576592947142,0.28063590736403965,16.19330974529351,16.193309745293515,14.413964008859399,0.5789473684210527,0.0,0.0,0.0,2.7945269617445714,0.499922311966731,0.3231975808214307,19
b8e2e89f9048feb367f142aa6965b9b8de9a74c049c7de9985d7003b7d1e0b44,SQX-DOGE-M15-b8e2e89f9048,DOGE,LONG,D5,27,0.6117684333775358,-0.013648996885158863,-2.8845805463270593,-2.8845805463270597,3.237407973421922,0.4074074074074074,0.0,0.0,0.0,2.7945269617445714,0.499922311966731,0.3231975808214307,27
b8e2e89f9048feb367f142aa6965b9b8de9a74c049c7de9985d7003b7d1e0b44,SQX-DOGE-M15-b8e2e89f9048,DOGE,LONG,D6,20,1.2728692681084768,-0.07718349767203894,0.6147057954965054,0.6147057954965047,0.9084954595791896,0.35,0.0,0.0,0.0,2.7945269617445714,0.499922311966731,0.3231975808214307,20
b8e2e89f9048feb367f142aa6965b9b8de9a74c049c7de9985d7003b7d1e0b44,SQX-DOGE-M15-b8e2e89f9048,DOGE,LONG,VAL,33,2.7945269617445714,0.499922311966731,9.950181875230713,9.95018187523072,10.338933665559251,0.6060606060606061,0.0,0.0,0.0,2.7945269617445714,0.499922311966731,0.3231975808214307,33
b8e2e89f9048feb367f142aa6965b9b8de9a74c049c7de9985d7003b7d1e0b44,SQX-DOGE-M15-b8e2e89f9048,DOGE,LONG,OOS,18,0.0899957139066273,-0.6454879402702783,-6.03982495385752,-6.03982495385752,6.03982495385752,0.1111111111111111,0.0,0.0,0.0,2.7945269617445714,0.499922311966731,0.3231975808214307,18
9d884cbe93974e91677b1a3993e623825ac2a581cece49475c585d4f7c460557,SQX-ETH-M15-9d884cbe9397,ETH,SHORT,D1,42,1.0232041509756644,0.1042973125873494,0.014544199424737097,0.014544199424736615,0.2051841323106426,0.4523809523809524,0.0,0.0,0.0,1.447366518387638,0.5601437377507349,0.3180064834643565,42
9d884cbe93974e91677b1a3993e623825ac2a581cece49475c585d4f7c460557,SQX-ETH-M15-9d884cbe9397,ETH,SHORT,D2,23,1.5270627650753708,-0.005987585619084407,0.03601860019175508,0.036018600191755956,0.06811184084372068,0.4782608695652174,0.0,0.0,0.0,1.447366518387638,0.5601437377507349,0.3180064834643565,23
9d884cbe93974e91677b1a3993e623825ac2a581cece49475c585d4f7c460557,SQX-ETH-M15-9d884cbe9397,ETH,SHORT,D3,14,2.0371091278748286,0.351618806322858,0.0573688398849473,0.0573688398849479,0.0328743048897413,0.5714285714285714,0.0,0.0,0.0,1.447366518387638,0.5601437377507349,0.3180064834643565,14
9d884cbe93974e91677b1a3993e623825ac2a581cece49475c585d4f7c460557,SQX-ETH-M15-9d884cbe9397,ETH,SHORT,D4,16,2.343224601570421,0.5740890968944652,0.11060958772770776,0.1106095877277089,0.15047770853307818,0.625,0.0,0.0,0.0,1.447366518387638,0.5601437377507349,0.3180064834643565,16
9d884cbe93974e91677b1a3993e623825ac2a581cece49475c585d4f7c460557,SQX-ETH-M15-9d884cbe9397,ETH,SHORT,D5,12,0.2739415915975391,-0.7904729706296552,-1.0421518696069039,-1.0421518696069039,1.1927176893576221,0.08333333333333333,0.0,0.0,0.0,1.447366518387638,0.5601437377507349,0.3180064834643565,12
9d884cbe93974e91677b1a3993e623825ac2a581cece49475c585d4f7c460557,SQX-ETH-M15-9d884cbe9397,ETH,SHORT,D6,14,1.9214387400996096,0.362237729276328,0.4307988494726758,0.43079884947267666,0.3724850431447768,0.5714285714285714,0.0,0.0,0.0,1.447366518387638,0.5601437377507349,0.3180064834643565,14
9d884cbe93974e91677b1a3993e623825ac2a581cece49475c585d4f7c460557,SQX-ETH-M15-9d884cbe9397,ETH,SHORT,VAL,17,1.447366518387638,0.5601437377507349,0.15127718120805678,0.15127718120805844,0.3329309683605042,0.5882352941176471,0.0,0.0,0.0,1.447366518387638,0.5601437377507349,0.3180064834643565,17
9d884cbe93974e91677b1a3993e623825ac2a581cece49475c585d4f7c460557,SQX-ETH-M15-9d884cbe9397,ETH,SHORT,OOS,9,0.7009370274608878,-0.14610142617334967,-0.1708217162032598,-0.1708217162032598,0.5711897890699904,0.3333333333333333,0.0,0.0,0.0,1.447366518387638,0.5601437377507349,0.3180064834643565,9
fbb05c77f62586635fc7f54f5be09c63a8584842d612897d7b2be1953f51df2e,SQX-LINK-M15-fbb05c77f625,LINK,SHORT,D1,16,0.5329483995025025,0.17005324563059177,-0.17170011587485573,-0.17170011587485567,0.31044055619930533,0.25,0.0,0.0,0.0,2.4678597256498,0.6578196899440681,0.3579913147728482,16
fbb05c77f62586635fc7f54f5be09c63a8584842d612897d7b2be1953f51df2e,SQX-LINK-M15-fbb05c77f625,LINK,SHORT,D2,9,0.2886999914415904,0.08683302170524848,-0.773329266677702,-0.773329266677702,0.9318884401037348,0.2222222222222222,0.0,0.0,0.0,2.4678597256498,0.6578196899440681,0.3579913147728482,9
fbb05c77f62586635fc7f54f5be09c63a8584842d612897d7b2be1953f51df2e,SQX-LINK-M15-fbb05c77f625,LINK,SHORT,D3,16,1.760100400245428,0.24577640891819563,2.404184119626993,2.4041841196269935,3.200306251724329,0.25,0.0,0.0,0.0,2.4678597256498,0.6578196899440681,0.3579913147728482,16
fbb05c77f62586635fc7f54f5be09c63a8584842d612897d7b2be1953f51df2e,SQX-LINK-M15-fbb05c77f625,LINK,SHORT,D4,14,0.7703266847222173,0.06900116941629282,-1.236183291949446,-1.2361832919494464,3.542848264636088,0.21428571428571427,0.0,0.0,0.0,2.4678597256498,0.6578196899440681,0.3579913147728482,14
fbb05c77f62586635fc7f54f5be09c63a8584842d612897d7b2be1953f51df2e,SQX-LINK-M15-fbb05c77f625,LINK,SHORT,D5,27,1.118062798958561,0.2910594431592245,0.4894118578601675,0.4894118578601667,2.1674383711306073,0.25925925925925924,0.0,0.0,0.0,2.4678597256498,0.6578196899440681,0.3579913147728482,27
fbb05c77f62586635fc7f54f5be09c63a8584842d612897d7b2be1953f51df2e,SQX-LINK-M15-fbb05c77f625,LINK,SHORT,D6,22,0.4479630011625397,-0.331140608913621,-1.1927570159465901,-1.1927570159465901,1.537536936489543,0.13636363636363635,0.0,0.0,0.0,2.4678597256498,0.6578196899440681,0.3579913147728482,22
fbb05c77f62586635fc7f54f5be09c63a8584842d612897d7b2be1953f51df2e,SQX-LINK-M15-fbb05c77f625,LINK,SHORT,VAL,24,2.4678597256498,0.6578196899440681,5.088343166142479,5.088343166142481,4.540571980356459,0.3333333333333333,0.0,0.0,0.0,2.4678597256498,0.6578196899440681,0.3579913147728482,24
fbb05c77f62586635fc7f54f5be09c63a8584842d612897d7b2be1953f51df2e,SQX-LINK-M15-fbb05c77f625,LINK,SHORT,OOS,21,0.5324109779649963,-0.5942660418362838,-1.422365209954211,-1.4223652099542115,2.175131231032388,0.14285714285714285,0.0,0.0,0.0,2.4678597256498,0.6578196899440681,0.3579913147728482,21
6b54752da6882480d978233e9310c1e993817d5b8de6c9e13f975c29854fae43,SQX-LINK-M15-6b54752da688,LINK,LONG,D1,29,1.235426072418227,-0.04002675683212732,0.37031615626551895,0.3703161562655193,0.8434087457926394,0.41379310344827586,0.0,0.0,0.0,3.379967799030587,0.5926162531676187,0.4847748650880659,29
6b54752da6882480d978233e9310c1e993817d5b8de6c9e13f975c29854fae43,SQX-LINK-M15-6b54752da688,LINK,LONG,D2,24,2.251526613730394,0.4397291147100217,0.8044911548860528,0.8044911548860534,0.6890196932075232,0.5833333333333334,0.0,0.0,0.0,3.379967799030587,0.5926162531676187,0.4847748650880659,24
6b54752da6882480d978233e9310c1e993817d5b8de6c9e13f975c29854fae43,SQX-LINK-M15-6b54752da688,LINK,LONG,D3,25,1.2173658374105016,0.19774815692575276,1.6196536169508184,1.619653616950818,4.379989709209298,0.48,0.0,0.0,0.0,3.379967799030587,0.5926162531676187,0.4847748650880659,25
6b54752da6882480d978233e9310c1e993817d5b8de6c9e13f975c29854fae43,SQX-LINK-M15-6b54752da688,LINK,LONG,D4,24,0.9958715708620332,0.1444816183331092,-0.04678898637089546,-0.04678898637089712,4.430085090768631,0.4583333333333333,0.0,0.0,0.0,3.379967799030587,0.5926162531676187,0.4847748650880659,24
6b54752da6882480d978233e9310c1e993817d5b8de6c9e13f975c29854fae43,SQX-LINK-M15-6b54752da688,LINK,LONG,D5,31,0.8312028788712115,-0.035474899221869145,-1.1905110467362041,-1.1905110467362046,2.9197838547701926,0.3870967741935484,0.0,0.0,0.0,3.379967799030587,0.5926162531676187,0.4847748650880659,31
6b54752da6882480d978233e9310c1e993817d5b8de6c9e13f975c29854fae43,SQX-LINK-M15-6b54752da688,LINK,LONG,D6,24,1.9712520443864325,0.34637781905093123,1.3764853059647963,1.3764853059647946,1.5214735198366682,0.5416666666666666,0.0,0.0,0.0,3.379967799030587,0.5926162531676187,0.4847748650880659,24
6b54752da6882480d978233e9310c1e993817d5b8de6c9e13f975c29854fae43,SQX-LINK-M15-6b54752da688,LINK,LONG,VAL,36,3.379967799030587,0.5926162531676187,7.496844606301382,7.496844606301384,7.760814815427915,0.6388888888888888,0.0,0.0,0.0,3.379967799030587,0.5926162531676187,0.4847748650880659,36
6b54752da6882480d978233e9310c1e993817d5b8de6c9e13f975c29854fae43,SQX-LINK-M15-6b54752da688,LINK,LONG,OOS,27,0.7311244413328363,-0.0391757367746654,-1.119179434972139,-1.1191794349721391,1.5817051702256868,0.4074074074074074,0.0,0.0,0.0,3.379967799030587,0.5926162531676187,0.4847748650880659,27
9f582373539131d2caced4c6f061abafcaa94df0b6d6159795ec05b35d6a6c9b,SQX-LINK-M15-9f5823735391,LINK,LONG,D1,39,2.1574072465351226,0.2378158362849642,0.4352139656789724,0.43521396567897286,0.30683408376096755,0.28205128205128205,0.0,0.0,0.0,1.7296142060854205,0.5696866006655784,0.0826951563862808,39
9f582373539131d2caced4c6f061abafcaa94df0b6d6159795ec05b35d6a6c9b,SQX-LINK-M15-9f5823735391,LINK,LONG,D2,13,1.1393451089017,-0.2646856964846285,0.04681680185399696,0.04681680185399695,0.2918174143353742,0.15384615384615385,0.0,0.0,0.0,1.7296142060854205,0.5696866006655784,0.0826951563862808,13
9f582373539131d2caced4c6f061abafcaa94df0b6d6159795ec05b35d6a6c9b,SQX-LINK-M15-9f5823735391,LINK,LONG,D3,13,0.48300236313000133,-0.23614879703792757,-1.25969977928598,-1.25969977928598,1.7959073221872655,0.15384615384615385,0.0,0.0,0.0,1.7296142060854205,0.5696866006655784,0.0826951563862808,13
9f582373539131d2caced4c6f061abafcaa94df0b6d6159795ec05b35d6a6c9b,SQX-LINK-M15-9f5823735391,LINK,LONG,D4,8,3.8265591814920756,0.87237711696289,4.851543033714055,4.851543033714059,5.886081029630853,0.375,0.0,0.0,0.0,1.7296142060854205,0.5696866006655784,0.0826951563862808,8
9f582373539131d2caced4c6f061abafcaa94df0b6d6159795ec05b35d6a6c9b,SQX-LINK-M15-9f5823735391,LINK,LONG,D5,11,0.33994066716233495,-0.5525534529489498,-1.1767873806764886,-1.1767873806764886,1.1767873806764886,0.09090909090909091,0.0,0.0,0.0,1.7296142060854205,0.5696866006655784,0.0826951563862808,11
9f582373539131d2caced4c6f061abafcaa94df0b6d6159795ec05b35d6a6c9b,SQX-LINK-M15-9f5823735391,LINK,LONG,D6,11,1.3595963685397072,0.3446601300344068,0.17660333829939556,0.1766033382993959,0.3090130110908791,0.2727272727272727,0.0,0.0,0.0,1.7296142060854205,0.5696866006655784,0.0826951563862808,11
9f582373539131d2caced4c6f061abafcaa94df0b6d6159795ec05b35d6a6c9b,SQX-LINK-M15-9f5823735391,LINK,LONG,VAL,19,1.7296142060854203,0.5696866006655784,1.238348877117473,1.2383488771174727,1.4272696242343956,0.3157894736842105,0.0,0.0,0.0,1.7296142060854205,0.5696866006655784,0.0826951563862808,19
9f582373539131d2caced4c6f061abafcaa94df0b6d6159795ec05b35d6a6c9b,SQX-LINK-M15-9f5823735391,LINK,LONG,OOS,24,1.5713003523884026,0.44659964707543925,0.8543587264801565,0.8543587264801582,0.8057239860950158,0.2916666666666667,0.0,0.0,0.0,1.7296142060854205,0.5696866006655784,0.0826951563862808,24
346bf7620baf50a15a618577916af987c001df4739332f99b00c47b6699f233f,SQX-SOL-M15-346bf7620baf,SOL,LONG,D1,18,0.36775363200064753,-0.38304728870804805,-0.10264989507412535,-0.10264989507412547,0.1433140803754771,0.2222222222222222,0.0,0.0,0.0,1.951784144320209,0.6964698207358986,0.6732476512866326,18
346bf7620baf50a15a618577916af987c001df4739332f99b00c47b6699f233f,SQX-SOL-M15-346bf7620baf,SOL,LONG,D2,17,1.7217841817145092,0.5515722984156554,2.16332219915608,2.1633221991560805,4.443246979714327,0.35294117647058826,0.0,0.0,0.0,1.951784144320209,0.6964698207358986,0.6732476512866326,17
346bf7620baf50a15a618577916af987c001df4739332f99b00c47b6699f233f,SQX-SOL-M15-346bf7620baf,SOL,LONG,D3,18,1.0516036332611125,0.2170576691328278,0.26585880361936787,0.26585880361936676,4.422197100435511,0.2777777777777778,0.0,0.0,0.0,1.951784144320209,0.6964698207358986,0.6732476512866326,18
346bf7620baf50a15a618577916af987c001df4739332f99b00c47b6699f233f,SQX-SOL-M15-346bf7620baf,SOL,LONG,D4,15,3.8005462724953705,0.9808841634753641,2.1529372588397258,2.1529372588397253,2.230326430038137,0.4,0.0,0.0,0.0,1.951784144320209,0.6964698207358986,0.6732476512866326,15
346bf7620baf50a15a618577916af987c001df4739332f99b00c47b6699f233f,SQX-SOL-M15-346bf7620baf,SOL,LONG,D5,25,1.1293231120226592,0.388221485247004,0.11514469616625465,0.11514469616625678,0.38991032560868255,0.4,0.0,0.0,0.0,1.951784144320209,0.6964698207358986,0.6732476512866326,25
346bf7620baf50a15a618577916af987c001df4739332f99b00c47b6699f233f,SQX-SOL-M15-346bf7620baf,SOL,LONG,D6,12,1.0397785438819387,0.5231307950136185,0.03320117336462358,0.033201173364624026,0.5620738429947881,0.4166666666666667,0.0,0.0,0.0,1.951784144320209,0.6964698207358986,0.6732476512866326,12
346bf7620baf50a15a618577916af987c001df4739332f99b00c47b6699f233f,SQX-SOL-M15-346bf7620baf,SOL,LONG,VAL,20,1.951784144320209,0.6964698207358986,4.16752699866867,4.167526998668672,4.354349809328235,0.35,0.0,0.0,0.0,1.951784144320209,0.6964698207358986,0.6732476512866326,20
346bf7620baf50a15a618577916af987c001df4739332f99b00c47b6699f233f,SQX-SOL-M15-346bf7620baf,SOL,LONG,OOS,17,0.5113807106225269,-0.3284971764273914,-1.192726269828736,-1.1927262698287362,1.3698747275311955,0.17647058823529413,0.0,0.0,0.0,1.951784144320209,0.6964698207358986,0.6732476512866326,17
2b6d8f7a8da8571dc959345757c1988f327ea90efed72caaf60c309c233391ed,SQX-SOL-M15-2b6d8f7a8da8,SOL,LONG,D1,9,0.7052116203798869,-0.5098287866684575,-0.050353537017397185,-0.05035353701739731,0.13575337680799693,0.2222222222222222,0.0,0.0,0.0,2.6306309259380902,0.4972533163076145,0.1599609351464569,9
2b6d8f7a8da8571dc959345757c1988f327ea90efed72caaf60c309c233391ed,SQX-SOL-M15-2b6d8f7a8da8,SOL,LONG,D2,7,1.1373204213966086,0.0614181318135713,0.07243163797188268,0.07243163797188279,0.3287873863303019,0.42857142857142855,0.0,0.0,0.0,2.6306309259380902,0.4972533163076145,0.1599609351464569,7
2b6d8f7a8da8571dc959345757c1988f327ea90efed72caaf60c309c233391ed,SQX-SOL-M15-2b6d8f7a8da8,SOL,LONG,D3,4,4.169083886963459,0.2461940659605849,1.070479924182591,1.0704799241825906,1.2588926168287569,0.5,0.0,0.0,0.0,2.6306309259380902,0.4972533163076145,0.1599609351464569,4
2b6d8f7a8da8571dc959345757c1988f327ea90efed72caaf60c309c233391ed,SQX-SOL-M15-2b6d8f7a8da8,SOL,LONG,D4,21,2.0379958995005665,0.2938717270749632,0.6895188911704296,0.6895188911704313,0.7665592391181713,0.5238095238095238,0.0,0.0,0.0,2.6306309259380902,0.4972533163076145,0.1599609351464569,21
2b6d8f7a8da8571dc959345757c1988f327ea90efed72caaf60c309c233391ed,SQX-SOL-M15-2b6d8f7a8da8,SOL,LONG,D5,19,0.7210248792195787,-0.16113829911451233,-0.16580140126813692,-0.16580140126813636,0.3863869147279817,0.3684210526315789,0.0,0.0,0.0,2.6306309259380902,0.4972533163076145,0.1599609351464569,19
2b6d8f7a8da8571dc959345757c1988f327ea90efed72caaf60c309c233391ed,SQX-SOL-M15-2b6d8f7a8da8,SOL,LONG,D6,16,1.1965453806191393,0.231955583298527,0.15788151725071853,0.15788151725071886,0.640758424532347,0.5,0.0,0.0,0.0,2.6306309259380902,0.4972533163076145,0.1599609351464569,16
2b6d8f7a8da8571dc959345757c1988f327ea90efed72caaf60c309c233391ed,SQX-SOL-M15-2b6d8f7a8da8,SOL,LONG,VAL,20,2.6306309259380902,0.4972533163076145,6.420274251415927,6.420274251415929,8.682136915856214,0.6,0.0,0.0,0.0,2.6306309259380902,0.4972533163076145,0.1599609351464569,20
2b6d8f7a8da8571dc959345757c1988f327ea90efed72caaf60c309c233391ed,SQX-SOL-M15-2b6d8f7a8da8,SOL,LONG,OOS,18,1.6187109318672295,0.10374506415352659,0.8623567615136392,0.8623567615136389,1.03471745605524,0.4444444444444444,0.0,0.0,0.0,2.6306309259380902,0.4972533163076145,0.1599609351464569,18
