hash,dev_early_expectancy,dev_late_expectancy,val_economic_expectancy
e3098ff41a080c146f6618678aff9b8449f5b703fec33cc2c0153c35cace79f1,-0.0062756804963476,-0.0108514900860617,0.0052323818886031
4a97d90f904017698344f8e44d0188e2ac8d54065b71c4329edec88f2f436a72,-0.0062756804963476,-0.0108514900860617,0.0052323818886031
db7684dc8a5e7cbb9bb474d343f4e85d071e2ec6354b4b644d9d7d0da13de42c,0.0040668615702158,0.0014476089733548,0.0017936396209949
da1e1e733aa99a7339e23c1c06af1cafe8898fa684b22b56b37ed5708ba89fc9,0.0029778573560462,0.0019210655968726,0.0013855213002918
824d00bf03a39f526a8f5e0ab6f4ea4481830cd7fdf50d1cf736db25b373e0bc,0.0023990459599139,0.0028096878751224,0.0025663740008459
bae2f9999a29cccd3a04dcef4c7caf2801832525944e230d55f7783639db047a,0.0063895292850388,0.0017298446804196,0.0018834407515039
6ac8c13ada07af5484bc7deb2cfc155b485ce8b88b3537c822adb30f4c14d199,0.0042155818330265,0.0004091262025706,0.0019606926212349
65fa6fe8f33b177635aa98719b15e91f9c5e3a95461a7590146e7ff0d3e198fa,0.0042488319170018,0.0012641523724131,0.0014499058004898
2ca887d2332d36f6b566dee82d48eb972e14706653ecd25663b5f7f9898a558b,-0.0001765821054358,-0.0006326083093709,0.0024006490848716
9f8d8f8d7ccbabd97a7546bc4b2f64d655ce1c58b977f69408af66405c02daf5,0.0020003455036977,0.0029517971248489,0.0002175279683409
73dc01afd888cb61200fb2f34e71bf24a00c5fb51ba72dc71d57a2af06ff7d85,-0.0001420978839693,0.0012616269709992,0.0003970551969337
a494cb9fba3597935f7c5a02f62d8bb398e02a134381d51067c187dd5563c30d,-0.0005695617351425,0.0010350499012278,0.0001778337097278
173e4590a2985f65f3cbc7694ccb3d93838e6b014a99fcd41091d13d73fc5984,-0.0003998713999078,-3.7562946498680346e-05,6.346484249328641e-05
c749fe4779e192f0dafc4b66b1638fa032bfbd6989941bd8f906b0bb5df6916d,0.0003964168358937,3.568533046065855e-05,0.0010368576060725
0ded107197b28d4b336864275dd4fa58b274e798a84293c0254866f86340d685,-0.0009587853538196,0.0005404961335137,0.0002994391457911
9f985eccfe97bded418b9570d5db45aa6a1dee43dc11a23521912c8c61351e7b,-0.0019652506845199,1.7469149146254862e-06,0.0011760567681891
a47bb11a09faac851d818188061aa6c581e58687a54bcdd5c6e2d4d261187e99,-0.0007347361327827,0.0009901700178915,0.0008730443424587
d111bb27293ecc59a1f7fb82a3e7ef6a9a220d015a479e123c6dd548b439c842,0.0001146340421533,0.0001908541990928,3.0590411282119096e-05
623dd37533adbc2ff331866b1efc0c624478e5714b2d5677ff0697d5fa41f293,0.0011428301794541,0.0002222152929766,0.0005954049193568
c38015937e29433a0dce5846c45e3b98c02761e3cbca25d3bb67ac7353aa71c3,-0.0011706207771967,0.0011963653302788,0.0001989715936293
fbadb2452a2c5162d38be44ca06980f0892b7352c8921abf63a5fa7083eb2396,-0.0012719366408768,0.0012198611059006,5.541439826997432e-05
847337e7eb42fb4e43cf37bbc86760617333a943981245a9530ee153e7890334,-0.0008386948142621,0.0009582780782397,0.0009525526882092
9f80709ff19c8aeddf18d8b956ebe74b31f8f66c51d47cd255aae9288aaa4c6f,0.0005092552557887,0.0003572196978171,0.000536077016461
68ea9eeaedd01a5a0d00be52d95f9f72527f7cdc80b51ac9048bf998f4beebfe,-0.000332618218015,0.0003803490514956,0.0005316304164075
d639482c875d3c5809c74e91e55a1bbd78ef3e4781e64335b8981869be6dd8ae,-0.0006566940158281,0.0011698429392624,0.0004174132612502
c6ab8f91d65488d2503622f4b332fc198481eefb89e74a6af16eb68656d26912,0.0002277954877136,0.0009062002774063,6.540293528546044e-06
180751c6f8da2b6302a4057e3edb177e3765eb284eeb514c30f19d80cffdf10d,0.0010535249257912,0.0016214843037218,0.0003249605450869
3658e052ed6bb2603ac4c00dd418a1052b0af43a49d16e46c3c5d868cdbfd5a5,0.0002304495270368,0.001420373298881,0.0001945157831581
bb7abeddd1020136c6470d4011cfdbd8a67d248b9c761b9c3c4fa85c626c7325,-0.0008950464242912,0.0001733429941268,5.6285123692104384e-05
47d160519af1de2616a98c5278ccc0335222116bbbdc489e5e589c6a5f7a2e8b,0.0008644458601605,0.0015046001762198,0.0001474571435347
1f4e8a06cfae804fd697cd4c966e54a12120dbfcc93715f693ceb4312b128b01,0.0004550832963779,0.0004034532186865,0.0010715467630619
fc90cbbc56fedad1d54adae2d8aab4d1360a719df9dd3fb0ea6dcb7e5779d4d8,0.0002039644203451,0.0009551445274578,0.000276658906557
3af282dfc5b345653b1334372423d89e168bd258e61ae809c742682a000a0e17,-0.0008531973262599,9.36467027520338e-07,6.557653969951558e-05
d4fb3941fad5a00c69fa7bd06cea211ed637a441eb30b289b6f5480c777e3aea,-0.0007450689778501,0.0001445279247991,0.0003887486561748
de2cb7313c508f6dc35d732c09699179a20556ff9d4e71f5e600fdfb4861b017,-0.0011153454474567,0.0004833549643172,0.0009267185944726
c27a2ed4ac5ab8685e6d095ce37ab9e2a57f784b76d63b67c030c44559df799e,-0.001245002280092,0.0003897590777124,0.0001685637377527
4345436901c565ed24211de9f0a6b88bafe998b15bbe48fcce1e3ba125516cd9,-0.0013878839787107,0.000258408083474,0.0003483675162552
e5d591d8f9d95de3805972cb18fe658122b11d56ca4182518f017f826f3b7de2,-0.0015114654570836,3.4426981365995275e-05,1.3462624953275673e-05
76886d475afee8221d30e0025606327c49009c6b6bbae1686a5ded8f5bdaa860,-0.0009843527995601,8.433010168908674e-06,0.0003529173119583
974979b616be28c07cf92b9ab88fd13f3ee9bf4c964c3fe1cf4a26b2f46e5619,-0.0017551153987151,0.0002945388965247,0.000528998029016
0c29c2e20a0c5e79a5534880ff5d47272b916398146f6d359141a89ce95ef4f1,-0.0006709936920345,-2.2937948566153218e-05,8.412937926236537e-06
14297090bfac833872ddb79d022005c9d9e257b63e607b83dcd486cac7482485,-0.0005254480609573,-2.411867305810746e-05,8.078553453237693e-05
7ace312ace99daa1c41a95b9e95647f442e0d9abb8f2af46d2d6e117790e6077,0.0006133307997821,0.0063423207564647,0.001106054797485
cf88fe005294409e7db4d3fd225b6d49491a01a0cce7b3a217e1b37f1af7fd4e,-0.0014052190664657,0.0013206014795425,0.0001230617155031
03b6a4a51e041357d9d720e3b9052e01d69bb3258bd31d26d9b3050dc2f52bf4,-0.0003736667278873,0.0002101016715688,1.074611602011777e-06
62a4bbad83ecc7f5b5eb5ce63732959c5e287f36819d1116ba21e0e5752536fc,-0.0006221951467439,-0.000750961268013,0.000351851070193
2b797d2ad31da279e4ea2ece042dd68354f4d6133615fb790df61489582deb0a,-0.0009281346777659,0.0009826451127774,4.227160207778356e-06
d889a97f3c623271b55b74fbaf97b077aa52b6b8fb4d4f3a2a94804bff46dd0b,-0.0014558190560904,-9.0626615808022e-05,0.0001823628995812
04f399d1f5cd929916cb0ad934b9aeab6348b2cdcbc7ccb1648fce7349a9c283,-0.0003133772376492,0.0004527302716357,0.0008280688551185
94f0c57e2139859b31982824b49b0673f96e9179741a1c76772d4fa775a76bb5,0.000494171041416,0.0023279943541034,0.0001746573746855
d00b5a8a77747f5024304edf97b235f60b5df9f33f324f6b8a5e17640fbc3751,0.0018034530303744,-0.0006541977837418,0.0058127193098501
6dc9cb2d07b952eb834482499cdea5e607cb5f417c4670eb1c86259838b282c7,-0.0013148258340614,-0.0024873871743561,0.0012558259827348
9d9a39ebf1beb156d383d708dd8540ab0f443354722948392c1fde7bec36c496,-0.0004328441648725,0.0062703332278663,0.0004919193090275
6a4dfd8ab26420006c165b8f614580cf3e7f76048abc80e8f01d86af85672663,0.0021193249095893,0.0009201387079592,0.002432134508139
47181b451803a5684e864ada99f480bbb31c82e8f23b19a41f2d87a0851a9557,0.0063650759292125,-0.0004937716193741,0.000497417338628
2b2d4ab2ef1a9c1150ff498509cd80a81c4f77bfa08fcf2cc69b5d40e33e8a71,0.0012570000934246,0.0024819274132741,0.0020263673042045
c26c33a01fddc2b43eaa717361fa9a1ed1b610d96eefc75404339362b43727c4,0.0036251590052329,0.0026551542743475,0.001799943125148
84d0595662928b026f35512f5968f86207fd828abb4eb3fa65cd1f3ed64645dc,-0.0022926030999702,-0.0017920134871456,0.0046544181092975
93083a51c67526fd317a08271c0e3532236b137d32e49aedc38f27c6bb9e7018,0.0045548729115287,-0.0035321870536916,0.0029725990623246
2844f49bbf1c5ff19d6c6de0924748750d6a3d8e2c56ef7bdca802c6f6460e68,0.0025873773000199,-0.0004746208891168,0.0005620857315347
b59426b031a101da5025c94cd6d346f64524dacf016d23c7b19303c56a89efa1,-0.0006698903279913,0.0006451278376346,0.000719395071855
82356fcb13e5e9683c394e7d05208c7eb98123971cd9b462df8b7cd3e43f5ec3,0.0023376659887789,-0.0011057835724177,0.0012305912893726
4d5503c1c13592902c04dd29c704d5b958233190bfd327bd83c7131c239de093,0.0001186552290727,-0.0008663441135262,0.0045472119026614
0f3e2882fb52bffb7e4ea1b5f3de21b39ba6ec8acfec1d46f0dd295a2a697b5c,-0.0008728876350854,0.0011154204228757,1.7520137419404176e-05
1abd9fbf46ca2aa05f4ac34b3e735b9cb63e2018963ad99dbcc84429b93a0edb,0.0111149268292682,0.0061718033435708,0.0008306818979682
412fb5d9c90b135ec30164597864f1e64dd1084ba7aa2642026f96ad5174283a,0.0024426613488876,-0.0051476593733447,0.0008726365755135
652e9247793147c789fd78cdca38149c0a4c1108578a3b8456dfd248bcf4359a,0.0003548576779263,0.0024188599565292,0.0004744145125251
a807d8f4db9b6d79040be7e9753eff796a5c8c499c8cf1ae6c9f62ab64813915,0.0007111852731982,-0.000376780369303,8.856249528932718e-05
afbe1434ddc808cd9dcc2fd3b26cd3096501c2d134182463f88cdf34bf881c12,-0.0002481369240011,0.0012065785057037,0.0001137922525477
e5260fc5df96f99474c96c591b4a9027396f96a10296b97b5863edea937ca5c2,0.0003352366170036,0.0013083382909723,0.0001822522646889
3ffb48d814009a5ee1a8456f526954bdabf6c99fa167ec90abad7ea813e13f1f,-0.0002391605434246,0.0032855277704644,0.001020122470229
b2f867c34978c804adc55087db2902025b374cdca62ababdeb6469caa794bc5e,-0.0021505597335202,0.0010204275268248,0.0006579917626548
b6939e360e4213e6d57fa9c205678a0a31e89b9b800cb8d658f94126d7a46eb1,0.0019046667806858,8.029483017709662e-05,0.0016237415960126
bb6cc22f84bc9cb23ec84e227ecbb1e933009332643a92205dfbf1266558e935,-0.0012741759519642,0.0014017906972235,0.000252193273072
d948d173030a5af6fd8c915608f3e760db671af2d258e67bff55e6c9499fadb7,-0.0021589827862121,0.0002397158598604,0.001713763274161
2169141dc188371d6f8febd493c7f68842b889553b59dabd11c517d3613a20ca,-0.0021589827862121,0.0002397158598604,0.001713763274161
c2bbf380fc446c766b9d32ef9254b1893152871a3f6c62489022e071f87426cf,-0.0045850622297678,-0.0029030963568058,0.0022567917497605
73217bd31f2c7c86eb7132966b54170ced55a65ca08b1b3daa823bb1bc8d40fc,-0.0013256364608139,-0.0014789747550508,0.0028744928423427
b53b55b7f06cdbfa94684caf405c7ed7caa7873f19ca87849c6b279bd9325b04,-0.0004870767213667,-0.0025262254827619,0.001019078516563
1353562862cdba28e74a6c5d50121f944f0f7e0d12f82d93c69608763b66c9fb,-0.0013256364608139,-0.0014789747550508,0.0028744928423427
2e4ec38900df6b8540e4ce00359e85df6c296b23d8a714a7c97fe6f70e23ee81,0.0005609346593536,-0.0015465714762293,0.0002144056374622
f87468eb5b59f6a6152b150174934677d73b5e5223d1b9994798a64cebab7f13,-0.0002035709905938,-0.0059679215912342,0.0010144157552978
cf58c69b35a019954b43cddd1a727463d65b7fc1a4208a48c472c489dd0e2233,0.00643838379324,0.0019806878650721,5.008460829825151e-05
1f9f424d6a897ddc3e1d55c4bcac73fc9ec13ea3bf2ad3d10b1e8e400e4af00b,-0.0014348410761779,-0.006448203023184,0.0003976788320779
50b144fc1f9ebe46d885debd826afbee0c475028cf424a0cdea55fa40793c7a1,7.376300133908494e-05,-7.723533996288587e-05,0.0021007101378818
ce73bdc54fe0c7d98cfb0981c3e46fb6bb6803c8e7fcb2f3dbc7635b485b1363,0.0004726429739457,0.0010642512830132,7.107431748383046e-05
ba40d4b253dc7fe22fed2a320b0e0fc4bd7e1c22263f8767d63da9c1b80d4355,0.0004158311238332,0.0011763237663818,0.0007504355015292
3320def213a5780e3279ae2e4a4072d8298e4dfc88dca332723a74a9cf5b8fc0,0.0003658988523404,0.0006765541558617,0.000594504570174
f23a07a90d9a328e086eeda4bda177309a7f3951fa78c69d620fe7eddcf95156,0.0005578192989847,0.0019000535976701,0.0008513410132103
cc8273ff6c3f519339b8d9d7d3ec9ba1b2ebf35697418e3eb27810a133e9d250,0.0024389504524032,0.0024613569960601,4.067806908605386e-06
6cd58f878ed3bc45a5b308404c7816c1e380ec186abdfd84d9c7222d4d0f2469,0.0001695493862013,0.0004920213362195,0.0006104301851967
15699c6b38e98169c079a4484674591be1cf3210c9ddd05d2ca44b2ba8e79524,0.0005844487297719,0.0008835975252699,0.0004634574602685
3aa186383ebe9a4f3c95cd84621d0886008be849a88b12929a6bf5ce5dc6635a,0.0021855100582626,0.0026186798978488,0.0011722912170683
b634e1e9581ce3e77687da9aa060b45088a845c2c346f02f3a19e474a5d5394b,0.0043405814789856,0.0023531253450402,0.0003508972990697
b65634a6da719a44bf98cc35092454bf21cb3769b40129d331fd764d427e316c,0.0021511218644822,8.95846647817738e-05,0.0003295609634869
4f561f36260cc2e88cd6326da9d4b0f3f0d1fc7fd8c70f80bcf88e436e30012d,-0.0010522789770472,0.0027351756981122,7.172821101310799e-05
ca2488123127d75d0421f9b30e39e6c33c56bc5e04a44f5e415601dd4bb07e5f,0.0053193482210055,0.0016741182051831,0.0002190750475164
52cbbb3edf9182b264daf735651e3c3c5b9828fde53aff8ad18cfa594a6cac02,0.0001889707342493,0.0081274823485758,0.0023475534143476
3df96f16f5525b003c576ebecd91992ce7b67a8e1e7d017a1e91422f93814a3c,0.0018630729378598,0.0014334250861192,0.0002407514020685
a4ba0f0765801fc0c6fcb74d668316773579bc93ad648afcf69389153fb600cd,0.0158172214827712,-0.0015020687257745,0.0008876407871581
6a213373b540b5ec9daacea2c37329788106e118cb1955c3d521c769d36198fb,0.0002486812407932,0.0056476387220676,0.0036239702068341
ab3d17d8f8270ebb3374e89870a1660975d143961edfcfab174816d128941a02,0.0108128926299952,0.0116552196264335,0.0028823114919755
45e64e54fe91888b7671fce0892b38e9fe8926624f0babc79fa780f8fefebbf4,0.0156418035559959,-0.0028660593814995,0.0035381037209323
ee6fb8c7d7cd813bdcc7040e6e599c48723d946afa3a0839e7a0222821c9ecfa,0.0058515580825454,-0.0011059736909735,0.0040962538755096
d14b39a1493201a6dfbbccd0a14d591aa1f4007efc014ab5ca076495620f8271,0.0120975340138631,-0.0030203906932885,0.0026609905251386
d7c98e96db83f16abb27add0c124bbf88ccab8c986e76576f18d6a930cf671fb,0.0027486305316928,0.0011666915347212,0.0010608096861527
27a02fb2e0db9ca039c299f92ea684b7685f1f655179257f4f4080fb5f61dc91,-0.00099565861147,0.0008522956796159,9.69999580506376e-05
ea070447b946487c4622d48705b40e31a1f0b1e160728fad9de6179152cc45c4,0.000314379560114,1.7460554291832823e-05,0.0002620145228256
c4153c2ad5f75a94bac0ed875a9673622918615554f4d38c486f5329fd5edf5d,-0.0010540078929726,0.0012564114360477,3.0111868094258776e-05
c83d0f31147978d5f45d90e611d92a6144156c6b8b166839644f102ec79ee9cc,-0.0011530105494179,0.0014126326813115,0.0001008141782198
00938f2987c360f76f4b2b05842d7cc9968511f392ee5a8166da3a280d57a731,-0.0009180239682856,0.0014619215027512,0.0002650943838774
5d15830af801eed456a6d3e7d5cac6271fa95d8f7be8f11da17a8730118d32c5,-0.0003639680851451,0.0006518862121473,0.0001392572878357
d70d55e82ca7d437ae5d08ea67e2f72c03bf5828fdf3c9a1b3a058ff6d4c71c6,-0.0004067874668999,0.0031250198392991,0.0019622876640459
7b65b84e976c9f0516b045de054cdc7d07b28b2245949949cbfd4a180653bf00,1.24639594006739e-07,0.0004653640823069,0.0001965280332726
ad40b580d7bea0646ad0c40a37fff4499227d571f382fdda47a5d7ee83ee93e5,-0.0009018408536243,0.0047188325760463,0.0013809354379763
46ac3c755f15d6d98246fbdc706871ffe6f547a75432de4791e745431c91b7c9,-0.0046844085599665,4.919072400459157e-05,0.0013108996618752
e04617bd765f8f599620e2f64b3018ecb8f2e9abb5a3c442586f2ac7501119d2,-0.0015456693261146,0.0014134145201535,0.0016800213630726
2f0bee061cee16200f48aa85222b25d57b72bb0e1dc178198055711f99b1b521,0.0003893656038479,-0.0023845498559298,0.0023267611720937
fb3ac344fc7ecbbd596948993de26df8d26158308e85675f55b221da8af9ab0a,0.0011875196716954,0.0016810640187524,0.0004009232008647
5fdff6cd9c41262406a13656e0230ceddc9b0b7323a4cf724f34c222688857f7,0.0002585131584178,-0.0020200992656863,0.0026161477333653
1c7ec67d81a3d469ce3ab7f05363d71770bf7e8d6e971494bc0f2b8557d6cb2e,-0.0059335057864455,-0.0005563112590212,0.0029244037217206
da58a7c971cb00864b194100582b78b34ed61e8603be321d2d9898671431ffd3,-0.0022855969268227,0.0022326765328289,0.0003064837400536
51997dae10a35317d1ec3f1b7e394b6c5d5ed162490618b5e387755d07c754b7,-0.0033994291020671,-0.0024262139489086,0.0004754139256265
f8046d48904dfbab3c1a29eba8d645b55a40c2b07285396140547320965b204e,0.00345876636051,8.34066645817662e-06,0.0005288609131325
9d761a20fcf57837a1ec8cdb2416c75e6a6d83fb5b278b1e9c41882831695723,0.0016329616275255,-0.0008301926897373,0.0005948158230538
a8433da8c535492c49ed3866846100f9a47a1286265bd5d0eb9245f2ddebb716,-0.0027502430083133,-0.0016338058300042,0.0044361616542819
b8e2e89f9048feb367f142aa6965b9b8de9a74c049c7de9985d7003b7d1e0b44,-0.0070885580224057,-0.0008329358056677,0.0047539812985741
691b3171841c4875f78253e9c42f10233a4be834cb4df20e7253973d91442b3b,-0.0021620599131964,0.0022160930201711,0.0013844730157449
003478dba7247f2b48c3864b3908554e3f9d4968335b8bb25133f045d745c3f3,0.0011105050110585,-0.0008172017808804,0.0002188436441145
11ddb6779ea7c4501fa6edf7eda8afa4513be7a0f317395ebe6d017e087e14f2,-0.00324792640567,-0.0023442077089031,0.0029267150212887
7112ae66f281e01c4926b6031e047cf722dca5bc61b5234ace42498e99419c4b,-0.002965421518462,-0.0032270823274486,0.001331733042132
3679d152276b1927052cee1bcc67a70ce395947611ef288d1afaf561e2da6e73,-0.0017419613389276,0.0039612571373348,0.0012067708308784
53ef44f4a93f9c8e3632352aafcc61b388328c76f4a4f7fc06fc79bcf3d3d63b,-0.0037756641054877,0.0022320452658529,0.0023980622263791
17f415e680eaaf310e2a0ecc627951c8f7214577b6fafec9bac3e6af519fda7f,-0.0026887723739134,-0.0037100167549361,0.0030511028962631
4158a114ec2305d412b35d172229e833312191a807f5fcce3ca942d0aee6f44b,0.0070987109448694,0.0032069593116808,0.0015333068197256
4ce41eb395088de09cc753668b99d7af5c1093ae7a50a455abe2956a820fe506,0.0068380207746389,0.0030133318293201,0.0012790857496212
89b1fba69bde453f76993ccb00253ab49abced8c72734d6d8db7ebd11d9f7a88,0.0016707453295175,0.0011954424102527,0.0006418299827452
703150a26daf1fc4905df46edc50f531aa7cdfcd659d8f1e3ca7322090d0e687,0.0011449138071761,0.0008446193309498,0.0012190064112896
d61e4fb6034fb4931feed56c0af64ea7d0c72a3f607980dfcd7b796437196522,0.0009418032649643,0.0007777619351879,0.0004611854072344
af6e1a6f08b6743c07cd88be606c0fd9190db17b2f849e71dd3bd31ff38b99bd,0.0009418032649643,0.0007777619351879,0.0004611854072344
61bd7b8dfef0a9ede266ac2edbef8c78aa713964c32758826d1e820c2810969d,0.0021729673950178,0.0023696496034406,0.0006451822142849
b0126dcd869ba720743a2ffa3d4ffbde322cb6e6a97d19fbdd1e7314353ff556,6.107142979474417e-05,0.0026712881875602,0.0004728207216395
d4337607e16c6990e4da50e0756bff8e8b0524c5af9a0dbb985ca2fd4c6d87e3,0.0053598592875829,0.0018801207060507,0.0016100010640958
ce706770f2ca615a9791d32054b619c64f38ac02a8cf7b91cc594f79bd51ac7a,0.0002666597382307,0.0003917414554352,0.0004663867502664
3dbb784e18c75bb7f4843977098a9332475a47d92d5c4c5023f0d5796c965e49,-6.750512191754523e-05,0.0017643919865122,0.0008130764301217
ae49827dd00c528bce46b4f868f5998357fd89cd342c96fb4cfa42f194cd947e,0.0015407100167728,0.002945909930108,0.0007420329359482
dd2b6b1854ab638caa8b8506f6c21adcec06faa5698959d5d10956e963c28c93,-0.0019979947562033,0.0028201114807138,0.0006008397664001
a8332571f440a1bb97273fb019b964c6a879ab72a884e285a721ab1e651361f9,0.006388217175115,0.006113167480821,0.0002329062818624
9d884cbe93974e91677b1a3993e623825ac2a581cece49475c585d4f7c460557,0.0009879891645926,0.0036305931489721,0.0041454565855077
69102ff5304823798b816db56ff68bc58008e43df7acbb4153e6b91cbea72e26,0.0103687672837444,0.0083300790381821,0.0003660457216907
318b79cfe3ad9f90887e672098598a122ddbe4102a4eb91296f9e87bb42b7135,-0.0008066725470401,0.0018025566768044,3.054266773847978e-05
7c0f8cba624cc8cb372f574416031b2cdaf97da77d1d34f8673de16abf3e8839,-0.0047911405757304,0.0026131017589549,0.0012084900243615
9f49fd9cf001f5440bfe9115c7e678fa27182c94aefaa813f6bdeb0371fe1c3a,0.0012117832193157,0.0060770268314534,0.0019397048421089
d63d1ccba3604cd6a1fa332e6896ddb500015cde9a1dd844d49db474704b176f,-0.0010387589513854,7.027942486126688e-05,9.831240356756294e-05
fb61f135f0490aefec8cc9c05a61a9c831833127b2a714939e6e87397585f011,1.0825943639650944e-05,0.0013162766434987,5.702393778384546e-05
7cd2f7744687f1b1773bc372f6af80aa0af4c339ae3f229a98d6b85897b1c6e8,0.0002972979347408,0.0013912571180734,0.0001258971397899
9fd32b2cbd1a1af0dcbc5c06b9b8cd8bce44aed3a7b5048d8dc08354c29d82dc,-0.0002874842991054,0.0015102408877118,0.0006892246490607
5e5c839b27551d98233b7a29e64ce7950752f56a4631532f4425ab73622f37db,-0.000238019088402,0.001626990600264,0.0006034933787601
c71f9af882712b75ac921d62f4e11cfd9345f183d2ee7aa39fff18c7cc5f5c35,0.0055657143180023,0.0006772096041874,0.0030455806568736
282b4b00a1590a1734f9f25917c4697fc5bc70abba99d7d915311b888efdb22e,0.0004707480299281,-0.0005809445645127,0.0001791818311894
3d8bd04f2b7d18876369ae8793a4e2dbc2a155d1218d545faa4448d6e7d9d72d,-0.0003206336011655,0.000881990870094,0.0011638854027968
8d56d7085d23499f3dc328129887d6552a42ddc00c5255eb39ad4694fff006e7,-0.0003757954502734,0.0012035010511681,0.0009080508109716
de3d47924c21e2e318809fcbe3c7f405684a05f32896807a476a9c4da32924a8,0.0016312315347051,0.000140144802293,6.018976061898373e-05
05e8472d0335318fd3255d72170dd88511619bc8ccca8d10b8d70b57340c930d,-0.000716452341424,0.0012012139698143,0.0002347482179138
4e04e9a16382d90c1bda7f977585aeade2fd504800ee193478bfac75b786b584,-0.0005126406440033,0.0008894324594563,0.0002604768942121
1bcc2c008537e15da1be73e7c4090073da9275d4034f93ea79568dca00a2d25c,-0.0004876617015833,0.000741368603201,0.0006714237037454
a18fc1586f889b254b55fcd7124194674bf9b1b7cab2d75bdd5cb4b7c060916b,-0.0007512460014061,0.0015039082307374,7.146626453982117e-06
89384f3b9c967a5d5fbd99a685e8d63130ff005dcf960623ca99c3decf618c00,0.0010047402808908,0.0005121037987684,6.923224581055644e-05
bae1486ecf79a9ef9f115e282ad428a608e174f4b381d5cde1a76b91d4c8d83e,-0.0005369809265121,0.0009119243023236,0.000972475686352
66cd6c2c4f1208041f2f502172382a580f2d0e94b6598c35c8af1fe7e2ed52ee,0.0008299073448698,7.3552809186786895e-06,0.0002359641223009
19665ba84bfbf4c2bad3ca0298822025e3e1ec259d8f6a11fc49c321be639f2e,-0.0008951240287871,0.0022047272639229,0.0004934993130397
2d69bdab152283038a68210a776f6c0cf4b2c7e3e0af50451d1bc3ebf835dead,-0.0006991576364766,0.0014565139566629,3.3054734860670584e-05
54252d716a5fa9e487d2b6c55817c183692b96e6af7c00dfed40d86b0008b184,0.0003693940477229,0.0041597682812732,0.000606462521205
751898724464a2bc5f00c15f35592b81d46e9c6f7c3bc2aa1ad92e5d7e80df35,-0.000579513108964,0.0005924408671985,4.739715436294205e-05
e679df9b5b472728216d4b5f2d6c7bb7fbcf044e6c2341626d477b73bf4b9d2a,0.0012043078615734,0.0003676957074264,0.0001701289801523
c48841943037b498e8b79b172d6d0bf56a949053d5f0c25b32ccbe9674ac4f29,-0.0006875689696872,0.0009436534813147,0.0001054938433465
6a2e8b8b5336c66d9c8221f8d4aadb06f7efe7fce185cb03456ba701657994b8,0.0002140924957764,0.0009509559600204,0.000958953194692
0126551c3bf98f5cc1436e09a4d7771078b9b39ff731944235534dc1499339ca,-0.000396330840039,0.000780568554678,0.0004087026042034
13de58fffb313ccea8bccbfab509ae831785193ff29c499d4a6977b7afd7e4cf,-0.0006186672992321,0.0020185651615126,0.0004227628441137
57623b5a454e747b6867c98495009945554fbf6eceefd29398340f83b48b924c,-0.0006297214300027,0.0009515685910027,1.69521271504611e-05
dde9e2d6ceb41e4a9c76ee0ee8e76184c062bed4a317082147cf384dbacf4626,-0.0007110863094133,0.0006743688207258,0.0009445840645559
044750f68c198a1b9ae859df6d88d631d26fe8473fae8bcf0f68cbc8bd9a54f5,0.0004631394484368,0.0019623246289417,0.0003717187233172
2e0c67e4cb0c3b7ede80fec415642f54e1213d01830489ed67bd9ca329ceb014,0.0005402945766357,0.0013727924872585,0.0003872939209526
bb23c9fb38d4ee3d21ffb49bd61282e0a9f580e50903d94ebac92254e194cac7,0.0009038720238807,0.0022313484637592,0.0001089454913323
7ececeac320038171e467489e4d3eb79732393777467f46f6ffbae9d5c5168e8,-0.0006264068022455,0.0009467550105671,0.0005031341338419
7f7dac09ab0cb50d1ba9e39dba2979613b85d0474192a4170726780f5ff70520,-0.0004265292673261,0.000389754276645,0.0002744837966667
838f600aec1172d012f4938f3e4ae6efaafea76ca9ecfc0fc7ba867b7efbeea0,-0.0003776188207725,0.0003713017846745,0.00053638247457
22e936d75ac71aa521464e345d613e4a71f0aed36b07ccb8a9a6891d0ae0458e,0.0007699120424524,-0.0002921624396957,0.00022329752735
ec29418fc2e5fa164a27192e73e20f2582c2c50806b56b66a2c6f0eff4a652cf,-0.0004066973502822,0.0004613450791637,7.322146779192321e-05
8124a58fbe8943842b97710e931500a8b66ffbf203f8f417862e734d759c7f16,0.0001210365904224,0.0004696136255671,0.0005520756653294
a2e27e57fe02ef6e03c15971eba286f1f3fefe7a38e29b8278255c14549c6f19,0.0006066338271187,-0.0001517428082814,0.000343509028082
6b519cb51f9542dadc914ad0b23b84f536262afb0b5b5e52c5efd252b227a507,-8.7537341691533e-05,0.0003478272300236,5.784671292280958e-05
33481bd7cced61a746bd2c0489ca6830d38295d828cf39b44ec8e96eb291fcfe,0.0002535639847293,-0.0008229020618016,0.0009395828133838
13be13fdc25dab254c3aeee1edfc3814183a337c33b31eac3769cb3ee2883a14,-0.0003454772111711,0.0016977688749587,0.0002287172869058
1b0f7364e4691be3c3d322f96d485243d78289945c2f57c7fd8f3fbe4daeef33,0.000393276659171,0.0001113551012298,8.24157857605579e-05
1cdd36c076c2e066bd7cc7990e0c6b6f23e8dad2e6d4df44292e4aa7bb4542db,0.0001565769073968,-0.0013368223702999,0.0005784069263256
183cbecc7a021391aee74ce9e8fc2f84404fba803c43debc9c0024aba53e0b50,-0.0002564216869196,0.0004039622796997,6.258035053356409e-05
d61bb442a5f537e3fbdcbf96e684d270c5584c00dc36b79a73aef2f372ec242f,-0.000757974138073,0.000663328588486,0.0006978349007747
b76003fbbb4c6d0dbd91e182de7ebdbba5b77c69d06d5e807e3091d4288b4d4a,-0.0004329436217469,0.0007417145911169,0.0003480688895171
abbfcc24fb835cb0c8d7392fa47d0cf2b31e85fa1e3e612949b63f43950e1ff4,-0.0005219986997877,0.0008187786215462,0.0001000516646225
095227e4f14ba2c14ac155e7628623eb9b4ee629119d0bd169d582ed0d5cf44d,-8.784222117726879e-05,0.0027493086631138,6.4651414734629816e-06
910486583c7b977353970fe3f954ff014cbce2e62d31c8475f46e39f2816a974,0.0010218960396678,-0.0001130105783233,0.0001676744154783
57e5cccf95e409f664844accf52ccceb3b3de77ebac7bb0a6a39bae387625a95,0.0009238494592054,-0.0001569314770686,0.0001688364036142
9da50173cdfaa53bf379d1f7f4d9559123b735dc784243d08be372d835844a47,0.000923848633014,-0.0001569314770686,0.0001688364036142
c801c507223315f539c7cebe1c901849fee91b3be09b4f6a0b4feee8126c6272,-1.88151680073163e-05,0.0016904405602586,0.0005672304431565
213a55ec982427f13184fd7bba0186c6be9f172f447ff0e7a2d10307e2232554,0.000871527871901,-0.0001599729885329,3.341790571272283e-05
45303c106505b740063b26e43db05d5aadb190b5c9fe6752a1402900474f8717,0.0008715270592154,-0.0001599729885329,3.341790571272283e-05
c3ba21ee3b2f09887374f1f958ac8c679c2198fae1961f08516f55b572a75942,0.0019164814246313,0.0038075955446015,0.0008870746934758
95be945b352182bb4ed8eb87ddf20c92e05a53ef76a5906d02be3affd11e878b,0.0002769524171887,0.0019011875793783,6.826285231493015e-05
9240767002f097368055f6ecb8b7ae3dc1874977a0b1f03b8d4430fd7e4af490,-0.0001784878838426,0.0002145364848459,0.0002162964892671
a0edaca648ec60c37a5d325c7e893127359ac28129d522a0187cec4b2671b7e1,0.0002769524171887,0.0015052414683852,0.000181097619734
76c4aa5bd411b78581a157f61be9add58c752ef0eab1c077d8ed4caa4722d790,0.001165017463227,-0.0006152613496592,8.907552408360855e-05
43d10a2d7402dff1aee3d6905d2ba5a737d0bd3793b92daded9d15c2d77fb230,0.0006336554712942,-0.000139684175231,0.0002927288828296
0991ea932f72d48358f8e8db962839786ea7516c14caa57beb247539c48fa960,0.0003636492222629,0.0016132561161266,0.0009328528640858
449592217c7e73f201786bed8ffa85ab9b7b714cd16a492a1c4971ba2251370b,0.0010623435982988,-0.0001991679761383,3.39029072054201e-05
72ceb883de0c034e73cc7d19658367ea6928a3d7e6f7b038fd3fcb0c58df0605,0.0006890849176855,-8.55016227993735e-05,5.1371394228340334e-05
feaf234f3dad0a829a20e18e1d666e4d2ecabdcd257e0165a145d7810f4273d4,0.0004907197417398,-0.0001339986334435,0.0003136245188831
2a94d596e4dfeb6c0a9b2611fcb2d9f8384c6d56eefc75a64508d78f7219fd0c,0.0004907190250127,-0.0001339986334435,0.0003136245188831
330751288e622ca1acdb40d2b4b346f9c386a541682028232e53b43b0725a615,9.729734541047872e-05,0.0006539931757051,0.0001783947330473
6e9b555095c99a022fd4bb26e346d41c2c82902ac668fd1f48949c366fa77a3e,-0.0005845007531579,0.0017905863547062,0.0001479665963923
a96bad0928b6d0fc31461119f6da83fb71d6e7c0cedc1c40e15bbd5fa798943e,-0.0012076599487443,0.0006340404051068,5.490189150577608e-06
b5a1da22cbcd70120fd634b978bb27361e9cfa4d8eb63b3b891c88996d0eb790,0.0006724009811092,-0.0002005254991241,0.0002772559877377
362316bfd66318cc88c6836bfe506c9db44a2daaa2c5a1f2ddfa1554b3d085d3,0.0006724009811092,-0.0002005254991241,0.0002772559877377
23d84642677b62f911d5665b3bcf88738bd4b4bbeb20a07c99fd0bf7d50841d6,-0.0027197037848878,0.0023613756339307,0.000599120478507
07a11892a2a2c5a275004b29456b0a2a079bf71568ea768ce13281f0deb5aba7,-0.0010302877661397,0.0018005842451733,6.640474281272424e-05
0e3dbe8ee9e8672f42392a1ef2cfbdcad242ea2062fb32bb382f4b3214278508,0.0008177217964391,-0.0008006662574946,0.0006845193506511
d967b4b1512662d01c44193ac10707153198afa4cc4944362be1f2da3109ffdf,0.0006123762576797,0.0009997911655456,0.0012160482103114
1d9c71497cf77e1fb556575389c47134d1022c4f8d678682166f522cd1887db3,0.0012832872384397,0.0021838869101209,0.0030207022588433
6d58ad13dfc34dba3313b79bfe78b0fd562e256904f6c8be519dc7205fb8f929,0.0025828735715273,0.001005665851762,0.0024026155156965
a4010e8287965249f221667df7fcffcad5505d9a6b1884ca7ae7ae7cdff67547,-0.0042383070207185,3.3288510621953815e-05,0.0037500862375322
58c5bcbb419cd393c7dd82cd3495913ffa681dc4eefcfdcc652c25b9a4346bdc,0.0029157801687729,0.0011577717405353,0.0024026155156965
f1e19e594f2dca52874aad757e808895032dccf37e520966cfa348c985914bde,-0.002751248538164,0.0052766588619635,0.000243313989025
a13be3a8e0d3e9fdd5368268b1dd449c635970be456797841a2c3381a4bf3e5e,0.0023185356727936,-0.0002056966109415,0.0026069824975872
bc0ec04445f2a1173251c746e0f4be7af10e1cbbba8641566e4cb4ee166d6f7b,0.0024917918035294,-9.226210548686924e-05,0.00202265609942
e8e866edfe76e9756543733ac1e97143dac2df47bdb993271b77d0668f484882,0.0020690487756763,-0.0007339547354887,0.0011857148315438
69c61981daaa137cb03aee4c072f4dd25064e61efdb43020f038bcf2abb17f18,0.0012509535797971,0.0022655079423255,0.0040783435916554
f0e15ab82df2903cf06f9e1944406174a6f5d0051204f7a682fd32f3fe3ce7e5,-0.0001339623652661,0.0025067676162997,0.0021596068756173
2f0badf44e05a0fc6dcbca4eaa47887a095611708eb2115eb4e3a175652c5179,0.0033869636325105,-0.0045573233678952,0.0013910897431804
43ffea197391392fad85f44f6efc6be8a981aa68dbb52f28fc7c6003933f1b11,-0.0014225862001984,3.099388467531167e-05,0.0005447176440075
e62901e5cf0bbe33237d401dd06c02d0516b681ddf11563edc348550b880b812,-0.0002630456264362,-0.0002531526346924,0.0012059547048151
47311b08fc31da2916e2da6f1b62acb5eeeac615249179e3912f8f1e785baec2,0.001985296938274,-0.0003388124171212,0.0007621330523571
01d221be8877c3726c4cee9e5c3a1e897b5dd1c31f83d6a03a646d7180bce88a,-0.0017782776627219,0.0013986438103603,0.0008908912697163
5fd40ed0bf53120226ae14dbf3a67b43038b38e615045d9041d0c8ea442b75ee,0.0038704258019562,-0.0045573233678952,0.0009777903649344
98e76f25f62c333fed64712d2787d1b26b9b9285c43de2c02344eb82ba6bbb1f,0.0025919213141903,-0.0023387061447926,0.0033135807111424
6b54752da6882480d978233e9310c1e993817d5b8de6c9e13f975c29854fae43,-0.0004674790911455,0.0035214608057998,0.0059305729579028
c3a09300b7e69abd03b1023d45321b7ba68ab7ffc38919acab06c1d2aa108a18,-0.0003007604389921,0.0017028944278436,0.0012730518057489
20b8f2297414f5fa893e41fac522a4698396d36974e385ae60e12c0657254499,5.902377636174174e-05,0.0013281659680684,0.0025362709918266
683b57e7dde0fd2777198e1c0eac3dff051365ae50ff49c0572a97050b05e22a,0.0023720802699066,-0.0023327166835481,0.0009014329678603
5c215f6735bdb5c718829ac5bcd3a95b60a706351da417a8ee2d1ae328f5aae5,0.0001982997803879,0.0003750560527465,0.0008474118617738
4509c469a227e2bbca0d04b50fec79cab3ccfd2164ac89142259cfbbd5c74608,-0.0007685511938149,0.0001903129453886,0.0005346870633616
5f44ae7d370f01f4cd6f71402ecc1f40292cb659d70ef48f82bd2e19e32b47c2,-3.595286772759582e-05,0.0020994354196175,0.0040290309973894
cec071e7a1324e635692a4c680a08d5c43d28e8bb14e09a4c7055d4b76995fe6,0.0002324522377218,0.0039112274545582,0.0030136451858068
05fdae904ddaad7ef34224a56f3933f12bbd1d9fb20a7ca677e8a1716539f31b,0.0004554040884868,0.00279440959948,0.0003719160155732
498bfc7c13bf3601c997018a37f9a6ac7160f49ef7479940c4dbe97bd633c227,0.0007760189276052,0.0045796681501137,0.0022131961530253
c62c0be0680e46d4227e45deb9bfb43d8a62094e0648240d0afcdf0e97fed9c5,0.0007152704464897,0.0012449066263104,0.0012053877852838
5a206235dca1e64ae3941cb7af6f313a9aa6547aa6320cdec50be5efec9436d4,-0.0005421554270548,0.0004680387458548,0.0006776987640079
0004d1f7247c8d2e3f5727e592f1a2fd22e4af197d0f4e6a1ce3124f062c35f3,0.0010359289020923,0.0014158294993875,0.001644049950558
125570f9663feba561b8515ba3a354cea4814c9f8d5d544873d24e067b17cd62,0.0002986346253399,-0.0008990908830789,0.0002399929625957
fd9fa5d08404764399817995b3d230e71db8b4eed8625262bafe2d70cf4f0c03,-0.0042009899250273,-0.0003389233262355,0.0001518999954279
8612280a080d1dfa209acdf15752fc7a652d9d7c7598d19ce419f81213c25b9e,0.0039969969061339,0.0007597993318643,0.001107802493891
a4e16c89874bbe4a123cadc4306eaaf637710621c16cd17a72778a066549c506,0.0035853078349549,-0.0045573233678952,0.0015915244040591
9e74c739d8797a9a68ad65af316174ef44a53735e427b4477f875324df26e99a,0.0011254829695953,0.002172553300858,0.0017945687628603
2f68700001b3724d7fb8aa229838ca65d08a22e2936abd299e2c05dc4b64399f,0.0024513984759385,0.0004188012097864,0.0026430130203218
09ac5c9278d3acf2ef0a84345d2bb7451882fb1097a11ad506e41725a7e73ee9,-0.00060643026298,0.0023000594734222,0.0001386829515874
790465de6e88546b8dece27c73bf8594914006fef6d8094749fb018c931906c6,0.0013312473628277,0.0017643299660125,0.0019147592728744
65728ac2790e3cb308276bd3d06446de93a6760e6c22ac3a6006306855424815,0.0017266621185762,0.0013062624902231,0.0024336041989214
c4644c893185ac2ac015451654bc2e12b6ccea460f76b37bcd01278dd0a254fa,0.0022989513896106,-0.0025072251959443,0.003483135161558
8082d0f1c5bd0f4b65046c62abae40fa12a2a7f819a9a93ef82ff9578e052884,-0.0006021201026821,0.0019271996513335,0.0008209324658943
d8c32d1b4e0f4660352892f1f89d6fdd997be6e05164392b9bb75d8c3d5edb46,0.002337968377957,0.0003865698909621,0.0007362468960085
75ffce2ff7dc8cd957387797340d8eb8848caeb1f962cf1a25aedd9d99abf403,0.0014925414939954,0.0013060582427511,0.0011305497576924
79179cefd649ee91ddaa700ac2d1f6dd0ffd83705fe3387b9c6e2948a6aac7fa,0.0027738902628413,-0.0039755190039626,0.0016809654743368
426f378a48a71fe638f26282b5cc845d680c79ffd58a5ec18f25c48bcd0d1bc8,0.0019247110473775,0.0012624500547046,0.002086727166512
fdaa52a1f17328a8fb35789510012688257e6d2749eed00fff8275652df89357,-0.0004364448021582,0.0056311707481644,0.0028217032308744
85207b8d260bfc9649c30ccdd463a5a0cf9d495d38b965ed60fe968baf4f49be,0.0019941644066514,0.0006465614231653,0.0003087565569262
9a4ffc623381272256727c18e5f0020ecf4bf72d2935cfdca1cda2df7bc2b059,0.0018793966916587,-0.0033331547086844,0.0039428899235933
833c3c6a11f5a8e47ccba8dad7c0de5f45d331153e3446b8252a3e26748a548b,0.0012322349800255,0.0010405333488493,0.0007085725029152
3e187a8fd2b80ef56ed6f5b93e1d8e8bf7381b6a2486d51056ff270d9e67540e,0.0008716041166627,0.0013060582427511,0.0011266882615982
cd4a4b52032c2637a894876d6594453a7b42aa5120ad10ddcf3a94b8da03dfa4,-0.0010469822898356,1.984835259288874e-05,0.0013636904083123
fbb05c77f62586635fc7f54f5be09c63a8584842d612897d7b2be1953f51df2e,0.0014915730212829,-0.0033331547086844,0.0057711761308036
49f981b4ccd3c496ca6d67ad146a0d4f31698e8bfef4798b2bb8ef35a602b249,-0.0008087208290272,0.0009452192913843,0.0002444160363938
0cef9bdcbd66bc52550967993ae922348d1da5c25db01706b8af8dfb7479c01a,0.0002479456710004,0.0006910534196768,0.0003183557782484
a56508bd42932fc9e8d9f0ced3d9113a1152a4d173a32acd61ecfa8e9c94ef19,0.0004754450439798,0.0005186057943339,0.001163909348398
bd4dce8e11526790c800b9413daa4816e31d3a3567a9ee5106d043650e625c3f,0.000700362196581,0.0003987456208269,0.0011600886441716
3ef0b408f5d0980165b470be9677116eee7eb24dfcb70515c0042b401f9ff3e9,0.0006978623893054,0.0003987456208269,0.001163909348398
7d25c75d8eb2ca8577b527d5d7ceaffe12acabc43dc6415e0b97dcfc72fa98bf,0.0069186290125113,-0.0009130758139065,0.0013280022260405
018391b89bf65f5fb8d013768329805c6c98ea85e7a4e8f1d1d3424acc8cfa85,0.0008641851259719,0.0003498546186182,0.0011126098975761
b25fbe5b531be87de2e735a1008f3fac7486c04af5a4d0e0aa512eb280ec25d4,0.0017922965178798,0.000242281932778,0.0010887156930067
7cc6b6d495af6797e1c36a67a513186576d7fc73c512567f5217d4f7799264e2,0.0001041939116967,0.0005186057943339,0.0011603658563723
9f03bc0d303d0b859228efe740949f618857226e9c1557eecf9d233e30613645,0.0016673497261283,-0.0008011640869405,0.0019591819680709
ef52345bae8c1f020d842be3542aa2cada3d9032afb6416490240558237e1e57,0.0016886345483305,-0.001191137537853,0.0019591819680709
47fc0a154a8eb9f41ae9165cbbd143c9c25b8baea9ae80dc99234faee51d4fb2,0.0008999449427023,-0.0007462270574482,5.59514506151051e-05
28ca06d94d2b6202506e3527a8721e412ad385598634cfdc574fe8fb07e4c25e,0.0001166176880436,0.0008965169605806,0.0008140912948691
5dd75aab3ea062e786a297bfab4564ee1d4c0cbbbfc901383ee24ba5cd6625df,-0.0001715837020559,0.0034103231616252,0.0024488599530595
3e9c48344a88b23ab95fd11c19f14f985b66e5ca4d86a175d859a59b0b876195,-0.0005534312586339,0.0037634560203238,0.0028363712330958
8ac88ffff95cc53d95b837f1d28a3d3cfe930e178aaf3d0e1e263276d5244e59,4.262262462470506e-05,0.0008965169605806,0.0013112308968883
ecf7e584d79901f9a62a533c072dd6d34cdcb1669219af5fd743c84dc1d37a15,0.0003152203616034,0.0003867596034762,0.0009228919165941
3a8aa5543960580de1fb611cdca262ebbf841096037827427adb5a0746bbc18e,-0.0002036256431162,0.0040120996311468,0.0017558981991629
9e85a697e702573a0fbbc726e623fecd09ad5b9ff4dca546d6be057300e88b62,0.0004393146687689,0.0062672942341696,0.003703152187132
37415a0a4e17ad4bbe7311c8e8fe38fa5664e6214f392c04463d9ba71699388e,-0.0029285923770403,0.005162523713417,0.0035446557451262
755108203b6e751cde4c66b35796229cfc6dccd930d7562b5dd9fb9ec321e25e,0.0017163542206189,-0.0015463166426969,0.002981137270988
2c6dac242552194221b32499ddf2a8b0e8b5b62b8904d2db3439d692fbcb8728,0.0020653267797839,-0.005844151614343,0.0001017669861107
b92648de41b74c646760984717614bac5d04f64f7520228367b98d4e66dffdc6,0.0019647699646326,0.0039501271437207,0.0015484631152741
22665e7773491a01546184902bf010ae4f4013277debebb45be749b0fcfa507a,-0.0028835317147722,0.004137124759043,0.0025548287792399
29afc7d4c8c926c2dc1e2c76ed7c75d5c78c4cddbf9213e5caf52e7807cf86b0,-0.0011838328275457,-0.0026174607047173,0.0003025437591506
ccfab81a54c6fb3b482fae1e0d79805aa6f2d662775084584956b82621305181,0.0005728595925941,0.0010599351839286,0.0002648955723224
4e011d69727d0fbeaef3746553522fca934f1f79b065245e0fccd57c26f1956b,-1.9078926079793047e-05,0.0001285196490633,7.206130076713678e-05
4243f205195341b3fc69b23e6120a34f1ae414269502f0755411e7ce6a7791be,0.0001988672988441,0.0002994499994035,0.0002251907468035
9542adb48ea3ca96230d2faf45d47203436ba851d704e843cff2e65444a44413,0.000659216875408,-7.182104602459252e-05,0.0005522439861655
4a87fe7559783d8983bfa62c5e7d89da60730a774e907293b7dbd4824a3a7f31,0.0021466691533348,-0.0008878349746783,0.0001446713901408
726b35f33c43a91a4cc8aa29862c799c6d88bdb5a8dd10aa6c477646f8dabda9,9.618554051711284e-05,0.0011411124777335,0.0004430367322823
6c03668124ff49f18dbba350c4dc0b9d898963f1ff5efc413bb3120b107db1ae,-0.000357555404411,0.0003697820337189,9.975889249940429e-05
b1e8af780251528f3b5ab307e301fc230026c77ad9323ea7b08835bfd239759c,0.0002195390642208,0.0002924213386561,1.464603846689924e-05
0032b53d39d666bf98a22c89fa787feae286d54d1c8b8dcdafb6b20ce46454a4,-0.000651772954001,-1.610451813591463e-05,0.0004940408971962
7d4190997bb6316c4f7a1fb9c36c7d74acbe60ba9f6b9ea840d74719424f352e,7.596436563057629e-05,0.0002735134171104,0.0002028037747975
00e0bfe2a1f1dd3bfcbaa070d3843f96d19daf2340ef821dac19d070153f6315,0.0001812302555988,0.0015575492556707,0.0005969050747043
d3976d8437afbe41c12fbc5e5a3ce503f9b19f6a970afa0a416b27e174d6a935,0.001944732197987,0.0012743302020273,0.0005175019570469
75358de402fbb42f5809f05f35ebde00cf935f14bb19192291a65522447f004a,-1.6823455008344053e-05,0.0005895831523734,7.12471390956688e-05
21f4dc04a1dcd553e575b66733d8f74fa7cd9311595736f6304d1153c7eb183d,-0.0010920501321447,0.0025937044894013,6.93991822848065e-05
5792708632d0c2f851c6096a84f9e680b538fc0725a93044454681ed54541d85,0.0001122578896556,0.0005451105599979,0.0001521429778236
6b930ff65c63a03d709f199b926ed8d0011e0483a310abe21cc229cc13033c05,-0.0012670069193938,0.001000337337821,0.0013169259889969
b86a6252b3af085b502fc61a3637945d8a55110769e3958208c79b460dab6e01,-0.0015385032411525,0.0009576852184429,0.0001278499744448
84bb64be7baf2497f93625f39c0cbd04e02b58b9ea1bd657972971abf270f662,-0.0004542583500217,-0.0002303017333423,4.96549032259496e-07
346bf7620baf50a15a618577916af987c001df4739332f99b00c47b6699f233f,-0.0038233666504816,0.0051546189497794,0.0060732420992384
80b4cfb093e1c1bd04cab2491f3f173013f65c0fb39f8098f93418fc495b84c5,4.96429591142278e-05,0.0028101369984334,0.0003742425820602
c825047fb39be48e163e73f967d55f3df6793429f367d6404c19a8142ae9dbb5,-0.0001592362963792,4.5078589361619e-05,0.0001131620901899
ad1635e53f1c6d12edcade0e291cc1279d72c470990e9805df9525bd6d98e8a0,-0.0001957338388385,0.0004998962352634,0.0005745250591818
bdc416f9bea7963e54610747ac01e35111455363c09f8524b77b2778b2f82bf6,0.0002965411026414,0.0010018725091435,0.0001229491371556
85541a204629a95e95079311fab8ee85f569a39080cdaa8653c8a048e2aca975,-0.001910027536443,0.0017794924530229,0.0005400572192889
d238cde440ab64cf0e4140dec063b145c8847447e42fa0f66d3cd968721e509b,-0.0011329139452289,0.0015847349146943,0.000188718015757
f4096f4ace3430b4298159a3a1a9b8520501fea36b4bbf781f414f54318e5eef,0.0012432633206756,-3.5506104933835616e-05,0.0003013484701582
ccd58752aa07586591f18139377bd4cee7b6ace9e41f580ca1f02d80c51e7f78,-0.0008499646682151,0.0014272321589639,0.0004922724494757
e41e583bd981f79f1c9b83fe40599eb8f335b522c8fcba971938ceba0bddc228,-0.0003176665054976,0.000325097674212,7.978536901756937e-06
6a01abb271ddb7c4e243237da8d99aaf269916837bb849661c2ae635f006cd3e,0.0006603288036983,-0.0007090542886282,0.0003977318996953
f034bd35bc59d50a20f7557737c73232398457721944ff609343ffbfb11febc4,-0.0004842055968153,0.001897465373363,0.0001065855342172
728fc8cf50e590c74f6774475a8dfd41f6fef2cc4e0b56dbc72e5fa410154027,-0.0008331662321174,0.001369841273854,0.0008730929971232
5d11e56c77f260e896ae60efac67dbd47a60b098acd9da95c1ca932c0241ba26,-0.0005274800247885,0.0022471175774667,0.0002495365191781
455b75a0ffd2a097b51dc8b539457dd45c5cdf2d31305f5bf013b9e54212cfe4,0.0004301356415287,0.001753710771452,0.0007402370391242
66c7f27cdd1b9b6373ae3016357d4e4772396dbc7e261ed5740a4a1fc53c6f71,-0.000989536926666,0.0011379086773571,0.0007429648757947
f28f34a37c8bafe0d3d78536e4c60c61c9e1b7d358a58d89910b53681e089702,-0.0004044807485165,0.0039864220150364,0.0008190899395903
d3750518689e86c75f4b451f153dfedfe124b12af8bef5b151fc9a07f55d8e10,-0.0003550285395431,0.0012314874147047,0.0006805604365808
562827e11a01433eaf767d899922a98a41962b6b1c7e83a6ba9c6b96720290cf,-6.868365193447291e-05,0.0001129363230512,6.68547881223604e-05
05bca8535ca4c7fa7e5333594bead2b6126b9481199c389dae35ab58e74e6988,-0.0008119158087431,0.0001554651179882,5.624447695832264e-05
302055043a4410f31d0854cf8c88680536a2d4a035c2e748ead384515c695b24,0.0069651537969755,0.0025863733646529,0.000532554341874
5443a740ac9434f407f97a4b61773a5bac77d991e1ff5dddf93a20d1e5bd534e,-0.0005888534148579,0.0045225503212158,0.0012312320134612
8d785db0cbf60a85ab356a12fd4a2eecc20198c50cf0edbfa65280e3f7abdb86,-0.0016983288918902,0.0016252129349504,1.800233129119039e-05
e62c60eeb04c750b9b2668f0baa10cf837e1ca36d3cdf7441ef45a39092898fb,0.0027385460995533,0.0020888713768592,0.0005184900900348
bfde0d019b66131a8bf9f7e04382379fc30c4bf83ebfbb95fd19ebd03f913a8f,-9.596095012216237e-05,0.0017007662825778,0.0003099941276795
85243f314f0b62fb46cff8c3a02303bbc8abaf0bed9307ed6a9672fbda4e05f7,0.0011387828798158,0.0023150688449257,0.0031498545336518
cb461d9f3970bd5cf84d6d249f35be0dfe9c69ecf7ddf13320058b6c46d2b47c,0.0018738817861571,0.0024075446804712,0.000668048480964
0f5f2bfde0a9ceec57a4a9886edfbc3a7876bb4dc51f437228995d467fe63938,0.0036898257567448,0.0023353790972214,0.0002436418465515
e1c741afba114d575e97fe08fbbeb47b28a5fd431b5352f51f093ff03babdebe,0.0002490914800345,0.0021151996686965,0.0012751656697316
a7871f5dee4ca083286a8eccbc698720632f19827c69c4117ec3e7b5175cf6b0,0.001099404979395,-0.0034093615044337,0.0018334529425143
b57f4bfc1f98c8084d6ebd116992d86832fa7b69629090673ae68544feea9d70,0.0039528474072964,0.0017253148416855,0.0031948123396941
6f6fb2dff70bc9c95397e76127eea8bf0f74e86bdb33fbe0eeb298fcb22658c2,0.0073603185763738,-0.000868034670225,0.001120433314833
2329c5090edb77dc7d751dd1be5bb8360eb9634a7d7dec6a44fd60627e6d1849,-0.0012217739217439,-0.0004399829044215,0.0008449032875879
480ee56515f9b4c235d9629ddf0640cf6d53e5b7d144b9625b5c558c0893a33b,-0.0013752423329306,-0.0038725069846158,0.0011074418197952
070fc69cde7d02e5c573324d7be6f0bc5bd963d202ace47b03954c0552981f71,-0.0021230995308535,0.0009252026238097,0.0008919166635584
6fbc6000a9f0cee46abe354351c92b0fb83e0780ee0e64bdb3b8a732bf0bc14e,-1.4673718215333354e-05,0.0020544788867896,0.0001866295055742
69cecc61c746b640d6310c1b214d89529e6e24aa4dd10b8d67c652a8024dd580,0.0003557590252502,-0.0004038584921273,0.0023488924367864
14817a0b7f6adc4acdc53e84a21f4aae00dd98c01af63dd2d694aa5a354fa840,0.0006112711242393,-0.0004964973927914,0.00083565113427
6531e6be47ee4983f392a6e69735457f4b6d4f9d108b174821bf6ab1476ec8c6,-2.899142654317281e-05,0.0007926578411368,0.0001742882618324
f843ea923d14327c43527f705c19ac1a845cf32af8282798c0cf8f8378f79046,0.0010918429463029,-0.0010623717030452,0.0004217113565546
d55f98544c690dd56c126a962e1a4f944f32965fb4a8cb111f692c334837fe41,-0.0013284812318279,0.0041763857070582,0.0036185518207257
65a852f097475874d171bfbcf6f8889aba6a4424d60e67ebb24d6fd2ee77c50f,0.004225437269316,-0.0014449567609992,4.863097326977508e-06
7a176f4a545f55030cec955d9cf6f571588e30129324c8b2ea669982b11c9c86,0.0006797061152596,-0.0014522760772822,0.0017405813317677
783da0baad7cc85c635c081f49fd2ae84cd03f469055ba53a1fc5e8ea03f8208,0.0,-0.0005727890892711,0.0012738866901563
f098a5c01b5588da52a700b7abf19598273654d6b2c7146976be04229c5e63b0,0.0001468277509727,0.0015627397690571,0.0002946128673137
4e3930be053b597bc49bd7b5fd1053cdc5bdab82684a6085c2751b22d7523d68,-0.0021226733680616,-0.00128967326975,0.0037304318897388
230d4a09f2c0a29aba7bf083a2733921514046c92f5f32a7f996b49aa3227e57,0.004207120960197,-0.0002385384853356,0.0025515197472238
aaa1b77538e8cd0124acbd0f6b58514e76ca345d69df10e81a7123224d2f7a52,-0.0001405368481789,0.0050754139406121,0.0001366035335398
450e569651c4a7693e487b6a8a80726179dd0ad7c5adc081a0db16603a9b7381,0.0019680120420843,-0.0003729004924907,0.0016512973358966
2b6d8f7a8da8571dc959345757c1988f327ea90efed72caaf60c309c233391ed,-0.0050494575695956,0.0022805015170248,0.0042738125516925
f682b0eed0eeb89ff947554a5aead9993282f8366d1285a255cc3330c04e9384,-0.0016148355020806,0.0112404493288855,0.0026402611189526
96a53eed5b7b544c90b7a7cb3dfc37e771a34ff8a77842af9cad968e8196c613,-0.0014468742072162,0.0078740855957233,0.0001948238531646
