hash,dev_trades,val_trades,dev_min_window_trades,dev_active_windows,val_dev_trade_rate_ratio
e3098ff41a080c146f6618678aff9b8449f5b703fec33cc2c0153c35cace79f1,41,15,4.0,6.0,0.36585365853658536
4a97d90f904017698344f8e44d0188e2ac8d54065b71c4329edec88f2f436a72,41,15,4.0,6.0,0.36585365853658536
db7684dc8a5e7cbb9bb474d343f4e85d071e2ec6354b4b644d9d7d0da13de42c,157,40,18.0,6.0,0.25477707006369427
da1e1e733aa99a7339e23c1c06af1cafe8898fa684b22b56b37ed5708ba89fc9,158,41,18.0,6.0,0.25949367088607594
824d00bf03a39f526a8f5e0ab6f4ea4481830cd7fdf50d1cf736db25b373e0bc,165,43,18.0,6.0,0.2606060606060606
bae2f9999a29cccd3a04dcef4c7caf2801832525944e230d55f7783639db047a,158,42,18.0,6.0,0.26582278481012656
6ac8c13ada07af5484bc7deb2cfc155b485ce8b88b3537c822adb30f4c14d199,165,46,18.0,6.0,0.2787878787878788
65fa6fe8f33b177635aa98719b15e91f9c5e3a95461a7590146e7ff0d3e198fa,155,42,18.0,6.0,0.2709677419354839
2ca887d2332d36f6b566dee82d48eb972e14706653ecd25663b5f7f9898a558b,104,27,11.0,6.0,0.25961538461538464
9f8d8f8d7ccbabd97a7546bc4b2f64d655ce1c58b977f69408af66405c02daf5,475,99,48.0,6.0,0.20842105263157895
73dc01afd888cb61200fb2f34e71bf24a00c5fb51ba72dc71d57a2af06ff7d85,817,198,107.0,6.0,0.2423500611995104
a494cb9fba3597935f7c5a02f62d8bb398e02a134381d51067c187dd5563c30d,1185,341,166.0,6.0,0.2877637130801688
173e4590a2985f65f3cbc7694ccb3d93838e6b014a99fcd41091d13d73fc5984,2164,570,319.0,6.0,0.2634011090573013
c749fe4779e192f0dafc4b66b1638fa032bfbd6989941bd8f906b0bb5df6916d,612,161,82.0,6.0,0.2630718954248366
0ded107197b28d4b336864275dd4fa58b274e798a84293c0254866f86340d685,1311,361,185.0,6.0,0.2753623188405797
9f985eccfe97bded418b9570d5db45aa6a1dee43dc11a23521912c8c61351e7b,1242,346,178.0,6.0,0.2785829307568438
a47bb11a09faac851d818188061aa6c581e58687a54bcdd5c6e2d4d261187e99,1164,330,161.0,6.0,0.28350515463917525
d111bb27293ecc59a1f7fb82a3e7ef6a9a220d015a479e123c6dd548b439c842,1573,395,212.0,6.0,0.25111252383979654
623dd37533adbc2ff331866b1efc0c624478e5714b2d5677ff0697d5fa41f293,866,211,132.0,6.0,0.24364896073903003
c38015937e29433a0dce5846c45e3b98c02761e3cbca25d3bb67ac7353aa71c3,1562,443,215.0,6.0,0.28361075544174136
fbadb2452a2c5162d38be44ca06980f0892b7352c8921abf63a5fa7083eb2396,1712,445,251.0,6.0,0.25992990654205606
847337e7eb42fb4e43cf37bbc86760617333a943981245a9530ee153e7890334,599,155,86.0,6.0,0.2587646076794658
9f80709ff19c8aeddf18d8b956ebe74b31f8f66c51d47cd255aae9288aaa4c6f,1630,415,242.0,6.0,0.254601226993865
68ea9eeaedd01a5a0d00be52d95f9f72527f7cdc80b51ac9048bf998f4beebfe,2488,628,377.0,6.0,0.25241157556270094
d639482c875d3c5809c74e91e55a1bbd78ef3e4781e64335b8981869be6dd8ae,1213,307,183.0,6.0,0.25309150865622426
c6ab8f91d65488d2503622f4b332fc198481eefb89e74a6af16eb68656d26912,561,155,70.0,6.0,0.27629233511586454
180751c6f8da2b6302a4057e3edb177e3765eb284eeb514c30f19d80cffdf10d,377,81,46.0,6.0,0.21485411140583555
3658e052ed6bb2603ac4c00dd418a1052b0af43a49d16e46c3c5d868cdbfd5a5,806,216,126.0,6.0,0.2679900744416873
bb7abeddd1020136c6470d4011cfdbd8a67d248b9c761b9c3c4fa85c626c7325,1410,357,222.0,6.0,0.2531914893617021
47d160519af1de2616a98c5278ccc0335222116bbbdc489e5e589c6a5f7a2e8b,377,81,46.0,6.0,0.21485411140583555
1f4e8a06cfae804fd697cd4c966e54a12120dbfcc93715f693ceb4312b128b01,1728,457,266.0,6.0,0.2644675925925926
fc90cbbc56fedad1d54adae2d8aab4d1360a719df9dd3fb0ea6dcb7e5779d4d8,377,81,46.0,6.0,0.21485411140583555
3af282dfc5b345653b1334372423d89e168bd258e61ae809c742682a000a0e17,2290,611,349.0,6.0,0.2668122270742358
d4fb3941fad5a00c69fa7bd06cea211ed637a441eb30b289b6f5480c777e3aea,2257,568,341.0,6.0,0.2516614975631369
de2cb7313c508f6dc35d732c09699179a20556ff9d4e71f5e600fdfb4861b017,1231,339,168.0,6.0,0.27538586515028435
c27a2ed4ac5ab8685e6d095ce37ab9e2a57f784b76d63b67c030c44559df799e,2381,608,368.0,6.0,0.25535489290214197
4345436901c565ed24211de9f0a6b88bafe998b15bbe48fcce1e3ba125516cd9,1489,410,223.0,6.0,0.27535258562793824
e5d591d8f9d95de3805972cb18fe658122b11d56ca4182518f017f826f3b7de2,1509,416,223.0,6.0,0.2756792577866137
76886d475afee8221d30e0025606327c49009c6b6bbae1686a5ded8f5bdaa860,611,161,84.0,6.0,0.2635024549918167
974979b616be28c07cf92b9ab88fd13f3ee9bf4c964c3fe1cf4a26b2f46e5619,1625,437,241.0,6.0,0.26892307692307693
0c29c2e20a0c5e79a5534880ff5d47272b916398146f6d359141a89ce95ef4f1,3766,1007,547.0,6.0,0.267392458842273
14297090bfac833872ddb79d022005c9d9e257b63e607b83dcd486cac7482485,1509,395,224.0,6.0,0.2617627567925779
7ace312ace99daa1c41a95b9e95647f442e0d9abb8f2af46d2d6e117790e6077,283,71,33.0,6.0,0.2508833922261484
cf88fe005294409e7db4d3fd225b6d49491a01a0cce7b3a217e1b37f1af7fd4e,1780,455,272.0,6.0,0.2556179775280899
03b6a4a51e041357d9d720e3b9052e01d69bb3258bd31d26d9b3050dc2f52bf4,3851,1000,565.0,6.0,0.25967281225655675
62a4bbad83ecc7f5b5eb5ce63732959c5e287f36819d1116ba21e0e5752536fc,618,162,85.0,6.0,0.2621359223300971
2b797d2ad31da279e4ea2ece042dd68354f4d6133615fb790df61489582deb0a,1760,431,251.0,6.0,0.24488636363636362
d889a97f3c623271b55b74fbaf97b077aa52b6b8fb4d4f3a2a94804bff46dd0b,1551,425,227.0,6.0,0.27401676337846553
04f399d1f5cd929916cb0ad934b9aeab6348b2cdcbc7ccb1648fce7349a9c283,756,185,97.0,6.0,0.2447089947089947
94f0c57e2139859b31982824b49b0673f96e9179741a1c76772d4fa775a76bb5,373,99,53.0,6.0,0.26541554959785524
d00b5a8a77747f5024304edf97b235f60b5df9f33f324f6b8a5e17640fbc3751,50,10,2.0,5.0,0.2
6dc9cb2d07b952eb834482499cdea5e607cb5f417c4670eb1c86259838b282c7,279,71,30.0,6.0,0.25448028673835127
9d9a39ebf1beb156d383d708dd8540ab0f443354722948392c1fde7bec36c496,336,74,42.0,6.0,0.22023809523809523
6a4dfd8ab26420006c165b8f614580cf3e7f76048abc80e8f01d86af85672663,50,10,2.0,5.0,0.2
47181b451803a5684e864ada99f480bbb31c82e8f23b19a41f2d87a0851a9557,110,26,14.0,6.0,0.23636363636363636
2b2d4ab2ef1a9c1150ff498509cd80a81c4f77bfa08fcf2cc69b5d40e33e8a71,155,47,17.0,6.0,0.3032258064516129
c26c33a01fddc2b43eaa717361fa9a1ed1b610d96eefc75404339362b43727c4,155,47,17.0,6.0,0.3032258064516129
84d0595662928b026f35512f5968f86207fd828abb4eb3fa65cd1f3ed64645dc,62,16,2.0,5.0,0.25806451612903225
93083a51c67526fd317a08271c0e3532236b137d32e49aedc38f27c6bb9e7018,86,18,7.0,6.0,0.20930232558139536
2844f49bbf1c5ff19d6c6de0924748750d6a3d8e2c56ef7bdca802c6f6460e68,184,52,23.0,6.0,0.2826086956521739
b59426b031a101da5025c94cd6d346f64524dacf016d23c7b19303c56a89efa1,128,34,17.0,6.0,0.265625
82356fcb13e5e9683c394e7d05208c7eb98123971cd9b462df8b7cd3e43f5ec3,98,21,14.0,6.0,0.21428571428571427
4d5503c1c13592902c04dd29c704d5b958233190bfd327bd83c7131c239de093,50,10,2.0,5.0,0.2
0f3e2882fb52bffb7e4ea1b5f3de21b39ba6ec8acfec1d46f0dd295a2a697b5c,85,11,7.0,6.0,0.12941176470588237
1abd9fbf46ca2aa05f4ac34b3e735b9cb63e2018963ad99dbcc84429b93a0edb,31,16,1.0,5.0,0.5161290322580645
412fb5d9c90b135ec30164597864f1e64dd1084ba7aa2642026f96ad5174283a,72,24,5.0,6.0,0.3333333333333333
652e9247793147c789fd78cdca38149c0a4c1108578a3b8456dfd248bcf4359a,616,149,92.0,6.0,0.2418831168831169
a807d8f4db9b6d79040be7e9753eff796a5c8c499c8cf1ae6c9f62ab64813915,1738,388,239.0,6.0,0.22324510932105868
afbe1434ddc808cd9dcc2fd3b26cd3096501c2d134182463f88cdf34bf881c12,477,113,66.0,6.0,0.23689727463312368
e5260fc5df96f99474c96c591b4a9027396f96a10296b97b5863edea937ca5c2,479,100,68.0,6.0,0.20876826722338204
3ffb48d814009a5ee1a8456f526954bdabf6c99fa167ec90abad7ea813e13f1f,425,91,64.0,6.0,0.21411764705882352
b2f867c34978c804adc55087db2902025b374cdca62ababdeb6469caa794bc5e,225,55,32.0,6.0,0.24444444444444444
b6939e360e4213e6d57fa9c205678a0a31e89b9b800cb8d658f94126d7a46eb1,76,26,8.0,6.0,0.34210526315789475
bb6cc22f84bc9cb23ec84e227ecbb1e933009332643a92205dfbf1266558e935,69,18,7.0,6.0,0.2608695652173913
d948d173030a5af6fd8c915608f3e760db671af2d258e67bff55e6c9499fadb7,69,18,7.0,6.0,0.2608695652173913
2169141dc188371d6f8febd493c7f68842b889553b59dabd11c517d3613a20ca,69,18,7.0,6.0,0.2608695652173913
c2bbf380fc446c766b9d32ef9254b1893152871a3f6c62489022e071f87426cf,69,18,7.0,6.0,0.2608695652173913
73217bd31f2c7c86eb7132966b54170ced55a65ca08b1b3daa823bb1bc8d40fc,69,18,7.0,6.0,0.2608695652173913
b53b55b7f06cdbfa94684caf405c7ed7caa7873f19ca87849c6b279bd9325b04,69,18,7.0,6.0,0.2608695652173913
1353562862cdba28e74a6c5d50121f944f0f7e0d12f82d93c69608763b66c9fb,69,18,7.0,6.0,0.2608695652173913
2e4ec38900df6b8540e4ce00359e85df6c296b23d8a714a7c97fe6f70e23ee81,77,26,8.0,6.0,0.33766233766233766
f87468eb5b59f6a6152b150174934677d73b5e5223d1b9994798a64cebab7f13,53,16,5.0,6.0,0.3018867924528302
cf58c69b35a019954b43cddd1a727463d65b7fc1a4208a48c472c489dd0e2233,44,17,2.0,5.0,0.38636363636363635
1f9f424d6a897ddc3e1d55c4bcac73fc9ec13ea3bf2ad3d10b1e8e400e4af00b,53,16,5.0,6.0,0.3018867924528302
50b144fc1f9ebe46d885debd826afbee0c475028cf424a0cdea55fa40793c7a1,69,18,7.0,6.0,0.2608695652173913
ce73bdc54fe0c7d98cfb0981c3e46fb6bb6803c8e7fcb2f3dbc7635b485b1363,755,192,108.0,6.0,0.2543046357615894
ba40d4b253dc7fe22fed2a320b0e0fc4bd7e1c22263f8767d63da9c1b80d4355,737,185,105.0,6.0,0.2510176390773406
3320def213a5780e3279ae2e4a4072d8298e4dfc88dca332723a74a9cf5b8fc0,746,188,106.0,6.0,0.2520107238605898
f23a07a90d9a328e086eeda4bda177309a7f3951fa78c69d620fe7eddcf95156,743,189,105.0,6.0,0.2543741588156124
cc8273ff6c3f519339b8d9d7d3ec9ba1b2ebf35697418e3eb27810a133e9d250,276,58,34.0,6.0,0.21014492753623187
6cd58f878ed3bc45a5b308404c7816c1e380ec186abdfd84d9c7222d4d0f2469,745,188,106.0,6.0,0.2523489932885906
15699c6b38e98169c079a4484674591be1cf3210c9ddd05d2ca44b2ba8e79524,758,193,109.0,6.0,0.2546174142480211
3aa186383ebe9a4f3c95cd84621d0886008be849a88b12929a6bf5ce5dc6635a,206,45,26.0,6.0,0.21844660194174756
b634e1e9581ce3e77687da9aa060b45088a845c2c346f02f3a19e474a5d5394b,209,45,26.0,6.0,0.215311004784689
b65634a6da719a44bf98cc35092454bf21cb3769b40129d331fd764d427e316c,402,136,45.0,6.0,0.3383084577114428
4f561f36260cc2e88cd6326da9d4b0f3f0d1fc7fd8c70f80bcf88e436e30012d,366,51,33.0,6.0,0.13934426229508196
ca2488123127d75d0421f9b30e39e6c33c56bc5e04a44f5e415601dd4bb07e5f,120,19,6.0,6.0,0.15833333333333333
52cbbb3edf9182b264daf735651e3c3c5b9828fde53aff8ad18cfa594a6cac02,136,15,11.0,6.0,0.11029411764705882
3df96f16f5525b003c576ebecd91992ce7b67a8e1e7d017a1e91422f93814a3c,136,37,12.0,6.0,0.27205882352941174
a4ba0f0765801fc0c6fcb74d668316773579bc93ad648afcf69389153fb600cd,115,13,6.0,6.0,0.11304347826086956
6a213373b540b5ec9daacea2c37329788106e118cb1955c3d521c769d36198fb,70,13,7.0,6.0,0.18571428571428572
ab3d17d8f8270ebb3374e89870a1660975d143961edfcfab174816d128941a02,50,26,4.0,6.0,0.52
45e64e54fe91888b7671fce0892b38e9fe8926624f0babc79fa780f8fefebbf4,112,12,6.0,6.0,0.10714285714285714
ee6fb8c7d7cd813bdcc7040e6e599c48723d946afa3a0839e7a0222821c9ecfa,79,18,11.0,6.0,0.22784810126582278
d14b39a1493201a6dfbbccd0a14d591aa1f4007efc014ab5ca076495620f8271,110,12,6.0,6.0,0.10909090909090909
d7c98e96db83f16abb27add0c124bbf88ccab8c986e76576f18d6a930cf671fb,79,18,11.0,6.0,0.22784810126582278
27a02fb2e0db9ca039c299f92ea684b7685f1f655179257f4f4080fb5f61dc91,748,229,95.0,6.0,0.30614973262032086
ea070447b946487c4622d48705b40e31a1f0b1e160728fad9de6179152cc45c4,794,243,101.0,6.0,0.3060453400503778
c4153c2ad5f75a94bac0ed875a9673622918615554f4d38c486f5329fd5edf5d,802,243,101.0,6.0,0.3029925187032419
c83d0f31147978d5f45d90e611d92a6144156c6b8b166839644f102ec79ee9cc,298,64,38.0,6.0,0.21476510067114093
00938f2987c360f76f4b2b05842d7cc9968511f392ee5a8166da3a280d57a731,297,64,38.0,6.0,0.21548821548821548
5d15830af801eed456a6d3e7d5cac6271fa95d8f7be8f11da17a8730118d32c5,463,133,60.0,6.0,0.28725701943844495
d70d55e82ca7d437ae5d08ea67e2f72c03bf5828fdf3c9a1b3a058ff6d4c71c6,60,13,1.0,5.0,0.21666666666666667
7b65b84e976c9f0516b045de054cdc7d07b28b2245949949cbfd4a180653bf00,347,93,47.0,6.0,0.2680115273775216
ad40b580d7bea0646ad0c40a37fff4499227d571f382fdda47a5d7ee83ee93e5,255,67,24.0,6.0,0.2627450980392157
46ac3c755f15d6d98246fbdc706871ffe6f547a75432de4791e745431c91b7c9,209,58,12.0,6.0,0.27751196172248804
e04617bd765f8f599620e2f64b3018ecb8f2e9abb5a3c442586f2ac7501119d2,236,41,13.0,6.0,0.17372881355932204
2f0bee061cee16200f48aa85222b25d57b72bb0e1dc178198055711f99b1b521,256,74,32.0,6.0,0.2890625
fb3ac344fc7ecbbd596948993de26df8d26158308e85675f55b221da8af9ab0a,168,63,13.0,6.0,0.375
5fdff6cd9c41262406a13656e0230ceddc9b0b7323a4cf724f34c222688857f7,250,56,18.0,6.0,0.224
1c7ec67d81a3d469ce3ab7f05363d71770bf7e8d6e971494bc0f2b8557d6cb2e,200,52,12.0,6.0,0.26
da58a7c971cb00864b194100582b78b34ed61e8603be321d2d9898671431ffd3,168,40,15.0,6.0,0.23809523809523808
51997dae10a35317d1ec3f1b7e394b6c5d5ed162490618b5e387755d07c754b7,137,33,13.0,6.0,0.24087591240875914
f8046d48904dfbab3c1a29eba8d645b55a40c2b07285396140547320965b204e,76,21,8.0,6.0,0.27631578947368424
9d761a20fcf57837a1ec8cdb2416c75e6a6d83fb5b278b1e9c41882831695723,223,58,26.0,6.0,0.2600896860986547
a8433da8c535492c49ed3866846100f9a47a1286265bd5d0eb9245f2ddebb716,121,37,9.0,6.0,0.30578512396694213
b8e2e89f9048feb367f142aa6965b9b8de9a74c049c7de9985d7003b7d1e0b44,84,33,3.0,6.0,0.39285714285714285
691b3171841c4875f78253e9c42f10233a4be834cb4df20e7253973d91442b3b,128,13,12.0,6.0,0.1015625
003478dba7247f2b48c3864b3908554e3f9d4968335b8bb25133f045d745c3f3,76,21,8.0,6.0,0.27631578947368424
11ddb6779ea7c4501fa6edf7eda8afa4513be7a0f317395ebe6d017e087e14f2,35,12,1.0,5.0,0.34285714285714286
7112ae66f281e01c4926b6031e047cf722dca5bc61b5234ace42498e99419c4b,122,37,9.0,6.0,0.30327868852459017
3679d152276b1927052cee1bcc67a70ce395947611ef288d1afaf561e2da6e73,126,28,14.0,6.0,0.2222222222222222
53ef44f4a93f9c8e3632352aafcc61b388328c76f4a4f7fc06fc79bcf3d3d63b,76,21,8.0,6.0,0.27631578947368424
17f415e680eaaf310e2a0ecc627951c8f7214577b6fafec9bac3e6af519fda7f,35,12,1.0,5.0,0.34285714285714286
4158a114ec2305d412b35d172229e833312191a807f5fcce3ca942d0aee6f44b,54,26,4.0,6.0,0.48148148148148145
4ce41eb395088de09cc753668b99d7af5c1093ae7a50a455abe2956a820fe506,54,26,4.0,6.0,0.48148148148148145
89b1fba69bde453f76993ccb00253ab49abced8c72734d6d8db7ebd11d9f7a88,239,28,23.0,6.0,0.11715481171548117
703150a26daf1fc4905df46edc50f531aa7cdfcd659d8f1e3ca7322090d0e687,240,28,23.0,6.0,0.11666666666666667
d61e4fb6034fb4931feed56c0af64ea7d0c72a3f607980dfcd7b796437196522,257,67,36.0,6.0,0.2607003891050584
af6e1a6f08b6743c07cd88be606c0fd9190db17b2f849e71dd3bd31ff38b99bd,257,67,36.0,6.0,0.2607003891050584
61bd7b8dfef0a9ede266ac2edbef8c78aa713964c32758826d1e820c2810969d,207,27,15.0,6.0,0.13043478260869565
b0126dcd869ba720743a2ffa3d4ffbde322cb6e6a97d19fbdd1e7314353ff556,228,31,16.0,6.0,0.13596491228070176
d4337607e16c6990e4da50e0756bff8e8b0524c5af9a0dbb985ca2fd4c6d87e3,54,26,4.0,6.0,0.48148148148148145
ce706770f2ca615a9791d32054b619c64f38ac02a8cf7b91cc594f79bd51ac7a,256,67,36.0,6.0,0.26171875
3dbb784e18c75bb7f4843977098a9332475a47d92d5c4c5023f0d5796c965e49,233,31,16.0,6.0,0.13304721030042918
ae49827dd00c528bce46b4f868f5998357fd89cd342c96fb4cfa42f194cd947e,215,27,15.0,6.0,0.12558139534883722
dd2b6b1854ab638caa8b8506f6c21adcec06faa5698959d5d10956e963c28c93,168,24,12.0,6.0,0.14285714285714285
a8332571f440a1bb97273fb019b964c6a879ab72a884e285a721ab1e651361f9,54,26,4.0,6.0,0.48148148148148145
9d884cbe93974e91677b1a3993e623825ac2a581cece49475c585d4f7c460557,121,16,12.0,6.0,0.1322314049586777
69102ff5304823798b816db56ff68bc58008e43df7acbb4153e6b91cbea72e26,54,26,4.0,6.0,0.48148148148148145
318b79cfe3ad9f90887e672098598a122ddbe4102a4eb91296f9e87bb42b7135,231,27,18.0,6.0,0.11688311688311688
7c0f8cba624cc8cb372f574416031b2cdaf97da77d1d34f8673de16abf3e8839,61,14,9.0,6.0,0.22950819672131148
9f49fd9cf001f5440bfe9115c7e678fa27182c94aefaa813f6bdeb0371fe1c3a,1086,283,166.0,6.0,0.2605893186003683
d63d1ccba3604cd6a1fa332e6896ddb500015cde9a1dd844d49db474704b176f,504,115,65.0,6.0,0.22817460317460317
fb61f135f0490aefec8cc9c05a61a9c831833127b2a714939e6e87397585f011,964,250,134.0,6.0,0.25933609958506226
7cd2f7744687f1b1773bc372f6af80aa0af4c339ae3f229a98d6b85897b1c6e8,561,138,80.0,6.0,0.24598930481283424
9fd32b2cbd1a1af0dcbc5c06b9b8cd8bce44aed3a7b5048d8dc08354c29d82dc,577,141,74.0,6.0,0.24436741767764297
5e5c839b27551d98233b7a29e64ce7950752f56a4631532f4425ab73622f37db,487,111,63.0,6.0,0.22792607802874743
c71f9af882712b75ac921d62f4e11cfd9345f183d2ee7aa39fff18c7cc5f5c35,104,24,9.0,6.0,0.23076923076923078
282b4b00a1590a1734f9f25917c4697fc5bc70abba99d7d915311b888efdb22e,497,113,65.0,6.0,0.22736418511066397
3d8bd04f2b7d18876369ae8793a4e2dbc2a155d1218d545faa4448d6e7d9d72d,2351,626,344.0,6.0,0.2662696724797958
8d56d7085d23499f3dc328129887d6552a42ddc00c5255eb39ad4694fff006e7,456,115,63.0,6.0,0.25219298245614036
de3d47924c21e2e318809fcbe3c7f405684a05f32896807a476a9c4da32924a8,1046,250,158.0,6.0,0.2390057361376673
05e8472d0335318fd3255d72170dd88511619bc8ccca8d10b8d70b57340c930d,2207,590,306.0,6.0,0.2673312188491164
4e04e9a16382d90c1bda7f977585aeade2fd504800ee193478bfac75b786b584,2699,677,410.0,6.0,0.25083364208966286
1bcc2c008537e15da1be73e7c4090073da9275d4034f93ea79568dca00a2d25c,2557,648,389.0,6.0,0.25342197888150175
a18fc1586f889b254b55fcd7124194674bf9b1b7cab2d75bdd5cb4b7c060916b,2654,683,410.0,6.0,0.2573474001507159
89384f3b9c967a5d5fbd99a685e8d63130ff005dcf960623ca99c3decf618c00,772,189,118.0,6.0,0.24481865284974094
bae1486ecf79a9ef9f115e282ad428a608e174f4b381d5cde1a76b91d4c8d83e,2622,676,404.0,6.0,0.2578184591914569
66cd6c2c4f1208041f2f502172382a580f2d0e94b6598c35c8af1fe7e2ed52ee,1060,271,155.0,6.0,0.25566037735849056
19665ba84bfbf4c2bad3ca0298822025e3e1ec259d8f6a11fc49c321be639f2e,2065,562,301.0,6.0,0.2721549636803874
2d69bdab152283038a68210a776f6c0cf4b2c7e3e0af50451d1bc3ebf835dead,2423,607,373.0,6.0,0.2505158893933141
54252d716a5fa9e487d2b6c55817c183692b96e6af7c00dfed40d86b0008b184,340,63,34.0,6.0,0.18529411764705883
751898724464a2bc5f00c15f35592b81d46e9c6f7c3bc2aa1ad92e5d7e80df35,2445,616,367.0,6.0,0.2519427402862986
e679df9b5b472728216d4b5f2d6c7bb7fbcf044e6c2341626d477b73bf4b9d2a,2008,450,294.0,6.0,0.2241035856573705
c48841943037b498e8b79b172d6d0bf56a949053d5f0c25b32ccbe9674ac4f29,4994,1265,770.0,6.0,0.2533039647577093
6a2e8b8b5336c66d9c8221f8d4aadb06f7efe7fce185cb03456ba701657994b8,1090,241,157.0,6.0,0.22110091743119267
0126551c3bf98f5cc1436e09a4d7771078b9b39ff731944235534dc1499339ca,1974,541,279.0,6.0,0.2740628166160081
13de58fffb313ccea8bccbfab509ae831785193ff29c499d4a6977b7afd7e4cf,2883,767,441.0,6.0,0.2660423170308706
57623b5a454e747b6867c98495009945554fbf6eceefd29398340f83b48b924c,4021,1019,605.0,6.0,0.25341954737627453
dde9e2d6ceb41e4a9c76ee0ee8e76184c062bed4a317082147cf384dbacf4626,2068,558,312.0,6.0,0.269825918762089
044750f68c198a1b9ae859df6d88d631d26fe8473fae8bcf0f68cbc8bd9a54f5,652,158,93.0,6.0,0.24233128834355827
2e0c67e4cb0c3b7ede80fec415642f54e1213d01830489ed67bd9ca329ceb014,325,69,36.0,6.0,0.2123076923076923
bb23c9fb38d4ee3d21ffb49bd61282e0a9f580e50903d94ebac92254e194cac7,450,118,68.0,6.0,0.26222222222222225
7ececeac320038171e467489e4d3eb79732393777467f46f6ffbae9d5c5168e8,2900,740,417.0,6.0,0.25517241379310346
7f7dac09ab0cb50d1ba9e39dba2979613b85d0474192a4170726780f5ff70520,3159,789,494.0,6.0,0.24976258309591642
838f600aec1172d012f4938f3e4ae6efaafea76ca9ecfc0fc7ba867b7efbeea0,2877,735,432.0,6.0,0.25547445255474455
22e936d75ac71aa521464e345d613e4a71f0aed36b07ccb8a9a6891d0ae0458e,876,219,127.0,6.0,0.25
ec29418fc2e5fa164a27192e73e20f2582c2c50806b56b66a2c6f0eff4a652cf,4538,1184,741.0,6.0,0.2609078889378581
8124a58fbe8943842b97710e931500a8b66ffbf203f8f417862e734d759c7f16,940,234,145.0,6.0,0.24893617021276596
a2e27e57fe02ef6e03c15971eba286f1f3fefe7a38e29b8278255c14549c6f19,897,221,137.0,6.0,0.2463768115942029
6b519cb51f9542dadc914ad0b23b84f536262afb0b5b5e52c5efd252b227a507,3915,982,603.0,6.0,0.2508301404853129
33481bd7cced61a746bd2c0489ca6830d38295d828cf39b44ec8e96eb291fcfe,686,137,101.0,6.0,0.19970845481049562
13be13fdc25dab254c3aeee1edfc3814183a337c33b31eac3769cb3ee2883a14,4785,1251,754.0,6.0,0.26144200626959246
1b0f7364e4691be3c3d322f96d485243d78289945c2f57c7fd8f3fbe4daeef33,2039,456,312.0,6.0,0.2236390387444826
1cdd36c076c2e066bd7cc7990e0c6b6f23e8dad2e6d4df44292e4aa7bb4542db,516,106,60.0,6.0,0.2054263565891473
183cbecc7a021391aee74ce9e8fc2f84404fba803c43debc9c0024aba53e0b50,3285,891,496.0,6.0,0.27123287671232876
d61bb442a5f537e3fbdcbf96e684d270c5584c00dc36b79a73aef2f372ec242f,2192,569,298.0,6.0,0.2595802919708029
b76003fbbb4c6d0dbd91e182de7ebdbba5b77c69d06d5e807e3091d4288b4d4a,3376,872,514.0,6.0,0.25829383886255924
abbfcc24fb835cb0c8d7392fa47d0cf2b31e85fa1e3e612949b63f43950e1ff4,3103,838,487.0,6.0,0.27006123106670965
095227e4f14ba2c14ac155e7628623eb9b4ee629119d0bd169d582ed0d5cf44d,2847,734,433.0,6.0,0.257815244116614
910486583c7b977353970fe3f954ff014cbce2e62d31c8475f46e39f2816a974,2273,515,357.0,6.0,0.22657281126264847
57e5cccf95e409f664844accf52ccceb3b3de77ebac7bb0a6a39bae387625a95,2276,519,357.0,6.0,0.22803163444639718
9da50173cdfaa53bf379d1f7f4d9559123b735dc784243d08be372d835844a47,2276,519,357.0,6.0,0.22803163444639718
c801c507223315f539c7cebe1c901849fee91b3be09b4f6a0b4feee8126c6272,1646,435,252.0,6.0,0.264277035236938
213a55ec982427f13184fd7bba0186c6be9f172f447ff0e7a2d10307e2232554,2285,522,360.0,6.0,0.22844638949671772
45303c106505b740063b26e43db05d5aadb190b5c9fe6752a1402900474f8717,2285,522,360.0,6.0,0.22844638949671772
c3ba21ee3b2f09887374f1f958ac8c679c2198fae1961f08516f55b572a75942,354,72,39.0,6.0,0.2033898305084746
95be945b352182bb4ed8eb87ddf20c92e05a53ef76a5906d02be3affd11e878b,228,57,23.0,6.0,0.25
9240767002f097368055f6ecb8b7ae3dc1874977a0b1f03b8d4430fd7e4af490,3203,835,495.0,6.0,0.26069310021854514
a0edaca648ec60c37a5d325c7e893127359ac28129d522a0187cec4b2671b7e1,227,56,23.0,6.0,0.24669603524229075
76c4aa5bd411b78581a157f61be9add58c752ef0eab1c077d8ed4caa4722d790,1592,358,244.0,6.0,0.22487437185929648
43d10a2d7402dff1aee3d6905d2ba5a737d0bd3793b92daded9d15c2d77fb230,1900,398,281.0,6.0,0.2094736842105263
0991ea932f72d48358f8e8db962839786ea7516c14caa57beb247539c48fa960,336,71,38.0,6.0,0.2113095238095238
449592217c7e73f201786bed8ffa85ab9b7b714cd16a492a1c4971ba2251370b,2192,499,342.0,6.0,0.22764598540145986
72ceb883de0c034e73cc7d19658367ea6928a3d7e6f7b038fd3fcb0c58df0605,1220,255,185.0,6.0,0.20901639344262296
feaf234f3dad0a829a20e18e1d666e4d2ecabdcd257e0165a145d7810f4273d4,2315,534,363.0,6.0,0.2306695464362851
2a94d596e4dfeb6c0a9b2611fcb2d9f8384c6d56eefc75a64508d78f7219fd0c,2315,534,363.0,6.0,0.2306695464362851
330751288e622ca1acdb40d2b4b346f9c386a541682028232e53b43b0725a615,3101,806,495.0,6.0,0.2599161560786843
6e9b555095c99a022fd4bb26e346d41c2c82902ac668fd1f48949c366fa77a3e,2292,555,348.0,6.0,0.24214659685863874
a96bad0928b6d0fc31461119f6da83fb71d6e7c0cedc1c40e15bbd5fa798943e,1590,359,242.0,6.0,0.22578616352201258
b5a1da22cbcd70120fd634b978bb27361e9cfa4d8eb63b3b891c88996d0eb790,2741,626,422.0,6.0,0.2283838015322875
362316bfd66318cc88c6836bfe506c9db44a2daaa2c5a1f2ddfa1554b3d085d3,2741,626,422.0,6.0,0.2283838015322875
23d84642677b62f911d5665b3bcf88738bd4b4bbeb20a07c99fd0bf7d50841d6,388,96,52.0,6.0,0.24742268041237114
07a11892a2a2c5a275004b29456b0a2a079bf71568ea768ce13281f0deb5aba7,1233,262,185.0,6.0,0.21248986212489862
0e3dbe8ee9e8672f42392a1ef2cfbdcad242ea2062fb32bb382f4b3214278508,420,97,46.0,6.0,0.23095238095238096
d967b4b1512662d01c44193ac10707153198afa4cc4944362be1f2da3109ffdf,331,71,38.0,6.0,0.21450151057401812
1d9c71497cf77e1fb556575389c47134d1022c4f8d678682166f522cd1887db3,202,38,17.0,6.0,0.18811881188118812
6d58ad13dfc34dba3313b79bfe78b0fd562e256904f6c8be519dc7205fb8f929,133,22,8.0,6.0,0.16541353383458646
a4010e8287965249f221667df7fcffcad5505d9a6b1884ca7ae7ae7cdff67547,419,105,41.0,6.0,0.25059665871121717
58c5bcbb419cd393c7dd82cd3495913ffa681dc4eefcfdcc652c25b9a4346bdc,132,22,8.0,6.0,0.16666666666666666
f1e19e594f2dca52874aad757e808895032dccf37e520966cfa348c985914bde,327,62,39.0,6.0,0.18960244648318042
a13be3a8e0d3e9fdd5368268b1dd449c635970be456797841a2c3381a4bf3e5e,302,64,37.0,6.0,0.2119205298013245
bc0ec04445f2a1173251c746e0f4be7af10e1cbbba8641566e4cb4ee166d6f7b,303,64,37.0,6.0,0.21122112211221122
e8e866edfe76e9756543733ac1e97143dac2df47bdb993271b77d0668f484882,305,64,37.0,6.0,0.2098360655737705
69c61981daaa137cb03aee4c072f4dd25064e61efdb43020f038bcf2abb17f18,157,36,24.0,6.0,0.22929936305732485
f0e15ab82df2903cf06f9e1944406174a6f5d0051204f7a682fd32f3fe3ce7e5,196,38,16.0,6.0,0.19387755102040816
2f0badf44e05a0fc6dcbca4eaa47887a095611708eb2115eb4e3a175652c5179,126,23,9.0,6.0,0.18253968253968253
43ffea197391392fad85f44f6efc6be8a981aa68dbb52f28fc7c6003933f1b11,310,82,43.0,6.0,0.2645161290322581
e62901e5cf0bbe33237d401dd06c02d0516b681ddf11563edc348550b880b812,374,68,44.0,6.0,0.18181818181818182
47311b08fc31da2916e2da6f1b62acb5eeeac615249179e3912f8f1e785baec2,305,64,37.0,6.0,0.2098360655737705
01d221be8877c3726c4cee9e5c3a1e897b5dd1c31f83d6a03a646d7180bce88a,387,96,52.0,6.0,0.24806201550387597
5fd40ed0bf53120226ae14dbf3a67b43038b38e615045d9041d0c8ea442b75ee,125,23,9.0,6.0,0.184
98e76f25f62c333fed64712d2787d1b26b9b9285c43de2c02344eb82ba6bbb1f,103,17,8.0,6.0,0.1650485436893204
6b54752da6882480d978233e9310c1e993817d5b8de6c9e13f975c29854fae43,157,36,24.0,6.0,0.22929936305732485
c3a09300b7e69abd03b1023d45321b7ba68ab7ffc38919acab06c1d2aa108a18,306,65,37.0,6.0,0.21241830065359477
20b8f2297414f5fa893e41fac522a4698396d36974e385ae60e12c0657254499,149,36,19.0,6.0,0.24161073825503357
683b57e7dde0fd2777198e1c0eac3dff051365ae50ff49c0572a97050b05e22a,104,24,9.0,6.0,0.23076923076923078
5c215f6735bdb5c718829ac5bcd3a95b60a706351da417a8ee2d1ae328f5aae5,305,65,37.0,6.0,0.21311475409836064
4509c469a227e2bbca0d04b50fec79cab3ccfd2164ac89142259cfbbd5c74608,345,105,47.0,6.0,0.30434782608695654
5f44ae7d370f01f4cd6f71402ecc1f40292cb659d70ef48f82bd2e19e32b47c2,157,36,24.0,6.0,0.22929936305732485
cec071e7a1324e635692a4c680a08d5c43d28e8bb14e09a4c7055d4b76995fe6,200,42,27.0,6.0,0.21
05fdae904ddaad7ef34224a56f3933f12bbd1d9fb20a7ca677e8a1716539f31b,193,38,16.0,6.0,0.19689119170984457
498bfc7c13bf3601c997018a37f9a6ac7160f49ef7479940c4dbe97bd633c227,201,42,27.0,6.0,0.208955223880597
c62c0be0680e46d4227e45deb9bfb43d8a62094e0648240d0afcdf0e97fed9c5,201,42,27.0,6.0,0.208955223880597
5a206235dca1e64ae3941cb7af6f313a9aa6547aa6320cdec50be5efec9436d4,316,69,38.0,6.0,0.21835443037974683
0004d1f7247c8d2e3f5727e592f1a2fd22e4af197d0f4e6a1ce3124f062c35f3,197,39,16.0,6.0,0.19796954314720813
125570f9663feba561b8515ba3a354cea4814c9f8d5d544873d24e067b17cd62,231,73,31.0,6.0,0.31601731601731603
fd9fa5d08404764399817995b3d230e71db8b4eed8625262bafe2d70cf4f0c03,396,100,41.0,6.0,0.25252525252525254
8612280a080d1dfa209acdf15752fc7a652d9d7c7598d19ce419f81213c25b9e,255,58,28.0,6.0,0.22745098039215686
a4e16c89874bbe4a123cadc4306eaaf637710621c16cd17a72778a066549c506,124,23,9.0,6.0,0.18548387096774194
9e74c739d8797a9a68ad65af316174ef44a53735e427b4477f875324df26e99a,118,18,7.0,6.0,0.15254237288135594
2f68700001b3724d7fb8aa229838ca65d08a22e2936abd299e2c05dc4b64399f,151,17,13.0,6.0,0.11258278145695365
09ac5c9278d3acf2ef0a84345d2bb7451882fb1097a11ad506e41725a7e73ee9,181,38,25.0,6.0,0.20994475138121546
790465de6e88546b8dece27c73bf8594914006fef6d8094749fb018c931906c6,124,20,7.0,6.0,0.16129032258064516
65728ac2790e3cb308276bd3d06446de93a6760e6c22ac3a6006306855424815,152,17,13.0,6.0,0.1118421052631579
c4644c893185ac2ac015451654bc2e12b6ccea460f76b37bcd01278dd0a254fa,104,24,9.0,6.0,0.23076923076923078
8082d0f1c5bd0f4b65046c62abae40fa12a2a7f819a9a93ef82ff9578e052884,181,38,25.0,6.0,0.20994475138121546
d8c32d1b4e0f4660352892f1f89d6fdd997be6e05164392b9bb75d8c3d5edb46,258,58,28.0,6.0,0.2248062015503876
75ffce2ff7dc8cd957387797340d8eb8848caeb1f962cf1a25aedd9d99abf403,123,19,7.0,6.0,0.15447154471544716
79179cefd649ee91ddaa700ac2d1f6dd0ffd83705fe3387b9c6e2948a6aac7fa,105,24,9.0,6.0,0.22857142857142856
426f378a48a71fe638f26282b5cc845d680c79ffd58a5ec18f25c48bcd0d1bc8,157,36,24.0,6.0,0.22929936305732485
fdaa52a1f17328a8fb35789510012688257e6d2749eed00fff8275652df89357,200,42,27.0,6.0,0.21
85207b8d260bfc9649c30ccdd463a5a0cf9d495d38b965ed60fe968baf4f49be,108,18,6.0,6.0,0.16666666666666666
9a4ffc623381272256727c18e5f0020ecf4bf72d2935cfdca1cda2df7bc2b059,104,24,9.0,6.0,0.23076923076923078
833c3c6a11f5a8e47ccba8dad7c0de5f45d331153e3446b8252a3e26748a548b,140,24,8.0,6.0,0.17142857142857143
3e187a8fd2b80ef56ed6f5b93e1d8e8bf7381b6a2486d51056ff270d9e67540e,121,19,7.0,6.0,0.15702479338842976
cd4a4b52032c2637a894876d6594453a7b42aa5120ad10ddcf3a94b8da03dfa4,262,69,30.0,6.0,0.2633587786259542
fbb05c77f62586635fc7f54f5be09c63a8584842d612897d7b2be1953f51df2e,104,24,9.0,6.0,0.23076923076923078
49f981b4ccd3c496ca6d67ad146a0d4f31698e8bfef4798b2bb8ef35a602b249,275,70,38.0,6.0,0.2545454545454545
0cef9bdcbd66bc52550967993ae922348d1da5c25db01706b8af8dfb7479c01a,204,55,16.0,6.0,0.2696078431372549
a56508bd42932fc9e8d9f0ced3d9113a1152a4d173a32acd61ecfa8e9c94ef19,136,22,7.0,6.0,0.16176470588235295
bd4dce8e11526790c800b9413daa4816e31d3a3567a9ee5106d043650e625c3f,138,22,7.0,6.0,0.15942028985507245
3ef0b408f5d0980165b470be9677116eee7eb24dfcb70515c0042b401f9ff3e9,138,22,7.0,6.0,0.15942028985507245
7d25c75d8eb2ca8577b527d5d7ceaffe12acabc43dc6415e0b97dcfc72fa98bf,133,33,15.0,6.0,0.24812030075187969
018391b89bf65f5fb8d013768329805c6c98ea85e7a4e8f1d1d3424acc8cfa85,136,23,8.0,6.0,0.16911764705882354
b25fbe5b531be87de2e735a1008f3fac7486c04af5a4d0e0aa512eb280ec25d4,152,25,9.0,6.0,0.16447368421052633
7cc6b6d495af6797e1c36a67a513186576d7fc73c512567f5217d4f7799264e2,134,22,7.0,6.0,0.16417910447761194
9f03bc0d303d0b859228efe740949f618857226e9c1557eecf9d233e30613645,174,30,11.0,6.0,0.1724137931034483
ef52345bae8c1f020d842be3542aa2cada3d9032afb6416490240558237e1e57,176,30,11.0,6.0,0.17045454545454544
47fc0a154a8eb9f41ae9165cbbd143c9c25b8baea9ae80dc99234faee51d4fb2,136,21,12.0,6.0,0.15441176470588236
28ca06d94d2b6202506e3527a8721e412ad385598634cfdc574fe8fb07e4c25e,124,29,15.0,6.0,0.23387096774193547
5dd75aab3ea062e786a297bfab4564ee1d4c0cbbbfc901383ee24ba5cd6625df,124,29,15.0,6.0,0.23387096774193547
3e9c48344a88b23ab95fd11c19f14f985b66e5ca4d86a175d859a59b0b876195,124,29,15.0,6.0,0.23387096774193547
8ac88ffff95cc53d95b837f1d28a3d3cfe930e178aaf3d0e1e263276d5244e59,124,29,15.0,6.0,0.23387096774193547
ecf7e584d79901f9a62a533c072dd6d34cdcb1669219af5fd743c84dc1d37a15,142,24,7.0,6.0,0.16901408450704225
3a8aa5543960580de1fb611cdca262ebbf841096037827427adb5a0746bbc18e,143,20,9.0,6.0,0.13986013986013987
9e85a697e702573a0fbbc726e623fecd09ad5b9ff4dca546d6be057300e88b62,100,12,6.0,6.0,0.12
37415a0a4e17ad4bbe7311c8e8fe38fa5664e6214f392c04463d9ba71699388e,127,30,15.0,6.0,0.23622047244094488
755108203b6e751cde4c66b35796229cfc6dccd930d7562b5dd9fb9ec321e25e,95,16,6.0,6.0,0.16842105263157894
2c6dac242552194221b32499ddf2a8b0e8b5b62b8904d2db3439d692fbcb8728,129,25,10.0,6.0,0.1937984496124031
b92648de41b74c646760984717614bac5d04f64f7520228367b98d4e66dffdc6,92,10,7.0,6.0,0.10869565217391304
22665e7773491a01546184902bf010ae4f4013277debebb45be749b0fcfa507a,124,29,15.0,6.0,0.23387096774193547
29afc7d4c8c926c2dc1e2c76ed7c75d5c78c4cddbf9213e5caf52e7807cf86b0,63,18,5.0,6.0,0.2857142857142857
ccfab81a54c6fb3b482fae1e0d79805aa6f2d662775084584956b82621305181,1523,425,236.0,6.0,0.27905449770190416
4e011d69727d0fbeaef3746553522fca934f1f79b065245e0fccd57c26f1956b,3343,841,521.0,6.0,0.2515704457074484
4243f205195341b3fc69b23e6120a34f1ae414269502f0755411e7ce6a7791be,2158,482,290.0,6.0,0.22335495829471733
9542adb48ea3ca96230d2faf45d47203436ba851d704e843cff2e65444a44413,2367,584,330.0,6.0,0.24672581326573723
4a87fe7559783d8983bfa62c5e7d89da60730a774e907293b7dbd4824a3a7f31,595,129,86.0,6.0,0.21680672268907564
726b35f33c43a91a4cc8aa29862c799c6d88bdb5a8dd10aa6c477646f8dabda9,1444,346,212.0,6.0,0.23961218836565096
6c03668124ff49f18dbba350c4dc0b9d898963f1ff5efc413bb3120b107db1ae,2331,589,336.0,6.0,0.2526812526812527
b1e8af780251528f3b5ab307e301fc230026c77ad9323ea7b08835bfd239759c,1918,463,267.0,6.0,0.24139728884254433
0032b53d39d666bf98a22c89fa787feae286d54d1c8b8dcdafb6b20ce46454a4,1306,291,173.0,6.0,0.2228177641653905
7d4190997bb6316c4f7a1fb9c36c7d74acbe60ba9f6b9ea840d74719424f352e,851,183,105.0,6.0,0.21504112808460635
00e0bfe2a1f1dd3bfcbaa070d3843f96d19daf2340ef821dac19d070153f6315,475,116,66.0,6.0,0.24421052631578946
d3976d8437afbe41c12fbc5e5a3ce503f9b19f6a970afa0a416b27e174d6a935,790,239,120.0,6.0,0.30253164556962026
75358de402fbb42f5809f05f35ebde00cf935f14bb19192291a65522447f004a,1292,292,163.0,6.0,0.2260061919504644
21f4dc04a1dcd553e575b66733d8f74fa7cd9311595736f6304d1153c7eb183d,554,111,79.0,6.0,0.2003610108303249
5792708632d0c2f851c6096a84f9e680b538fc0725a93044454681ed54541d85,810,205,123.0,6.0,0.25308641975308643
6b930ff65c63a03d709f199b926ed8d0011e0483a310abe21cc229cc13033c05,762,140,108.0,6.0,0.1837270341207349
b86a6252b3af085b502fc61a3637945d8a55110769e3958208c79b460dab6e01,1052,247,116.0,6.0,0.23479087452471484
84bb64be7baf2497f93625f39c0cbd04e02b58b9ea1bd657972971abf270f662,2657,649,368.0,6.0,0.2442604441098984
346bf7620baf50a15a618577916af987c001df4739332f99b00c47b6699f233f,105,20,12.0,6.0,0.19047619047619047
80b4cfb093e1c1bd04cab2491f3f173013f65c0fb39f8098f93418fc495b84c5,727,199,99.0,6.0,0.2737276478679505
c825047fb39be48e163e73f967d55f3df6793429f367d6404c19a8142ae9dbb5,3557,820,499.0,6.0,0.23053134664042732
ad1635e53f1c6d12edcade0e291cc1279d72c470990e9805df9525bd6d98e8a0,1679,422,267.0,6.0,0.25134008338296604
bdc416f9bea7963e54610747ac01e35111455363c09f8524b77b2778b2f82bf6,438,81,52.0,6.0,0.18493150684931506
85541a204629a95e95079311fab8ee85f569a39080cdaa8653c8a048e2aca975,453,130,61.0,6.0,0.2869757174392936
d238cde440ab64cf0e4140dec063b145c8847447e42fa0f66d3cd968721e509b,558,121,81.0,6.0,0.2168458781362007
f4096f4ace3430b4298159a3a1a9b8520501fea36b4bbf781f414f54318e5eef,753,224,110.0,6.0,0.29747675962815406
ccd58752aa07586591f18139377bd4cee7b6ace9e41f580ca1f02d80c51e7f78,1029,258,130.0,6.0,0.25072886297376096
e41e583bd981f79f1c9b83fe40599eb8f335b522c8fcba971938ceba0bddc228,2293,596,342.0,6.0,0.25992150021805493
6a01abb271ddb7c4e243237da8d99aaf269916837bb849661c2ae635f006cd3e,766,162,71.0,6.0,0.21148825065274152
f034bd35bc59d50a20f7557737c73232398457721944ff609343ffbfb11febc4,594,136,82.0,6.0,0.22895622895622897
728fc8cf50e590c74f6774475a8dfd41f6fef2cc4e0b56dbc72e5fa410154027,1063,226,152.0,6.0,0.21260583254938853
5d11e56c77f260e896ae60efac67dbd47a60b098acd9da95c1ca932c0241ba26,592,135,82.0,6.0,0.22804054054054054
455b75a0ffd2a097b51dc8b539457dd45c5cdf2d31305f5bf013b9e54212cfe4,772,180,108.0,6.0,0.23316062176165803
66c7f27cdd1b9b6373ae3016357d4e4772396dbc7e261ed5740a4a1fc53c6f71,1051,223,148.0,6.0,0.21217887725975262
f28f34a37c8bafe0d3d78536e4c60c61c9e1b7d358a58d89910b53681e089702,739,182,107.0,6.0,0.2462787550744249
d3750518689e86c75f4b451f153dfedfe124b12af8bef5b151fc9a07f55d8e10,911,261,130.0,6.0,0.2864983534577388
562827e11a01433eaf767d899922a98a41962b6b1c7e83a6ba9c6b96720290cf,564,146,76.0,6.0,0.25886524822695034
05bca8535ca4c7fa7e5333594bead2b6126b9481199c389dae35ab58e74e6988,444,94,58.0,6.0,0.21171171171171171
302055043a4410f31d0854cf8c88680536a2d4a035c2e748ead384515c695b24,83,18,5.0,6.0,0.21686746987951808
5443a740ac9434f407f97a4b61773a5bac77d991e1ff5dddf93a20d1e5bd534e,192,47,18.0,6.0,0.24479166666666666
8d785db0cbf60a85ab356a12fd4a2eecc20198c50cf0edbfa65280e3f7abdb86,293,80,39.0,6.0,0.27303754266211605
e62c60eeb04c750b9b2668f0baa10cf837e1ca36d3cdf7441ef45a39092898fb,109,26,14.0,6.0,0.23853211009174313
bfde0d019b66131a8bf9f7e04382379fc30c4bf83ebfbb95fd19ebd03f913a8f,332,90,45.0,6.0,0.2710843373493976
85243f314f0b62fb46cff8c3a02303bbc8abaf0bed9307ed6a9672fbda4e05f7,125,23,7.0,6.0,0.184
cb461d9f3970bd5cf84d6d249f35be0dfe9c69ecf7ddf13320058b6c46d2b47c,260,61,32.0,6.0,0.23461538461538461
0f5f2bfde0a9ceec57a4a9886edfbc3a7876bb4dc51f437228995d467fe63938,154,42,12.0,6.0,0.2727272727272727
e1c741afba114d575e97fe08fbbeb47b28a5fd431b5352f51f093ff03babdebe,313,77,41.0,6.0,0.24600638977635783
a7871f5dee4ca083286a8eccbc698720632f19827c69c4117ec3e7b5175cf6b0,147,49,20.0,6.0,0.3333333333333333
b57f4bfc1f98c8084d6ebd116992d86832fa7b69629090673ae68544feea9d70,101,21,8.0,6.0,0.2079207920792079
6f6fb2dff70bc9c95397e76127eea8bf0f74e86bdb33fbe0eeb298fcb22658c2,99,23,8.0,6.0,0.23232323232323232
2329c5090edb77dc7d751dd1be5bb8360eb9634a7d7dec6a44fd60627e6d1849,321,68,38.0,6.0,0.2118380062305296
480ee56515f9b4c235d9629ddf0640cf6d53e5b7d144b9625b5c558c0893a33b,363,92,48.0,6.0,0.2534435261707989
070fc69cde7d02e5c573324d7be6f0bc5bd963d202ace47b03954c0552981f71,164,46,19.0,6.0,0.2804878048780488
6fbc6000a9f0cee46abe354351c92b0fb83e0780ee0e64bdb3b8a732bf0bc14e,202,44,26.0,6.0,0.21782178217821782
69cecc61c746b640d6310c1b214d89529e6e24aa4dd10b8d67c652a8024dd580,147,48,20.0,6.0,0.32653061224489793
14817a0b7f6adc4acdc53e84a21f4aae00dd98c01af63dd2d694aa5a354fa840,261,47,32.0,6.0,0.18007662835249041
6531e6be47ee4983f392a6e69735457f4b6d4f9d108b174821bf6ab1476ec8c6,202,45,26.0,6.0,0.22277227722772278
f843ea923d14327c43527f705c19ac1a845cf32af8282798c0cf8f8378f79046,214,49,28.0,6.0,0.22897196261682243
d55f98544c690dd56c126a962e1a4f944f32965fb4a8cb111f692c334837fe41,79,23,6.0,6.0,0.2911392405063291
65a852f097475874d171bfbcf6f8889aba6a4424d60e67ebb24d6fd2ee77c50f,71,18,6.0,6.0,0.2535211267605634
7a176f4a545f55030cec955d9cf6f571588e30129324c8b2ea669982b11c9c86,234,65,30.0,6.0,0.2777777777777778
783da0baad7cc85c635c081f49fd2ae84cd03f469055ba53a1fc5e8ea03f8208,53,23,0.0,4.0,0.4339622641509434
f098a5c01b5588da52a700b7abf19598273654d6b2c7146976be04229c5e63b0,109,26,14.0,6.0,0.23853211009174313
4e3930be053b597bc49bd7b5fd1053cdc5bdab82684a6085c2751b22d7523d68,69,16,7.0,6.0,0.2318840579710145
230d4a09f2c0a29aba7bf083a2733921514046c92f5f32a7f996b49aa3227e57,88,20,8.0,6.0,0.22727272727272727
aaa1b77538e8cd0124acbd0f6b58514e76ca345d69df10e81a7123224d2f7a52,79,16,7.0,6.0,0.20253164556962025
450e569651c4a7693e487b6a8a80726179dd0ad7c5adc081a0db16603a9b7381,89,20,7.0,6.0,0.2247191011235955
2b6d8f7a8da8571dc959345757c1988f327ea90efed72caaf60c309c233391ed,76,20,4.0,6.0,0.2631578947368421
f682b0eed0eeb89ff947554a5aead9993282f8366d1285a255cc3330c04e9384,94,10,4.0,6.0,0.10638297872340426
96a53eed5b7b544c90b7a7cb3dfc37e771a34ff8a77842af9cad968e8196c613,98,12,3.0,6.0,0.12244897959183673
