hash,strategy_id,asset,direction,window,start,end,final_equity,return,pf,expectancy_r,economic_expectancy,maxdd,minimum_equity,trades,peak_concurrent,peak_open_risk,intended_risk_sum,realized_pnl,overshoot_loss,skipped_entries,resized_entries,ruin,ruin_timestamp
f682b0eed0eeb89ff947554a5aead9993282f8366d1285a255cc3330c04e9384,SQX-TRX-M15-f682b0eed0ee,TRX,SHORT,D1,2018-06-11 11:30:00+00:00,2019-03-30 00:45:00+00:00,0.9289472379084535,-0.07105276209154654,0.7570010606754449,-0.159937976840062,-0.0016148355020806076,-0.4246436946583954,0.838356793009756,44,1,0.010171626060032319,0.42819227886820704,-0.07105276209154673,0.03789293437857212,0,0,False,
f682b0eed0eeb89ff947554a5aead9993282f8366d1285a255cc3330c04e9384,SQX-TRX-M15-f682b0eed0ee,TRX,SHORT,D2,2019-03-30 00:45:00+00:00,2020-01-15 14:00:00+00:00,1.054897364619333,0.05489736461933292,1.6394006887615673,0.30476943625288927,0.00304985358996294,-0.035223881439508706,1.0,18,1,0.010574228270947197,0.18554859572853327,0.05489736461933292,0.010951610029361231,0,0,False,
f682b0eed0eeb89ff947554a5aead9993282f8366d1285a255cc3330c04e9384,SQX-TRX-M15-f682b0eed0ee,TRX,SHORT,D3,2020-01-15 14:00:00+00:00,2020-11-02 03:15:00+00:00,0.964596175259589,-0.03540382474041104,0.6861238529974137,-0.2317178844722381,-0.0023602549826940715,-0.07336196986294052,0.9459965700607571,15,1,0.010011943161110863,0.14560974431124635,-0.03540382474041107,0.024795754406131715,0,0,False,
f682b0eed0eeb89ff947554a5aead9993282f8366d1285a255cc3330c04e9384,SQX-TRX-M15-f682b0eed0ee,TRX,SHORT,D4,2020-11-02 03:15:00+00:00,2021-08-20 16:30:00+00:00,1.0090323663124792,0.009032366312479168,1.4232459469086816,0.23336091299925393,0.0022580915781198097,-0.03032187799397368,0.9949223810492356,4,1,0.010148942055045872,0.04012202470249636,0.009032366312479239,0.0011542139390039105,0,0,False,
f682b0eed0eeb89ff947554a5aead9993282f8366d1285a255cc3330c04e9384,SQX-TRX-M15-f682b0eed0ee,TRX,SHORT,D5,2021-08-20 16:30:00+00:00,2022-06-08 05:45:00+00:00,1.013713565110169,0.013713565110168968,1.4122628222832918,0.23584778459933062,0.002285594185028166,-0.04186139030466259,0.9771414882153584,6,1,0.010364072053326201,0.06128661496198554,0.013713565110168996,0.0023393137122689634,0,0,False,
f682b0eed0eeb89ff947554a5aead9993282f8366d1285a255cc3330c04e9384,SQX-TRX-M15-f682b0eed0ee,TRX,SHORT,D6,2022-06-08 05:45:00+00:00,2023-03-26 19:00:00+00:00,1.0786831453021988,0.07868314530219878,7.962862145314723,1.0919138458949786,0.011240449328885557,-0.02497493430465568,1.0,7,1,0.010622989958077585,0.07204855080126024,0.0786831453021989,0.0010011201524205739,0,0,False,
96a53eed5b7b544c90b7a7cb3dfc37e771a34ff8a77842af9cad968e8196c613,SQX-TRX-M15-96a53eed5b7b,TRX,SHORT,D1,2018-06-11 11:30:00+00:00,2019-03-30 00:45:00+00:00,0.9493594027474308,-0.0506405972525692,0.7557086231649939,-0.1418513698573539,-0.0014468742072162577,-0.42464369465839547,0.8307917465193213,35,1,0.01,0.3383381133523207,-0.050640597252569024,0.02960411549631598,0,0,False,
96a53eed5b7b544c90b7a7cb3dfc37e771a34ff8a77842af9cad968e8196c613,SQX-TRX-M15-96a53eed5b7b,TRX,SHORT,D2,2019-03-30 00:45:00+00:00,2020-01-15 14:00:00+00:00,0.9751804696981712,-0.024819530301828818,0.8361849501785722,-0.09346036680788757,-0.00099278121207316,-0.09387176746483276,0.9397263895673701,25,1,0.010041112791639049,0.24187782670033073,-0.024819530301829,0.018842492717332952,0,0,False,
96a53eed5b7b544c90b7a7cb3dfc37e771a34ff8a77842af9cad968e8196c613,SQX-TRX-M15-96a53eed5b7b,TRX,SHORT,D3,2020-01-15 14:00:00+00:00,2020-11-02 03:15:00+00:00,1.025431661917642,0.025431661917642012,1.2725057421538382,0.14728145203242007,0.0014128701065356623,-0.06397182311004918,0.9500337340506899,18,1,0.01024897044084154,0.17794946898219,0.025431661917641922,0.02001573691916532,0,0,False,
96a53eed5b7b544c90b7a7cb3dfc37e771a34ff8a77842af9cad968e8196c613,SQX-TRX-M15-96a53eed5b7b,TRX,SHORT,D4,2020-11-02 03:15:00+00:00,2021-08-20 16:30:00+00:00,1.0016825516562555,0.0016825516562555265,1.1387561069868057,0.0611025112390949,0.0005608505520851859,-0.06678008255718065,0.9591785494786508,3,1,0.010138085163636363,0.03026216264345606,0.0016825516562555577,0.0006011188458948831,0,0,False,
96a53eed5b7b544c90b7a7cb3dfc37e771a34ff8a77842af9cad968e8196c613,SQX-TRX-M15-96a53eed5b7b,TRX,SHORT,D5,2021-08-20 16:30:00+00:00,2022-06-08 05:45:00+00:00,1.0150434910658364,0.015043491065836356,1.501462161756677,0.2570811597289813,0.0025072485109727083,-0.03194349094773356,0.9835102242356027,6,1,0.01004799433586292,0.05972993117319352,0.01504349106583625,0.001498861966905447,0,0,False,
96a53eed5b7b544c90b7a7cb3dfc37e771a34ff8a77842af9cad968e8196c613,SQX-TRX-M15-96a53eed5b7b,TRX,SHORT,D6,2022-06-08 05:45:00+00:00,2023-03-26 19:00:00+00:00,1.0866149415529567,0.08661494155295668,4.309637885555226,0.7636458956470705,0.007874085595723342,-0.04964216053742067,0.9918819263034184,11,1,0.010702586600675414,0.11355820369693714,0.08661494155295676,0.0037619808947130483,0,0,False,
