portfolio_id,base_risk_pct,max_open_risk_pct,decision
SQX-PROP-42C64A218C5C,0.01,0.02,ACCEPT_FULL
SQX-PROP-1E879B7D2A48,0.01,0.02,ACCEPT_FULL
SQX-PROP-BDFDC3F2504A,0.01,0.02,ACCEPT_FULL
SQX-PROP-A8AB267DC18E,0.01,0.02,ACCEPT_FULL
SQX-PROP-CEF634459211,0.01,0.02,ACCEPT_FULL
SQX-PROP-43630175222D,0.01,0.02,ACCEPT_FULL
SQX-PROP-0488F175F9BC,0.01,0.02,ACCEPT_FULL
SQX-PROP-BEE727C4BAE6,0.01,0.02,ACCEPT_FULL
SQX-PROP-CB94A7EDDAC6,0.01,0.02,ACCEPT_FULL
SQX-PROP-1A9150E0C023,0.01,0.02,ACCEPT_FULL
SQX-PROP-0F5217158B9F,0.01,0.02,ACCEPT_FULL
SQX-PROP-EA42C5BD132F,0.01,0.02,ACCEPT_FULL
SQX-PROP-8F0793B3D94F,0.01,0.02,ACCEPT_FULL
SQX-PROP-BC39159B2DDF,0.01,0.02,ACCEPT_FULL
SQX-PROP-41F5C130CCF8,0.01,0.02,ACCEPT_FULL
SQX-PROP-A948329F2A96,0.01,0.02,ACCEPT_FULL
SQX-PROP-CB4740D251BD,0.01,0.02,ACCEPT_FULL
SQX-PROP-A0F28873304D,0.01,0.02,ACCEPT_FULL
SQX-PROP-02760ECAC8BA,0.01,0.02,ACCEPT_FULL
SQX-PROP-A1D283D28F12,0.01,0.02,ACCEPT_FULL
