record_type,trade_number,strategy_id,direction,entry_time,entry_price,stop_price,target_price,volume,exit_time,exit_price,exit_reason,commission,swap,reported_pnl,source,notes
AGGREGATE_SUMMARY,,UNRESOLVED,48 LONG / 18 SHORT,UNRESOLVED,UNRESOLVED,UNRESOLVED,UNRESOLVED,UNRESOLVED,UNRESOLVED,UNRESOLVED,UNRESOLVED,UNRESOLVED,UNRESOLVED,-856.43,REAL_MT5_STRATEGY_TESTER_AGGREGATE_EVIDENCE,"{""deals"": 132, ""gross_loss"": -1372.25, ""gross_profit"": 515.82, ""long_trades"": 48, ""losing_trades"": 53, ""max_balance_dd"": 954.2, ""max_balance_dd_pct"": 0.95, ""max_equity_dd"": 964.72, ""max_equity_dd_pct"": 0.96, ""net_profit"": -856.43, ""profit_factor"": 0.38, ""short_trades"": 18, ""trades"": 66, ""winning_trades"": 13}"
STRATEGY_ID_OBSERVED,,SQX-EURUSD-H1-63696db839ee,UNRESOLVED,UNRESOLVED,UNRESOLVED,UNRESOLVED,UNRESOLVED,UNRESOLVED,UNRESOLVED,UNRESOLVED,UNRESOLVED,UNRESOLVED,UNRESOLVED,UNRESOLVED,REAL_MT5_STRATEGY_TESTER_PARTIAL_STRATEGY_ID_EVIDENCE,No trade-level row supplied
STRATEGY_ID_OBSERVED,,SQX-EURUSD-H1-a18d86c3075c,UNRESOLVED,UNRESOLVED,UNRESOLVED,UNRESOLVED,UNRESOLVED,UNRESOLVED,UNRESOLVED,UNRESOLVED,UNRESOLVED,UNRESOLVED,UNRESOLVED,UNRESOLVED,REAL_MT5_STRATEGY_TESTER_PARTIAL_STRATEGY_ID_EVIDENCE,No trade-level row supplied
STRATEGY_ID_OBSERVED,,SQX-EURUSD-H1-108300962057,UNRESOLVED,UNRESOLVED,UNRESOLVED,UNRESOLVED,UNRESOLVED,UNRESOLVED,UNRESOLVED,UNRESOLVED,UNRESOLVED,UNRESOLVED,UNRESOLVED,UNRESOLVED,REAL_MT5_STRATEGY_TESTER_PARTIAL_STRATEGY_ID_EVIDENCE,No trade-level row supplied
STRATEGY_ID_OBSERVED,,SQX-EURUSD-H1-73f2fc6ba7b5,UNRESOLVED,UNRESOLVED,UNRESOLVED,UNRESOLVED,UNRESOLVED,UNRESOLVED,UNRESOLVED,UNRESOLVED,UNRESOLVED,UNRESOLVED,UNRESOLVED,UNRESOLVED,REAL_MT5_STRATEGY_TESTER_PARTIAL_STRATEGY_ID_EVIDENCE,No trade-level row supplied
STRATEGY_ID_OBSERVED,,SQX-EURUSD-H1-4c5f2833ce74,UNRESOLVED,UNRESOLVED,UNRESOLVED,UNRESOLVED,UNRESOLVED,UNRESOLVED,UNRESOLVED,UNRESOLVED,UNRESOLVED,UNRESOLVED,UNRESOLVED,UNRESOLVED,REAL_MT5_STRATEGY_TESTER_PARTIAL_STRATEGY_ID_EVIDENCE,No trade-level row supplied
STRATEGY_ID_OBSERVED,,SQX-EURUSD-H1-0cc329175f76,UNRESOLVED,UNRESOLVED,UNRESOLVED,UNRESOLVED,UNRESOLVED,UNRESOLVED,UNRESOLVED,UNRESOLVED,UNRESOLVED,UNRESOLVED,UNRESOLVED,UNRESOLVED,REAL_MT5_STRATEGY_TESTER_PARTIAL_STRATEGY_ID_EVIDENCE,No trade-level row supplied
STRATEGY_ID_OBSERVED,,SQX-EURUSD-H1-1320ad51f2e8,UNRESOLVED,UNRESOLVED,UNRESOLVED,UNRESOLVED,UNRESOLVED,UNRESOLVED,UNRESOLVED,UNRESOLVED,UNRESOLVED,UNRESOLVED,UNRESOLVED,UNRESOLVED,REAL_MT5_STRATEGY_TESTER_PARTIAL_STRATEGY_ID_EVIDENCE,No trade-level row supplied
STRATEGY_ID_OBSERVED,,SQX-EURUSD-H1-6d1cb5fa1910,UNRESOLVED,UNRESOLVED,UNRESOLVED,UNRESOLVED,UNRESOLVED,UNRESOLVED,UNRESOLVED,UNRESOLVED,UNRESOLVED,UNRESOLVED,UNRESOLVED,UNRESOLVED,REAL_MT5_STRATEGY_TESTER_PARTIAL_STRATEGY_ID_EVIDENCE,No trade-level row supplied
STRATEGY_ID_OBSERVED,,SQX-EURUSD-H1-21e4d7fab033,UNRESOLVED,UNRESOLVED,UNRESOLVED,UNRESOLVED,UNRESOLVED,UNRESOLVED,UNRESOLVED,UNRESOLVED,UNRESOLVED,UNRESOLVED,UNRESOLVED,UNRESOLVED,REAL_MT5_STRATEGY_TESTER_PARTIAL_STRATEGY_ID_EVIDENCE,No trade-level row supplied
STRATEGY_ID_OBSERVED,,SQX-EURUSD-H1-a27691004dcc,UNRESOLVED,UNRESOLVED,UNRESOLVED,UNRESOLVED,UNRESOLVED,UNRESOLVED,UNRESOLVED,UNRESOLVED,UNRESOLVED,UNRESOLVED,UNRESOLVED,UNRESOLVED,REAL_MT5_STRATEGY_TESTER_PARTIAL_STRATEGY_ID_EVIDENCE,No trade-level row supplied
STRATEGY_ID_OBSERVED,,SQX-EURUSD-H1-ac5da82211be,UNRESOLVED,UNRESOLVED,UNRESOLVED,UNRESOLVED,UNRESOLVED,UNRESOLVED,UNRESOLVED,UNRESOLVED,UNRESOLVED,UNRESOLVED,UNRESOLVED,UNRESOLVED,REAL_MT5_STRATEGY_TESTER_PARTIAL_STRATEGY_ID_EVIDENCE,No trade-level row supplied
STRATEGY_ID_OBSERVED,,SQX-EURUSD-H1-6edd59636707,UNRESOLVED,UNRESOLVED,UNRESOLVED,UNRESOLVED,UNRESOLVED,UNRESOLVED,UNRESOLVED,UNRESOLVED,UNRESOLVED,UNRESOLVED,UNRESOLVED,UNRESOLVED,REAL_MT5_STRATEGY_TESTER_PARTIAL_STRATEGY_ID_EVIDENCE,No trade-level row supplied
STRATEGY_ID_OBSERVED,,SQX-EURUSD-H1-68567f217ec0,UNRESOLVED,UNRESOLVED,UNRESOLVED,UNRESOLVED,UNRESOLVED,UNRESOLVED,UNRESOLVED,UNRESOLVED,UNRESOLVED,UNRESOLVED,UNRESOLVED,UNRESOLVED,REAL_MT5_STRATEGY_TESTER_PARTIAL_STRATEGY_ID_EVIDENCE,No trade-level row supplied
STRATEGY_ID_OBSERVED,,SQX-EURUSD-H1-bdc6d699e26f,UNRESOLVED,UNRESOLVED,UNRESOLVED,UNRESOLVED,UNRESOLVED,UNRESOLVED,UNRESOLVED,UNRESOLVED,UNRESOLVED,UNRESOLVED,UNRESOLVED,UNRESOLVED,REAL_MT5_STRATEGY_TESTER_PARTIAL_STRATEGY_ID_EVIDENCE,No trade-level row supplied
