trade_number,strategy_id,direction,signal_time,signal_bar,entry_bar,entry_time,entry_price,stop_price,target_price,time_exit,planned_exit_bar,exit_time,exit_bar,exit_price,exit_reason,initial_stop_distance,gross_R,risk_R,allocated_risk_fraction,allocated_risk_usd,portfolio_open_risk_before,portfolio_open_risk_after,allocation_status
1,SQX-EURUSD-H1-1320ad51f2e8,LONG,2024-01-05T20:00:00+00:00,129089,129090,2024-01-05T21:00:00+00:00,1.09542,1.0911600000000001,1.10394,24,129113,2024-01-08T20:00:00+00:00,129113,1.09553,TIME,0.004259999999999963,0.025821596244092353,0.025821596244092353,0.0004241946777151523,42.41946777151523,0.00027883350678061674,0.000703028184495769,ACCEPT_FULL
2,SQX-EURUSD-H1-1320ad51f2e8,LONG,2024-01-23T07:00:00+00:00,129364,129365,2024-01-23T08:00:00+00:00,1.09069,1.0889699999999998,1.09413,24,129388,2024-01-23T11:00:00+00:00,129368,1.0889699999999998,STOP,0.0017200000000000706,-1.0000000000000553,-1.0000000000000553,0.0004241946777151523,42.41946777151523,0.0016162147998594228,0.002040409477574575,ACCEPT_FULL
3,SQX-EURUSD-H1-1320ad51f2e8,LONG,2024-01-25T08:00:00+00:00,129413,129414,2024-01-25T09:00:00+00:00,1.0886,1.0869085714285716,1.0919828571428571,24,129437,2024-01-25T15:00:00+00:00,129420,1.0869085714285716,STOP,0.0016914285714285501,-0.9999999999999437,-0.9999999999999437,0.0004241946777151523,42.41946777151523,0.0007463748660185875,0.0011705695437337399,ACCEPT_FULL
4,SQX-EURUSD-H1-1320ad51f2e8,LONG,2024-01-30T14:00:00+00:00,129491,129492,2024-01-30T15:00:00+00:00,1.08476,1.0827357142857144,1.0888085714285711,24,129515,2024-01-31T04:00:00+00:00,129505,1.0827357142857144,STOP,0.0020242857142855897,-1.0,-1.0,0.0004241946777151523,42.41946777151523,0.0010355253735175388,0.0014597200512326911,ACCEPT_FULL
5,SQX-EURUSD-H1-1320ad51f2e8,LONG,2024-01-31T14:00:00+00:00,129515,129516,2024-01-31T15:00:00+00:00,1.08366,1.081627142857143,1.0877257142857144,24,129539,2024-01-31T16:00:00+00:00,129517,1.0877257142857144,TARGET,0.0020328571428571696,2.0,2.0,0.0004241946777151523,42.41946777151523,0.00027883350678061674,0.000703028184495769,ACCEPT_FULL
6,SQX-EURUSD-H1-21e4d7fab033,LONG,2024-01-09T04:00:00+00:00,129121,129122,2024-01-09T05:00:00+00:00,1.09629,1.09521,1.09953,48,129169,2024-01-09T07:00:00+00:00,129124,1.09521,STOP,0.0010799999999999699,-1.0,-1.0,0.0004675413592379708,46.75413592379708,0.003401363549623219,0.0038689049088611897,ACCEPT_FULL
7,SQX-EURUSD-H1-21e4d7fab033,LONG,2024-01-11T19:00:00+00:00,129184,129185,2024-01-11T20:00:00+00:00,1.09508,1.0931257142857143,1.1009428571428572,48,129232,2024-01-15T19:00:00+00:00,129232,1.09481,TIME,0.0019542857142857495,-0.13815789473683576,-0.13815789473683576,0.0004675413592379708,46.75413592379708,0.0007120641439162807,0.0011796055031542516,ACCEPT_FULL
8,SQX-EURUSD-H1-21e4d7fab033,LONG,2024-01-22T14:00:00+00:00,129347,129348,2024-01-22T15:00:00+00:00,1.08925,1.0883514285714286,1.0919457142857143,48,129395,2024-01-22T15:00:00+00:00,129348,1.0883514285714286,STOP,0.0008985714285714153,-1.0,-1.0,0.0004675413592379708,46.75413592379708,0.0009216247684178011,0.0013891661276557719,ACCEPT_FULL
9,SQX-EURUSD-H1-21e4d7fab033,LONG,2024-01-25T02:00:00+00:00,129407,129408,2024-01-25T03:00:00+00:00,1.08742,1.08603,1.09159,48,129455,2024-01-25T16:00:00+00:00,129421,1.08603,STOP,0.0013900000000000182,-0.9999999999999886,-0.9999999999999886,0.0004675413592379708,46.75413592379708,0.00027883350678061674,0.0007463748660185875,ACCEPT_FULL
10,SQX-EURUSD-H1-a27691004dcc,LONG,2024-01-09T11:00:00+00:00,129128,129129,2024-01-09T12:00:00+00:00,1.0944,1.0925614285714287,1.098077142857143,72,129200,2024-01-09T17:00:00+00:00,129134,1.0925614285714287,STOP,0.0018385714285714197,-0.9999999999999655,-0.9999999999999655,0.00024904481239335194,24.904481239335194,0.002633699581433802,0.0028827443938271536,ACCEPT_FULL
11,SQX-EURUSD-H1-a27691004dcc,LONG,2024-01-22T12:00:00+00:00,129345,129346,2024-01-22T13:00:00+00:00,1.08867,1.08698,1.09205,72,129417,2024-01-23T12:00:00+00:00,129369,1.08698,STOP,0.0016899999999999693,-1.0,-1.0,0.00024904481239335194,24.904481239335194,0.0006725799560244491,0.0009216247684178011,ACCEPT_FULL
12,SQX-EURUSD-H1-a27691004dcc,LONG,2024-01-25T16:00:00+00:00,129421,129422,2024-01-25T17:00:00+00:00,1.086,1.0837428571428573,1.0905142857142858,72,129493,2024-01-25T17:00:00+00:00,129422,1.0837428571428573,STOP,0.0022571428571427988,-0.9999999999999719,-0.9999999999999719,0.00024904481239335194,24.904481239335194,0,0.00024904481239335194,ACCEPT_FULL
13,SQX-EURUSD-H1-ac5da82211be,SHORT,2024-01-12T16:00:00+00:00,129205,129206,2024-01-12T17:00:00+00:00,1.09755,1.0996757142857143,1.0918814285714284,96,129301,2024-01-16T03:00:00+00:00,129240,1.0918814285714284,TARGET,0.0021257142857143657,2.6666666666666368,2.6666666666666368,0.0004915394634562579,49.15394634562579,0.0015030667327555096,0.0019946061962117676,ACCEPT_FULL
14,SQX-EURUSD-H1-6edd59636707,LONG,2024-01-12T14:00:00+00:00,129203,129204,2024-01-12T15:00:00+00:00,1.09377,1.0909932142857142,1.0982128571428573,96,129299,2024-01-12T16:00:00+00:00,129205,1.0982128571428573,TARGET,0.0027767857142858244,1.6000000000000345,1.6000000000000345,0.00042106356272962587,42.106356272962586,0.0007463748660185875,0.0011674384287482134,ACCEPT_FULL
15,SQX-EURUSD-H1-4c92b8eb8610,SHORT,2024-01-03T05:00:00+00:00,129026,129027,2024-01-03T06:00:00+00:00,1.09607,1.098852142857143,1.0938442857142858,96,129122,2024-01-03T11:00:00+00:00,129032,1.0938442857142858,TARGET,0.002782142857142923,0.7999999999999773,0.7999999999999773,0.0006118605436388007,61.186054363880075,0.0004324842561694024,0.0010443447998082032,ACCEPT_FULL
16,SQX-EURUSD-H1-4c92b8eb8610,SHORT,2024-01-04T02:00:00+00:00,129047,129048,2024-01-04T03:00:00+00:00,1.09224,1.0959775,1.08925,96,129143,2024-01-04T11:00:00+00:00,129056,1.0959775,STOP,0.0037375000000000208,-0.9999999999999809,-0.9999999999999809,0.0006118605436388007,61.186054363880075,0,0.0006118605436388007,ACCEPT_FULL
17,SQX-EURUSD-H1-68567f217ec0,SHORT,2024-01-10T06:00:00+00:00,129147,129148,2024-01-10T07:00:00+00:00,1.09321,1.0951714285714285,1.0912485714285716,24,129171,2024-01-10T11:00:00+00:00,129152,1.0951714285714285,STOP,0.0019614285714285424,-0.9999999999999516,-0.9999999999999516,0.0005091743770997957,50.917437709979566,0.00043323063713566394,0.0009424050142354596,ACCEPT_FULL
18,SQX-EURUSD-H1-68567f217ec0,SHORT,2024-01-15T20:00:00+00:00,129233,129234,2024-01-15T21:00:00+00:00,1.09528,1.0973042857142856,1.0932557142857144,24,129257,2024-01-16T02:00:00+00:00,129239,1.0932557142857144,TARGET,0.0020242857142856847,0.999999999999953,0.999999999999953,0.0005091743770997957,50.917437709979566,0.00124823133019318,0.0017574057072929756,ACCEPT_FULL
19,SQX-EURUSD-H1-68567f217ec0,SHORT,2024-01-26T05:00:00+00:00,129434,129435,2024-01-26T06:00:00+00:00,1.08449,1.0870114285714285,1.0819685714285714,24,129458,2024-01-26T09:00:00+00:00,129438,1.0819685714285714,TARGET,0.0025214285714286267,0.9999999999999749,0.9999999999999749,0.0005091743770997957,50.917437709979566,0,0.0005091743770997957,ACCEPT_FULL
20,SQX-EURUSD-H1-6682b7a6ec07,LONG,2024-01-08T20:00:00+00:00,129113,129114,2024-01-08T21:00:00+00:00,1.09553,1.0928471428571427,1.098212857142857,24,129137,2024-01-09T17:00:00+00:00,129134,1.0928471428571427,STOP,0.0026828571428571457,-1.0000000000000235,-1.0000000000000235,0.0009295374968359295,92.95374968359295,0.002471826052787289,0.0034013635496232186,ACCEPT_FULL
21,SQX-EURUSD-H1-6682b7a6ec07,LONG,2024-01-25T14:00:00+00:00,129419,129420,2024-01-25T15:00:00+00:00,1.08882,1.0872357142857143,1.0904042857142855,24,129443,2024-01-25T15:00:00+00:00,129420,1.0872357142857143,STOP,0.0015842857142856573,-0.9999999999999599,-0.9999999999999599,0.0009295374968359295,92.95374968359295,0.0007463748660185875,0.0016759123628545172,ACCEPT_FULL
22,SQX-EURUSD-H1-73f2fc6ba7b5,SHORT,2024-01-05T16:00:00+00:00,129085,129086,2024-01-05T17:00:00+00:00,1.09492,1.0987307142857141,1.088822857142857,96,129181,2024-01-05T17:00:00+00:00,129086,1.0987307142857141,STOP,0.0038107142857142307,-0.999999999999998,-0.999999999999998,0.0002613593943059578,26.13593943059578,0,0.0002613593943059578,ACCEPT_FULL
23,SQX-EURUSD-H1-73f2fc6ba7b5,SHORT,2024-01-08T15:00:00+00:00,129108,129109,2024-01-08T16:00:00+00:00,1.09507,1.0978057142857143,1.0906928571428571,96,129204,2024-01-08T18:00:00+00:00,129111,1.0978057142857143,STOP,0.0027357142857142858,-1.0,-1.0,0.0002613593943059578,26.13593943059578,0.001136258821631433,0.0013976182159373908,ACCEPT_FULL
24,SQX-EURUSD-H1-73f2fc6ba7b5,SHORT,2024-01-10T10:00:00+00:00,129151,129152,2024-01-10T11:00:00+00:00,1.09432,1.0963360714285713,1.0910942857142858,96,129247,2024-01-10T17:00:00+00:00,129158,1.0963360714285713,STOP,0.0020160714285713927,-0.9999999999999529,-0.9999999999999529,0.0002613593943059578,26.13593943059578,0.0009285631095666282,0.001189922503872586,ACCEPT_FULL
25,SQX-EURUSD-H1-73f2fc6ba7b5,SHORT,2024-01-12T16:00:00+00:00,129205,129206,2024-01-12T17:00:00+00:00,1.09755,1.1010928571428573,1.0918814285714284,96,129301,2024-01-16T03:00:00+00:00,129240,1.0918814285714284,TARGET,0.003542857142857276,1.599999999999982,1.599999999999982,0.0002613593943059578,26.13593943059578,0.0012417073384495517,0.0015030667327555094,ACCEPT_FULL
26,SQX-EURUSD-H1-73f2fc6ba7b5,SHORT,2024-01-23T06:00:00+00:00,129363,129364,2024-01-23T07:00:00+00:00,1.08984,1.0920703571428572,1.0862714285714283,96,129459,2024-01-23T13:00:00+00:00,129370,1.0862714285714283,TARGET,0.0022303571428572027,1.6000000000000283,1.6000000000000283,0.0002613593943059578,26.13593943059578,0.001354855405553465,0.0016162147998594228,ACCEPT_FULL
27,SQX-EURUSD-H1-73f2fc6ba7b5,SHORT,2024-01-26T11:00:00+00:00,129440,129441,2024-01-26T12:00:00+00:00,1.08443,1.0868371428571428,1.0805785714285716,96,129536,2024-01-26T13:00:00+00:00,129442,1.0868371428571428,STOP,0.002407142857142806,-1.00000000000001,-1.00000000000001,0.0002613593943059578,26.13593943059578,0,0.0002613593943059578,ACCEPT_FULL
28,SQX-EURUSD-H1-73f2fc6ba7b5,SHORT,2024-01-30T12:00:00+00:00,129489,129490,2024-01-30T13:00:00+00:00,1.08385,1.0861571428571428,1.0801585714285715,96,129585,2024-01-31T15:00:00+00:00,129516,1.0861571428571428,STOP,0.002307142857142746,-1.000000000000041,-1.000000000000041,0.0002613593943059578,26.13593943059578,0.0004953324724309643,0.0007566918667369221,ACCEPT_FULL
29,SQX-EURUSD-H1-bdc6d699e26f,LONG,2024-01-15T03:00:00+00:00,129216,129217,2024-01-15T04:00:00+00:00,1.09548,1.0933982142857144,1.1010314285714287,48,129264,2024-01-15T12:00:00+00:00,129225,1.0933982142857144,STOP,0.0020817857142857205,-0.9999999999999581,-0.9999999999999581,0.0003937464492438324,39.37464492438324,0.0019946061962117676,0.0023883526454556003,ACCEPT_FULL
30,SQX-EURUSD-H1-bdc6d699e26f,LONG,2024-01-19T18:00:00+00:00,129327,129328,2024-01-19T19:00:00+00:00,1.08867,1.0870103571428573,1.0930957142857143,48,129375,2024-01-23T12:00:00+00:00,129369,1.0870103571428573,STOP,0.0016596428571428099,-0.9999999999999379,-0.9999999999999379,0.0003937464492438324,39.37464492438324,0.00027883350678061674,0.0006725799560244491,ACCEPT_FULL
31,SQX-EURUSD-H1-a18d86c3075c,LONG,2024-01-02T13:00:00+00:00,129010,129011,2024-01-02T14:00:00+00:00,1.09691,1.0930117857142858,1.0992489285714286,48,129058,2024-01-03T12:00:00+00:00,129033,1.0930117857142858,STOP,0.0038982142857142887,-0.9999999999999878,-0.9999999999999878,0.0004324842561694024,43.24842561694024,0,0.0004324842561694024,ACCEPT_FULL
32,SQX-EURUSD-H1-a18d86c3075c,LONG,2024-01-03T13:00:00+00:00,129034,129035,2024-01-03T14:00:00+00:00,1.09195,1.0893410714285712,1.093515357142857,48,129082,2024-01-03T17:00:00+00:00,129038,1.093515357142857,TARGET,0.0026089285714286925,0.5999999999999575,0.5999999999999575,0.0004324842561694024,43.24842561694024,0,0.0004324842561694024,ACCEPT_FULL
33,SQX-EURUSD-H1-a18d86c3075c,LONG,2024-01-16T02:00:00+00:00,129239,129240,2024-01-16T03:00:00+00:00,1.09197,1.0897414285714286,1.093307142857143,48,129287,2024-01-16T10:00:00+00:00,129247,1.0897414285714286,STOP,0.002228571428571437,-1.0000000000000142,-1.0000000000000142,0.0004324842561694024,43.24842561694024,0,0.0004324842561694024,ACCEPT_FULL
34,SQX-EURUSD-H1-a18d86c3075c,LONG,2024-01-16T11:00:00+00:00,129248,129249,2024-01-16T12:00:00+00:00,1.08864,1.0857132142857142,1.0903960714285714,48,129296,2024-01-17T08:00:00+00:00,129269,1.0857132142857142,STOP,0.0029267857142857767,-1.0000000000000215,-1.0000000000000215,0.0004324842561694024,43.24842561694024,0,0.0004324842561694024,ACCEPT_FULL
35,SQX-EURUSD-H1-a18d86c3075c,LONG,2024-01-17T16:00:00+00:00,129277,129278,2024-01-17T17:00:00+00:00,1.08488,1.0813728571428571,1.0869842857142857,48,129325,2024-01-17T17:00:00+00:00,129278,1.0869842857142857,TARGET,0.0035071428571428753,0.5999999999999842,0.5999999999999842,0.0004324842561694024,43.24842561694024,0,0.0004324842561694024,ACCEPT_FULL
36,SQX-EURUSD-H1-a18d86c3075c,LONG,2024-01-23T17:00:00+00:00,129374,129375,2024-01-23T18:00:00+00:00,1.0831,1.0793267857142856,1.0853639285714285,48,129422,2024-01-23T23:00:00+00:00,129380,1.0853639285714285,TARGET,0.0037732142857143424,0.5999999999999831,0.5999999999999831,0.0004324842561694024,43.24842561694024,0,0.0004324842561694024,ACCEPT_FULL
37,SQX-EURUSD-H1-a18d86c3075c,LONG,2024-01-26T09:00:00+00:00,129438,129439,2024-01-26T10:00:00+00:00,1.08193,1.0796746428571429,1.0832832142857143,48,129486,2024-01-26T10:00:00+00:00,129439,1.0832832142857143,TARGET,0.0022553571428571284,0.5999999999999754,0.5999999999999754,0.0004324842561694024,43.24842561694024,0,0.0004324842561694024,ACCEPT_FULL
38,SQX-EURUSD-H1-a18d86c3075c,LONG,2024-01-29T16:00:00+00:00,129469,129470,2024-01-29T17:00:00+00:00,1.08068,1.078238928571429,1.0821446428571428,48,129517,2024-01-29T22:00:00+00:00,129475,1.0821446428571428,TARGET,0.0024410714285712826,0.5999999999999968,0.5999999999999968,0.0004324842561694024,43.24842561694024,0,0.0004324842561694024,ACCEPT_FULL
39,SQX-EURUSD-H1-59d9b5d3a639,LONG,2024-01-08T20:00:00+00:00,129113,129114,2024-01-08T21:00:00+00:00,1.09553,1.0921764285714284,1.0975421428571428,48,129161,2024-01-09T17:00:00+00:00,129134,1.0921764285714284,STOP,0.0033535714285714323,-1.0000000000000235,-1.0000000000000235,0.0009920979406815916,99.20979406815916,0.0007120641439162807,0.0017041620845978723,ACCEPT_FULL
40,SQX-EURUSD-H1-59d9b5d3a639,LONG,2024-01-25T14:00:00+00:00,129419,129420,2024-01-25T15:00:00+00:00,1.08882,1.0868396428571427,1.0900082142857141,48,129467,2024-01-25T15:00:00+00:00,129420,1.0868396428571427,STOP,0.0019803571428570715,-1.000000000000044,-1.000000000000044,0.0009920979406815916,99.20979406815916,0.0007463748660185875,0.0017384728067001791,ACCEPT_FULL
41,SQX-EURUSD-H1-636292a9084a,LONG,2024-01-08T20:00:00+00:00,129113,129114,2024-01-08T21:00:00+00:00,1.09553,1.093517857142857,1.0995542857142857,24,129137,2024-01-09T12:00:00+00:00,129129,1.093517857142857,STOP,0.002012142857142859,-1.0000000000000238,-1.0000000000000238,0.0007676639681894171,76.76639681894171,0.0017041620845978723,0.002471826052787289,ACCEPT_FULL
42,SQX-EURUSD-H1-636292a9084a,LONG,2024-01-25T14:00:00+00:00,129419,129420,2024-01-25T15:00:00+00:00,1.08882,1.0876317857142856,1.0911964285714284,24,129443,2024-01-25T15:00:00+00:00,129420,1.0876317857142856,STOP,0.001188214285714243,-1.0000000000000067,-1.0000000000000067,0.0007676639681894171,76.76639681894171,0.0007463748660185875,0.0015140388342080046,ACCEPT_FULL
43,SQX-EURUSD-H1-4c5f2833ce74,SHORT,2024-01-05T16:00:00+00:00,129085,129086,2024-01-05T17:00:00+00:00,1.09492,1.0972064285714285,1.088822857142857,96,129181,2024-01-05T17:00:00+00:00,129086,1.0972064285714285,STOP,0.0022864285714285382,-1.0000000000000175,-1.0000000000000175,0.0004953324724309643,49.533247243096426,0,0.0004953324724309643,ACCEPT_FULL
44,SQX-EURUSD-H1-4c5f2833ce74,SHORT,2024-01-10T10:00:00+00:00,129151,129152,2024-01-10T11:00:00+00:00,1.09432,1.0955296428571428,1.0910942857142858,96,129247,2024-01-10T13:00:00+00:00,129154,1.0955296428571428,STOP,0.0012096428571428358,-1.0000000000000262,-1.0000000000000262,0.0004953324724309643,49.533247243096426,0.00043323063713566394,0.0009285631095666282,ACCEPT_FULL
45,SQX-EURUSD-H1-4c5f2833ce74,SHORT,2024-01-12T16:00:00+00:00,129205,129206,2024-01-12T17:00:00+00:00,1.09755,1.0996757142857143,1.0918814285714284,96,129301,2024-01-16T03:00:00+00:00,129240,1.0918814285714284,TARGET,0.0021257142857143657,2.6666666666666368,2.6666666666666368,0.0004953324724309643,49.533247243096426,0.0007463748660185875,0.0012417073384495517,ACCEPT_FULL
46,SQX-EURUSD-H1-4c5f2833ce74,SHORT,2024-01-26T11:00:00+00:00,129440,129441,2024-01-26T12:00:00+00:00,1.08443,1.0858742857142858,1.0805785714285716,96,129536,2024-01-26T12:00:00+00:00,129441,1.0858742857142858,STOP,0.0014442857142856836,-1.0000000000000715,-1.0000000000000715,0.0004953324724309643,49.533247243096426,0,0.0004953324724309643,ACCEPT_FULL
47,SQX-EURUSD-H1-4c5f2833ce74,SHORT,2024-01-30T12:00:00+00:00,129489,129490,2024-01-30T13:00:00+00:00,1.08385,1.0852342857142856,1.0801585714285715,96,129585,2024-01-30T16:00:00+00:00,129493,1.0852342857142856,STOP,0.0013842857142856474,-0.9999999999999771,-0.9999999999999771,0.0004953324724309643,49.533247243096426,0,0.0004953324724309643,ACCEPT_FULL
48,SQX-EURUSD-H1-108300962057,LONG,2024-01-04T11:00:00+00:00,129056,129057,2024-01-04T12:00:00+00:00,1.09675,1.0942910714285712,1.1006842857142858,48,129104,2024-01-04T15:00:00+00:00,129060,1.0942910714285712,STOP,0.0024589285714286613,-1.0000000000000193,-1.0000000000000193,0.00027883350678061674,27.883350678061674,0,0.00027883350678061674,ACCEPT_FULL
49,SQX-EURUSD-H1-108300962057,LONG,2024-01-04T18:00:00+00:00,129063,129064,2024-01-04T19:00:00+00:00,1.09561,1.0921117857142857,1.1012071428571428,48,129111,2024-01-05T10:00:00+00:00,129079,1.0921117857142857,STOP,0.0034982142857143245,-0.9999999999999887,-0.9999999999999887,0.00027883350678061674,27.883350678061674,0,0.00027883350678061674,ACCEPT_FULL
50,SQX-EURUSD-H1-108300962057,LONG,2024-01-05T18:00:00+00:00,129087,129088,2024-01-05T19:00:00+00:00,1.09558,1.0906317857142858,1.1034971428571427,48,129135,2024-01-09T18:00:00+00:00,129135,1.09343,TIME,0.004948214285714228,-0.4345001804402988,-0.4345001804402988,0.00027883350678061674,27.883350678061674,0.0005112363987623391,0.0007900699055429558,ACCEPT_FULL
51,SQX-EURUSD-H1-108300962057,LONG,2024-01-10T12:00:00+00:00,129153,129154,2024-01-10T13:00:00+00:00,1.09496,1.0928189285714285,1.0983857142857143,48,129201,2024-01-11T04:00:00+00:00,129169,1.0983857142857143,TARGET,0.002141071428571419,1.6000000000000445,1.6000000000000445,0.00027883350678061674,27.883350678061674,0.0006945900314416218,0.0009734235382222385,ACCEPT_FULL
52,SQX-EURUSD-H1-108300962057,LONG,2024-01-11T15:00:00+00:00,129180,129181,2024-01-11T16:00:00+00:00,1.09397,1.09062,1.0993300000000004,48,129228,2024-01-15T15:00:00+00:00,129228,1.09505,TIME,0.0033500000000000986,0.32238805970147405,0.32238805970147405,0.00027883350678061674,27.883350678061674,0.00043323063713566394,0.0007120641439162807,ACCEPT_FULL
53,SQX-EURUSD-H1-108300962057,LONG,2024-01-18T03:00:00+00:00,129288,129289,2024-01-18T04:00:00+00:00,1.08961,1.08626,1.09497,48,129336,2024-01-18T15:00:00+00:00,129300,1.08626,STOP,0.0033500000000000196,-0.9999999999999835,-0.9999999999999835,0.00027883350678061674,27.883350678061674,0,0.00027883350678061674,ACCEPT_FULL
54,SQX-EURUSD-H1-108300962057,LONG,2024-01-19T03:00:00+00:00,129312,129313,2024-01-19T04:00:00+00:00,1.08854,1.0851667857142857,1.093937142857143,48,129360,2024-01-23T03:00:00+00:00,129360,1.08883,TIME,0.003373214285714299,0.08597141344623832,0.08597141344623832,0.00027883350678061674,27.883350678061674,0,0.00027883350678061674,ACCEPT_FULL
55,SQX-EURUSD-H1-108300962057,LONG,2024-01-23T05:00:00+00:00,129362,129363,2024-01-23T06:00:00+00:00,1.08928,1.0869782142857143,1.0929628571428573,48,129410,2024-01-23T12:00:00+00:00,129369,1.0869782142857143,STOP,0.002301785714285766,-0.9999999999999897,-0.9999999999999897,0.00027883350678061674,27.883350678061674,0.0010760218987728482,0.0013548554055534648,ACCEPT_FULL
56,SQX-EURUSD-H1-108300962057,LONG,2024-01-24T13:00:00+00:00,129394,129395,2024-01-24T14:00:00+00:00,1.08928,1.0864960714285714,1.0937342857142858,48,129442,2024-01-25T16:00:00+00:00,129421,1.0864960714285714,STOP,0.00278392857142857,-1.000000000000017,-1.000000000000017,0.00027883350678061674,27.883350678061674,0,0.00027883350678061674,ACCEPT_FULL
57,SQX-EURUSD-H1-108300962057,LONG,2024-01-26T13:00:00+00:00,129442,129443,2024-01-26T14:00:00+00:00,1.08745,1.0847196428571428,1.0918185714285713,48,129490,2024-01-29T00:00:00+00:00,129453,1.0847196428571428,STOP,0.002730357142857108,-1.0000000000000289,-1.0000000000000289,0.00027883350678061674,27.883350678061674,0,0.00027883350678061674,ACCEPT_FULL
58,SQX-EURUSD-H1-108300962057,LONG,2024-01-30T13:00:00+00:00,129490,129491,2024-01-30T14:00:00+00:00,1.08418,1.0818210714285714,1.0879542857142854,48,129538,2024-01-31T04:00:00+00:00,129505,1.0818210714285714,STOP,0.002358928571428482,-1.0000000000000069,-1.0000000000000069,0.00027883350678061674,27.883350678061674,0.0007566918667369221,0.0010355253735175388,ACCEPT_FULL
59,SQX-EURUSD-H1-108300962057,LONG,2024-01-31T14:00:00+00:00,129515,129516,2024-01-31T15:00:00+00:00,1.08366,1.0811189285714287,1.0877257142857144,48,129563,2024-01-31T16:00:00+00:00,129517,1.0877257142857144,TARGET,0.002541071428571462,1.6,1.6,0.00027883350678061674,27.883350678061674,0,0.00027883350678061674,ACCEPT_FULL
60,SQX-EURUSD-H1-108300962057,LONG,2024-01-31T18:00:00+00:00,129519,129520,2024-01-31T19:00:00+00:00,1.08543,1.0814157142857141,1.091852857142857,48,129567,2024-01-31T22:00:00+00:00,129523,1.0814157142857141,STOP,0.004014285714285685,-1.0000000000000158,-1.0000000000000158,0.00027883350678061674,27.883350678061674,0,0.00027883350678061674,ACCEPT_FULL
61,SQX-EURUSD-H1-6d1cb5fa1910,LONG,2024-01-05T23:00:00+00:00,129092,129093,2024-01-08T00:00:00+00:00,1.09386,1.088435,1.10037,96,129188,2024-01-11T23:00:00+00:00,129188,1.09717,TIME,0.005425000000000092,0.6101382488479019,0.6101382488479019,0.00043323063713566394,43.32306371356639,0.000703028184495769,0.0011362588216314328,ACCEPT_FULL
62,SQX-EURUSD-H1-6d1cb5fa1910,LONG,2024-01-22T19:00:00+00:00,129352,129353,2024-01-22T20:00:00+00:00,1.08963,1.0869532142857143,1.0928421428571429,96,129448,2024-01-23T12:00:00+00:00,129369,1.0869532142857143,STOP,0.0026767857142856455,-1.0000000000000415,-1.0000000000000415,0.00043323063713566394,43.32306371356639,0.0009216247684178011,0.001354855405553465,ACCEPT_FULL
63,SQX-EURUSD-H1-6d1cb5fa1910,LONG,2024-01-26T21:00:00+00:00,129450,129451,2024-01-26T22:00:00+00:00,1.08582,1.0818092857142858,1.0906328571428572,96,129546,2024-01-29T12:00:00+00:00,129465,1.0818092857142858,STOP,0.004010714285714272,-0.9999999999999822,-0.9999999999999822,0.00043323063713566394,43.32306371356639,0.00027883350678061674,0.0007120641439162807,ACCEPT_FULL
64,SQX-EURUSD-H1-0cc329175f76,LONG,2024-01-05T17:00:00+00:00,129086,129087,2024-01-05T18:00:00+00:00,1.09782,1.094147142857143,1.101492857142857,48,129134,2024-01-05T20:00:00+00:00,129089,1.094147142857143,STOP,0.0036728571428570967,-0.9999999999999828,-0.9999999999999828,0.0005112363987623391,51.12363987623391,0,0.0005112363987623391,ACCEPT_FULL
