strategy_id,direction,signal_time,entry_time,entry_bar,allocated_risk_fraction,mt5_signal_time,mt5_direction,status,notes
SQX-EURUSD-H1-1320ad51f2e8,LONG,2024-01-05T20:00:00+00:00,2024-01-05T21:00:00+00:00,129090,0.0004241946777151523,UNRESOLVED,UNRESOLVED,UNRESOLVED,No MT5 signal/order log supplied.
SQX-EURUSD-H1-1320ad51f2e8,LONG,2024-01-08T16:00:00+00:00,2024-01-08T17:00:00+00:00,129110,0.0004241946777151523,UNRESOLVED,UNRESOLVED,UNRESOLVED,No MT5 signal/order log supplied.
SQX-EURUSD-H1-1320ad51f2e8,LONG,2024-01-23T07:00:00+00:00,2024-01-23T08:00:00+00:00,129365,0.0004241946777151523,UNRESOLVED,UNRESOLVED,UNRESOLVED,No MT5 signal/order log supplied.
SQX-EURUSD-H1-1320ad51f2e8,LONG,2024-01-25T08:00:00+00:00,2024-01-25T09:00:00+00:00,129414,0.0004241946777151523,UNRESOLVED,UNRESOLVED,UNRESOLVED,No MT5 signal/order log supplied.
SQX-EURUSD-H1-1320ad51f2e8,LONG,2024-01-30T14:00:00+00:00,2024-01-30T15:00:00+00:00,129492,0.0004241946777151523,UNRESOLVED,UNRESOLVED,UNRESOLVED,No MT5 signal/order log supplied.
SQX-EURUSD-H1-1320ad51f2e8,LONG,2024-01-31T14:00:00+00:00,2024-01-31T15:00:00+00:00,129516,0.0004241946777151523,UNRESOLVED,UNRESOLVED,UNRESOLVED,No MT5 signal/order log supplied.
SQX-EURUSD-H1-21e4d7fab033,LONG,2024-01-09T04:00:00+00:00,2024-01-09T05:00:00+00:00,129122,0.0004675413592379708,UNRESOLVED,UNRESOLVED,UNRESOLVED,No MT5 signal/order log supplied.
SQX-EURUSD-H1-21e4d7fab033,LONG,2024-01-11T19:00:00+00:00,2024-01-11T20:00:00+00:00,129185,0.0004675413592379708,UNRESOLVED,UNRESOLVED,UNRESOLVED,No MT5 signal/order log supplied.
SQX-EURUSD-H1-21e4d7fab033,LONG,2024-01-11T20:00:00+00:00,2024-01-11T21:00:00+00:00,129186,0.0004675413592379708,UNRESOLVED,UNRESOLVED,UNRESOLVED,No MT5 signal/order log supplied.
SQX-EURUSD-H1-21e4d7fab033,LONG,2024-01-12T14:00:00+00:00,2024-01-12T15:00:00+00:00,129204,0.0004675413592379708,UNRESOLVED,UNRESOLVED,UNRESOLVED,No MT5 signal/order log supplied.
SQX-EURUSD-H1-21e4d7fab033,LONG,2024-01-12T15:00:00+00:00,2024-01-12T16:00:00+00:00,129205,0.0004675413592379708,UNRESOLVED,UNRESOLVED,UNRESOLVED,No MT5 signal/order log supplied.
SQX-EURUSD-H1-21e4d7fab033,LONG,2024-01-12T16:00:00+00:00,2024-01-12T17:00:00+00:00,129206,0.0004675413592379708,UNRESOLVED,UNRESOLVED,UNRESOLVED,No MT5 signal/order log supplied.
SQX-EURUSD-H1-21e4d7fab033,LONG,2024-01-12T17:00:00+00:00,2024-01-12T18:00:00+00:00,129207,0.0004675413592379708,UNRESOLVED,UNRESOLVED,UNRESOLVED,No MT5 signal/order log supplied.
SQX-EURUSD-H1-21e4d7fab033,LONG,2024-01-12T18:00:00+00:00,2024-01-12T19:00:00+00:00,129208,0.0004675413592379708,UNRESOLVED,UNRESOLVED,UNRESOLVED,No MT5 signal/order log supplied.
SQX-EURUSD-H1-21e4d7fab033,LONG,2024-01-12T19:00:00+00:00,2024-01-12T20:00:00+00:00,129209,0.0004675413592379708,UNRESOLVED,UNRESOLVED,UNRESOLVED,No MT5 signal/order log supplied.
SQX-EURUSD-H1-21e4d7fab033,LONG,2024-01-22T14:00:00+00:00,2024-01-22T15:00:00+00:00,129348,0.0004675413592379708,UNRESOLVED,UNRESOLVED,UNRESOLVED,No MT5 signal/order log supplied.
SQX-EURUSD-H1-21e4d7fab033,LONG,2024-01-22T15:00:00+00:00,2024-01-22T16:00:00+00:00,129349,0.0004675413592379708,UNRESOLVED,UNRESOLVED,UNRESOLVED,No MT5 signal/order log supplied.
SQX-EURUSD-H1-21e4d7fab033,LONG,2024-01-25T02:00:00+00:00,2024-01-25T03:00:00+00:00,129408,0.0004675413592379708,UNRESOLVED,UNRESOLVED,UNRESOLVED,No MT5 signal/order log supplied.
SQX-EURUSD-H1-21e4d7fab033,LONG,2024-01-25T03:00:00+00:00,2024-01-25T04:00:00+00:00,129409,0.0004675413592379708,UNRESOLVED,UNRESOLVED,UNRESOLVED,No MT5 signal/order log supplied.
SQX-EURUSD-H1-a27691004dcc,LONG,2024-01-09T11:00:00+00:00,2024-01-09T12:00:00+00:00,129129,0.00024904481239335194,UNRESOLVED,UNRESOLVED,UNRESOLVED,No MT5 signal/order log supplied.
SQX-EURUSD-H1-a27691004dcc,LONG,2024-01-09T12:00:00+00:00,2024-01-09T13:00:00+00:00,129130,0.00024904481239335194,UNRESOLVED,UNRESOLVED,UNRESOLVED,No MT5 signal/order log supplied.
SQX-EURUSD-H1-a27691004dcc,LONG,2024-01-22T12:00:00+00:00,2024-01-22T13:00:00+00:00,129346,0.00024904481239335194,UNRESOLVED,UNRESOLVED,UNRESOLVED,No MT5 signal/order log supplied.
SQX-EURUSD-H1-a27691004dcc,LONG,2024-01-22T17:00:00+00:00,2024-01-22T18:00:00+00:00,129351,0.00024904481239335194,UNRESOLVED,UNRESOLVED,UNRESOLVED,No MT5 signal/order log supplied.
SQX-EURUSD-H1-a27691004dcc,LONG,2024-01-23T12:00:00+00:00,2024-01-23T13:00:00+00:00,129370,0.00024904481239335194,UNRESOLVED,UNRESOLVED,UNRESOLVED,No MT5 signal/order log supplied.
SQX-EURUSD-H1-a27691004dcc,LONG,2024-01-25T16:00:00+00:00,2024-01-25T17:00:00+00:00,129422,0.00024904481239335194,UNRESOLVED,UNRESOLVED,UNRESOLVED,No MT5 signal/order log supplied.
SQX-EURUSD-H1-ac5da82211be,SHORT,2024-01-12T16:00:00+00:00,2024-01-12T17:00:00+00:00,129206,0.0004915394634562579,UNRESOLVED,UNRESOLVED,UNRESOLVED,No MT5 signal/order log supplied.
SQX-EURUSD-H1-6edd59636707,LONG,2024-01-12T14:00:00+00:00,2024-01-12T15:00:00+00:00,129204,0.00042106356272962587,UNRESOLVED,UNRESOLVED,UNRESOLVED,No MT5 signal/order log supplied.
SQX-EURUSD-H1-4c92b8eb8610,SHORT,2024-01-03T05:00:00+00:00,2024-01-03T06:00:00+00:00,129027,0.0006118605436388007,UNRESOLVED,UNRESOLVED,UNRESOLVED,No MT5 signal/order log supplied.
SQX-EURUSD-H1-4c92b8eb8610,SHORT,2024-01-04T02:00:00+00:00,2024-01-04T03:00:00+00:00,129048,0.0006118605436388007,UNRESOLVED,UNRESOLVED,UNRESOLVED,No MT5 signal/order log supplied.
SQX-EURUSD-H1-68567f217ec0,SHORT,2024-01-10T06:00:00+00:00,2024-01-10T07:00:00+00:00,129148,0.0005091743770997957,UNRESOLVED,UNRESOLVED,UNRESOLVED,No MT5 signal/order log supplied.
SQX-EURUSD-H1-68567f217ec0,SHORT,2024-01-15T20:00:00+00:00,2024-01-15T21:00:00+00:00,129234,0.0005091743770997957,UNRESOLVED,UNRESOLVED,UNRESOLVED,No MT5 signal/order log supplied.
SQX-EURUSD-H1-68567f217ec0,SHORT,2024-01-26T05:00:00+00:00,2024-01-26T06:00:00+00:00,129435,0.0005091743770997957,UNRESOLVED,UNRESOLVED,UNRESOLVED,No MT5 signal/order log supplied.
SQX-EURUSD-H1-6682b7a6ec07,LONG,2024-01-08T20:00:00+00:00,2024-01-08T21:00:00+00:00,129114,0.0009295374968359295,UNRESOLVED,UNRESOLVED,UNRESOLVED,No MT5 signal/order log supplied.
SQX-EURUSD-H1-6682b7a6ec07,LONG,2024-01-25T14:00:00+00:00,2024-01-25T15:00:00+00:00,129420,0.0009295374968359295,UNRESOLVED,UNRESOLVED,UNRESOLVED,No MT5 signal/order log supplied.
SQX-EURUSD-H1-73f2fc6ba7b5,SHORT,2024-01-05T16:00:00+00:00,2024-01-05T17:00:00+00:00,129086,0.0002613593943059578,UNRESOLVED,UNRESOLVED,UNRESOLVED,No MT5 signal/order log supplied.
SQX-EURUSD-H1-73f2fc6ba7b5,SHORT,2024-01-05T17:00:00+00:00,2024-01-05T18:00:00+00:00,129087,0.0002613593943059578,UNRESOLVED,UNRESOLVED,UNRESOLVED,No MT5 signal/order log supplied.
SQX-EURUSD-H1-73f2fc6ba7b5,SHORT,2024-01-08T15:00:00+00:00,2024-01-08T16:00:00+00:00,129109,0.0002613593943059578,UNRESOLVED,UNRESOLVED,UNRESOLVED,No MT5 signal/order log supplied.
SQX-EURUSD-H1-73f2fc6ba7b5,SHORT,2024-01-10T10:00:00+00:00,2024-01-10T11:00:00+00:00,129152,0.0002613593943059578,UNRESOLVED,UNRESOLVED,UNRESOLVED,No MT5 signal/order log supplied.
SQX-EURUSD-H1-73f2fc6ba7b5,SHORT,2024-01-10T11:00:00+00:00,2024-01-10T12:00:00+00:00,129153,0.0002613593943059578,UNRESOLVED,UNRESOLVED,UNRESOLVED,No MT5 signal/order log supplied.
SQX-EURUSD-H1-73f2fc6ba7b5,SHORT,2024-01-10T12:00:00+00:00,2024-01-10T13:00:00+00:00,129154,0.0002613593943059578,UNRESOLVED,UNRESOLVED,UNRESOLVED,No MT5 signal/order log supplied.
SQX-EURUSD-H1-73f2fc6ba7b5,SHORT,2024-01-12T16:00:00+00:00,2024-01-12T17:00:00+00:00,129206,0.0002613593943059578,UNRESOLVED,UNRESOLVED,UNRESOLVED,No MT5 signal/order log supplied.
SQX-EURUSD-H1-73f2fc6ba7b5,SHORT,2024-01-23T06:00:00+00:00,2024-01-23T07:00:00+00:00,129364,0.0002613593943059578,UNRESOLVED,UNRESOLVED,UNRESOLVED,No MT5 signal/order log supplied.
SQX-EURUSD-H1-73f2fc6ba7b5,SHORT,2024-01-26T11:00:00+00:00,2024-01-26T12:00:00+00:00,129441,0.0002613593943059578,UNRESOLVED,UNRESOLVED,UNRESOLVED,No MT5 signal/order log supplied.
SQX-EURUSD-H1-73f2fc6ba7b5,SHORT,2024-01-26T12:00:00+00:00,2024-01-26T13:00:00+00:00,129442,0.0002613593943059578,UNRESOLVED,UNRESOLVED,UNRESOLVED,No MT5 signal/order log supplied.
SQX-EURUSD-H1-73f2fc6ba7b5,SHORT,2024-01-26T13:00:00+00:00,2024-01-26T14:00:00+00:00,129443,0.0002613593943059578,UNRESOLVED,UNRESOLVED,UNRESOLVED,No MT5 signal/order log supplied.
SQX-EURUSD-H1-73f2fc6ba7b5,SHORT,2024-01-30T12:00:00+00:00,2024-01-30T13:00:00+00:00,129490,0.0002613593943059578,UNRESOLVED,UNRESOLVED,UNRESOLVED,No MT5 signal/order log supplied.
SQX-EURUSD-H1-73f2fc6ba7b5,SHORT,2024-01-30T13:00:00+00:00,2024-01-30T14:00:00+00:00,129491,0.0002613593943059578,UNRESOLVED,UNRESOLVED,UNRESOLVED,No MT5 signal/order log supplied.
SQX-EURUSD-H1-bdc6d699e26f,LONG,2024-01-15T03:00:00+00:00,2024-01-15T04:00:00+00:00,129217,0.0003937464492438324,UNRESOLVED,UNRESOLVED,UNRESOLVED,No MT5 signal/order log supplied.
SQX-EURUSD-H1-bdc6d699e26f,LONG,2024-01-15T04:00:00+00:00,2024-01-15T05:00:00+00:00,129218,0.0003937464492438324,UNRESOLVED,UNRESOLVED,UNRESOLVED,No MT5 signal/order log supplied.
SQX-EURUSD-H1-bdc6d699e26f,LONG,2024-01-19T18:00:00+00:00,2024-01-19T19:00:00+00:00,129328,0.0003937464492438324,UNRESOLVED,UNRESOLVED,UNRESOLVED,No MT5 signal/order log supplied.
SQX-EURUSD-H1-bdc6d699e26f,LONG,2024-01-19T19:00:00+00:00,2024-01-19T20:00:00+00:00,129329,0.0003937464492438324,UNRESOLVED,UNRESOLVED,UNRESOLVED,No MT5 signal/order log supplied.
SQX-EURUSD-H1-bdc6d699e26f,LONG,2024-01-19T20:00:00+00:00,2024-01-19T21:00:00+00:00,129330,0.0003937464492438324,UNRESOLVED,UNRESOLVED,UNRESOLVED,No MT5 signal/order log supplied.
SQX-EURUSD-H1-a18d86c3075c,LONG,2024-01-02T13:00:00+00:00,2024-01-02T14:00:00+00:00,129011,0.0004324842561694024,UNRESOLVED,UNRESOLVED,UNRESOLVED,No MT5 signal/order log supplied.
SQX-EURUSD-H1-a18d86c3075c,LONG,2024-01-02T14:00:00+00:00,2024-01-02T15:00:00+00:00,129012,0.0004324842561694024,UNRESOLVED,UNRESOLVED,UNRESOLVED,No MT5 signal/order log supplied.
SQX-EURUSD-H1-a18d86c3075c,LONG,2024-01-02T15:00:00+00:00,2024-01-02T16:00:00+00:00,129013,0.0004324842561694024,UNRESOLVED,UNRESOLVED,UNRESOLVED,No MT5 signal/order log supplied.
SQX-EURUSD-H1-a18d86c3075c,LONG,2024-01-02T17:00:00+00:00,2024-01-02T18:00:00+00:00,129015,0.0004324842561694024,UNRESOLVED,UNRESOLVED,UNRESOLVED,No MT5 signal/order log supplied.
SQX-EURUSD-H1-a18d86c3075c,LONG,2024-01-02T23:00:00+00:00,2024-01-03T00:00:00+00:00,129021,0.0004324842561694024,UNRESOLVED,UNRESOLVED,UNRESOLVED,No MT5 signal/order log supplied.
SQX-EURUSD-H1-a18d86c3075c,LONG,2024-01-03T11:00:00+00:00,2024-01-03T12:00:00+00:00,129033,0.0004324842561694024,UNRESOLVED,UNRESOLVED,UNRESOLVED,No MT5 signal/order log supplied.
SQX-EURUSD-H1-a18d86c3075c,LONG,2024-01-03T12:00:00+00:00,2024-01-03T13:00:00+00:00,129034,0.0004324842561694024,UNRESOLVED,UNRESOLVED,UNRESOLVED,No MT5 signal/order log supplied.
SQX-EURUSD-H1-a18d86c3075c,LONG,2024-01-03T13:00:00+00:00,2024-01-03T14:00:00+00:00,129035,0.0004324842561694024,UNRESOLVED,UNRESOLVED,UNRESOLVED,No MT5 signal/order log supplied.
SQX-EURUSD-H1-a18d86c3075c,LONG,2024-01-03T17:00:00+00:00,2024-01-03T18:00:00+00:00,129039,0.0004324842561694024,UNRESOLVED,UNRESOLVED,UNRESOLVED,No MT5 signal/order log supplied.
SQX-EURUSD-H1-a18d86c3075c,LONG,2024-01-16T02:00:00+00:00,2024-01-16T03:00:00+00:00,129240,0.0004324842561694024,UNRESOLVED,UNRESOLVED,UNRESOLVED,No MT5 signal/order log supplied.
SQX-EURUSD-H1-a18d86c3075c,LONG,2024-01-16T10:00:00+00:00,2024-01-16T11:00:00+00:00,129248,0.0004324842561694024,UNRESOLVED,UNRESOLVED,UNRESOLVED,No MT5 signal/order log supplied.
SQX-EURUSD-H1-a18d86c3075c,LONG,2024-01-16T11:00:00+00:00,2024-01-16T12:00:00+00:00,129249,0.0004324842561694024,UNRESOLVED,UNRESOLVED,UNRESOLVED,No MT5 signal/order log supplied.
SQX-EURUSD-H1-a18d86c3075c,LONG,2024-01-16T12:00:00+00:00,2024-01-16T13:00:00+00:00,129250,0.0004324842561694024,UNRESOLVED,UNRESOLVED,UNRESOLVED,No MT5 signal/order log supplied.
SQX-EURUSD-H1-a18d86c3075c,LONG,2024-01-17T16:00:00+00:00,2024-01-17T17:00:00+00:00,129278,0.0004324842561694024,UNRESOLVED,UNRESOLVED,UNRESOLVED,No MT5 signal/order log supplied.
SQX-EURUSD-H1-a18d86c3075c,LONG,2024-01-23T17:00:00+00:00,2024-01-23T18:00:00+00:00,129375,0.0004324842561694024,UNRESOLVED,UNRESOLVED,UNRESOLVED,No MT5 signal/order log supplied.
SQX-EURUSD-H1-a18d86c3075c,LONG,2024-01-26T09:00:00+00:00,2024-01-26T10:00:00+00:00,129439,0.0004324842561694024,UNRESOLVED,UNRESOLVED,UNRESOLVED,No MT5 signal/order log supplied.
SQX-EURUSD-H1-a18d86c3075c,LONG,2024-01-29T16:00:00+00:00,2024-01-29T17:00:00+00:00,129470,0.0004324842561694024,UNRESOLVED,UNRESOLVED,UNRESOLVED,No MT5 signal/order log supplied.
SQX-EURUSD-H1-a18d86c3075c,LONG,2024-01-29T17:00:00+00:00,2024-01-29T18:00:00+00:00,129471,0.0004324842561694024,UNRESOLVED,UNRESOLVED,UNRESOLVED,No MT5 signal/order log supplied.
SQX-EURUSD-H1-59d9b5d3a639,LONG,2024-01-08T20:00:00+00:00,2024-01-08T21:00:00+00:00,129114,0.0009920979406815916,UNRESOLVED,UNRESOLVED,UNRESOLVED,No MT5 signal/order log supplied.
SQX-EURUSD-H1-59d9b5d3a639,LONG,2024-01-25T14:00:00+00:00,2024-01-25T15:00:00+00:00,129420,0.0009920979406815916,UNRESOLVED,UNRESOLVED,UNRESOLVED,No MT5 signal/order log supplied.
SQX-EURUSD-H1-636292a9084a,LONG,2024-01-08T20:00:00+00:00,2024-01-08T21:00:00+00:00,129114,0.0007676639681894171,UNRESOLVED,UNRESOLVED,UNRESOLVED,No MT5 signal/order log supplied.
SQX-EURUSD-H1-636292a9084a,LONG,2024-01-25T14:00:00+00:00,2024-01-25T15:00:00+00:00,129420,0.0007676639681894171,UNRESOLVED,UNRESOLVED,UNRESOLVED,No MT5 signal/order log supplied.
SQX-EURUSD-H1-4c5f2833ce74,SHORT,2024-01-05T16:00:00+00:00,2024-01-05T17:00:00+00:00,129086,0.0004953324724309643,UNRESOLVED,UNRESOLVED,UNRESOLVED,No MT5 signal/order log supplied.
SQX-EURUSD-H1-4c5f2833ce74,SHORT,2024-01-10T10:00:00+00:00,2024-01-10T11:00:00+00:00,129152,0.0004953324724309643,UNRESOLVED,UNRESOLVED,UNRESOLVED,No MT5 signal/order log supplied.
SQX-EURUSD-H1-4c5f2833ce74,SHORT,2024-01-10T11:00:00+00:00,2024-01-10T12:00:00+00:00,129153,0.0004953324724309643,UNRESOLVED,UNRESOLVED,UNRESOLVED,No MT5 signal/order log supplied.
SQX-EURUSD-H1-4c5f2833ce74,SHORT,2024-01-12T16:00:00+00:00,2024-01-12T17:00:00+00:00,129206,0.0004953324724309643,UNRESOLVED,UNRESOLVED,UNRESOLVED,No MT5 signal/order log supplied.
SQX-EURUSD-H1-4c5f2833ce74,SHORT,2024-01-26T11:00:00+00:00,2024-01-26T12:00:00+00:00,129441,0.0004953324724309643,UNRESOLVED,UNRESOLVED,UNRESOLVED,No MT5 signal/order log supplied.
SQX-EURUSD-H1-4c5f2833ce74,SHORT,2024-01-26T12:00:00+00:00,2024-01-26T13:00:00+00:00,129442,0.0004953324724309643,UNRESOLVED,UNRESOLVED,UNRESOLVED,No MT5 signal/order log supplied.
SQX-EURUSD-H1-4c5f2833ce74,SHORT,2024-01-30T12:00:00+00:00,2024-01-30T13:00:00+00:00,129490,0.0004953324724309643,UNRESOLVED,UNRESOLVED,UNRESOLVED,No MT5 signal/order log supplied.
SQX-EURUSD-H1-108300962057,LONG,2024-01-04T11:00:00+00:00,2024-01-04T12:00:00+00:00,129057,0.00027883350678061674,UNRESOLVED,UNRESOLVED,UNRESOLVED,No MT5 signal/order log supplied.
SQX-EURUSD-H1-108300962057,LONG,2024-01-04T12:00:00+00:00,2024-01-04T13:00:00+00:00,129058,0.00027883350678061674,UNRESOLVED,UNRESOLVED,UNRESOLVED,No MT5 signal/order log supplied.
SQX-EURUSD-H1-108300962057,LONG,2024-01-04T13:00:00+00:00,2024-01-04T14:00:00+00:00,129059,0.00027883350678061674,UNRESOLVED,UNRESOLVED,UNRESOLVED,No MT5 signal/order log supplied.
SQX-EURUSD-H1-108300962057,LONG,2024-01-04T14:00:00+00:00,2024-01-04T15:00:00+00:00,129060,0.00027883350678061674,UNRESOLVED,UNRESOLVED,UNRESOLVED,No MT5 signal/order log supplied.
SQX-EURUSD-H1-108300962057,LONG,2024-01-04T18:00:00+00:00,2024-01-04T19:00:00+00:00,129064,0.00027883350678061674,UNRESOLVED,UNRESOLVED,UNRESOLVED,No MT5 signal/order log supplied.
SQX-EURUSD-H1-108300962057,LONG,2024-01-04T19:00:00+00:00,2024-01-04T20:00:00+00:00,129065,0.00027883350678061674,UNRESOLVED,UNRESOLVED,UNRESOLVED,No MT5 signal/order log supplied.
SQX-EURUSD-H1-108300962057,LONG,2024-01-04T20:00:00+00:00,2024-01-04T21:00:00+00:00,129066,0.00027883350678061674,UNRESOLVED,UNRESOLVED,UNRESOLVED,No MT5 signal/order log supplied.
SQX-EURUSD-H1-108300962057,LONG,2024-01-05T18:00:00+00:00,2024-01-05T19:00:00+00:00,129088,0.00027883350678061674,UNRESOLVED,UNRESOLVED,UNRESOLVED,No MT5 signal/order log supplied.
SQX-EURUSD-H1-108300962057,LONG,2024-01-05T19:00:00+00:00,2024-01-05T20:00:00+00:00,129089,0.00027883350678061674,UNRESOLVED,UNRESOLVED,UNRESOLVED,No MT5 signal/order log supplied.
SQX-EURUSD-H1-108300962057,LONG,2024-01-05T20:00:00+00:00,2024-01-05T21:00:00+00:00,129090,0.00027883350678061674,UNRESOLVED,UNRESOLVED,UNRESOLVED,No MT5 signal/order log supplied.
SQX-EURUSD-H1-108300962057,LONG,2024-01-05T21:00:00+00:00,2024-01-05T22:00:00+00:00,129091,0.00027883350678061674,UNRESOLVED,UNRESOLVED,UNRESOLVED,No MT5 signal/order log supplied.
SQX-EURUSD-H1-108300962057,LONG,2024-01-05T22:00:00+00:00,2024-01-05T23:00:00+00:00,129092,0.00027883350678061674,UNRESOLVED,UNRESOLVED,UNRESOLVED,No MT5 signal/order log supplied.
SQX-EURUSD-H1-108300962057,LONG,2024-01-08T02:00:00+00:00,2024-01-08T03:00:00+00:00,129096,0.00027883350678061674,UNRESOLVED,UNRESOLVED,UNRESOLVED,No MT5 signal/order log supplied.
SQX-EURUSD-H1-108300962057,LONG,2024-01-08T03:00:00+00:00,2024-01-08T04:00:00+00:00,129097,0.00027883350678061674,UNRESOLVED,UNRESOLVED,UNRESOLVED,No MT5 signal/order log supplied.
SQX-EURUSD-H1-108300962057,LONG,2024-01-08T04:00:00+00:00,2024-01-08T05:00:00+00:00,129098,0.00027883350678061674,UNRESOLVED,UNRESOLVED,UNRESOLVED,No MT5 signal/order log supplied.
SQX-EURUSD-H1-108300962057,LONG,2024-01-08T09:00:00+00:00,2024-01-08T10:00:00+00:00,129103,0.00027883350678061674,UNRESOLVED,UNRESOLVED,UNRESOLVED,No MT5 signal/order log supplied.
SQX-EURUSD-H1-108300962057,LONG,2024-01-08T15:00:00+00:00,2024-01-08T16:00:00+00:00,129109,0.00027883350678061674,UNRESOLVED,UNRESOLVED,UNRESOLVED,No MT5 signal/order log supplied.
SQX-EURUSD-H1-108300962057,LONG,2024-01-08T16:00:00+00:00,2024-01-08T17:00:00+00:00,129110,0.00027883350678061674,UNRESOLVED,UNRESOLVED,UNRESOLVED,No MT5 signal/order log supplied.
SQX-EURUSD-H1-108300962057,LONG,2024-01-08T19:00:00+00:00,2024-01-08T20:00:00+00:00,129113,0.00027883350678061674,UNRESOLVED,UNRESOLVED,UNRESOLVED,No MT5 signal/order log supplied.
SQX-EURUSD-H1-108300962057,LONG,2024-01-08T20:00:00+00:00,2024-01-08T21:00:00+00:00,129114,0.00027883350678061674,UNRESOLVED,UNRESOLVED,UNRESOLVED,No MT5 signal/order log supplied.
SQX-EURUSD-H1-108300962057,LONG,2024-01-08T21:00:00+00:00,2024-01-08T22:00:00+00:00,129115,0.00027883350678061674,UNRESOLVED,UNRESOLVED,UNRESOLVED,No MT5 signal/order log supplied.
SQX-EURUSD-H1-108300962057,LONG,2024-01-08T22:00:00+00:00,2024-01-08T23:00:00+00:00,129116,0.00027883350678061674,UNRESOLVED,UNRESOLVED,UNRESOLVED,No MT5 signal/order log supplied.
SQX-EURUSD-H1-108300962057,LONG,2024-01-08T23:00:00+00:00,2024-01-09T00:00:00+00:00,129117,0.00027883350678061674,UNRESOLVED,UNRESOLVED,UNRESOLVED,No MT5 signal/order log supplied.
SQX-EURUSD-H1-108300962057,LONG,2024-01-09T00:00:00+00:00,2024-01-09T01:00:00+00:00,129118,0.00027883350678061674,UNRESOLVED,UNRESOLVED,UNRESOLVED,No MT5 signal/order log supplied.
SQX-EURUSD-H1-108300962057,LONG,2024-01-09T01:00:00+00:00,2024-01-09T02:00:00+00:00,129119,0.00027883350678061674,UNRESOLVED,UNRESOLVED,UNRESOLVED,No MT5 signal/order log supplied.
SQX-EURUSD-H1-108300962057,LONG,2024-01-09T02:00:00+00:00,2024-01-09T03:00:00+00:00,129120,0.00027883350678061674,UNRESOLVED,UNRESOLVED,UNRESOLVED,No MT5 signal/order log supplied.
SQX-EURUSD-H1-108300962057,LONG,2024-01-09T03:00:00+00:00,2024-01-09T04:00:00+00:00,129121,0.00027883350678061674,UNRESOLVED,UNRESOLVED,UNRESOLVED,No MT5 signal/order log supplied.
SQX-EURUSD-H1-108300962057,LONG,2024-01-09T04:00:00+00:00,2024-01-09T05:00:00+00:00,129122,0.00027883350678061674,UNRESOLVED,UNRESOLVED,UNRESOLVED,No MT5 signal/order log supplied.
SQX-EURUSD-H1-108300962057,LONG,2024-01-09T05:00:00+00:00,2024-01-09T06:00:00+00:00,129123,0.00027883350678061674,UNRESOLVED,UNRESOLVED,UNRESOLVED,No MT5 signal/order log supplied.
SQX-EURUSD-H1-108300962057,LONG,2024-01-09T06:00:00+00:00,2024-01-09T07:00:00+00:00,129124,0.00027883350678061674,UNRESOLVED,UNRESOLVED,UNRESOLVED,No MT5 signal/order log supplied.
SQX-EURUSD-H1-108300962057,LONG,2024-01-09T07:00:00+00:00,2024-01-09T08:00:00+00:00,129125,0.00027883350678061674,UNRESOLVED,UNRESOLVED,UNRESOLVED,No MT5 signal/order log supplied.
SQX-EURUSD-H1-108300962057,LONG,2024-01-09T08:00:00+00:00,2024-01-09T09:00:00+00:00,129126,0.00027883350678061674,UNRESOLVED,UNRESOLVED,UNRESOLVED,No MT5 signal/order log supplied.
SQX-EURUSD-H1-108300962057,LONG,2024-01-09T09:00:00+00:00,2024-01-09T10:00:00+00:00,129127,0.00027883350678061674,UNRESOLVED,UNRESOLVED,UNRESOLVED,No MT5 signal/order log supplied.
SQX-EURUSD-H1-108300962057,LONG,2024-01-09T10:00:00+00:00,2024-01-09T11:00:00+00:00,129128,0.00027883350678061674,UNRESOLVED,UNRESOLVED,UNRESOLVED,No MT5 signal/order log supplied.
SQX-EURUSD-H1-108300962057,LONG,2024-01-09T11:00:00+00:00,2024-01-09T12:00:00+00:00,129129,0.00027883350678061674,UNRESOLVED,UNRESOLVED,UNRESOLVED,No MT5 signal/order log supplied.
SQX-EURUSD-H1-108300962057,LONG,2024-01-10T12:00:00+00:00,2024-01-10T13:00:00+00:00,129154,0.00027883350678061674,UNRESOLVED,UNRESOLVED,UNRESOLVED,No MT5 signal/order log supplied.
SQX-EURUSD-H1-108300962057,LONG,2024-01-10T13:00:00+00:00,2024-01-10T14:00:00+00:00,129155,0.00027883350678061674,UNRESOLVED,UNRESOLVED,UNRESOLVED,No MT5 signal/order log supplied.
SQX-EURUSD-H1-108300962057,LONG,2024-01-10T14:00:00+00:00,2024-01-10T15:00:00+00:00,129156,0.00027883350678061674,UNRESOLVED,UNRESOLVED,UNRESOLVED,No MT5 signal/order log supplied.
SQX-EURUSD-H1-108300962057,LONG,2024-01-10T15:00:00+00:00,2024-01-10T16:00:00+00:00,129157,0.00027883350678061674,UNRESOLVED,UNRESOLVED,UNRESOLVED,No MT5 signal/order log supplied.
SQX-EURUSD-H1-108300962057,LONG,2024-01-10T16:00:00+00:00,2024-01-10T17:00:00+00:00,129158,0.00027883350678061674,UNRESOLVED,UNRESOLVED,UNRESOLVED,No MT5 signal/order log supplied.
SQX-EURUSD-H1-108300962057,LONG,2024-01-11T15:00:00+00:00,2024-01-11T16:00:00+00:00,129181,0.00027883350678061674,UNRESOLVED,UNRESOLVED,UNRESOLVED,No MT5 signal/order log supplied.
SQX-EURUSD-H1-108300962057,LONG,2024-01-12T11:00:00+00:00,2024-01-12T12:00:00+00:00,129201,0.00027883350678061674,UNRESOLVED,UNRESOLVED,UNRESOLVED,No MT5 signal/order log supplied.
SQX-EURUSD-H1-108300962057,LONG,2024-01-12T12:00:00+00:00,2024-01-12T13:00:00+00:00,129202,0.00027883350678061674,UNRESOLVED,UNRESOLVED,UNRESOLVED,No MT5 signal/order log supplied.
SQX-EURUSD-H1-108300962057,LONG,2024-01-12T18:00:00+00:00,2024-01-12T19:00:00+00:00,129208,0.00027883350678061674,UNRESOLVED,UNRESOLVED,UNRESOLVED,No MT5 signal/order log supplied.
SQX-EURUSD-H1-108300962057,LONG,2024-01-18T03:00:00+00:00,2024-01-18T04:00:00+00:00,129289,0.00027883350678061674,UNRESOLVED,UNRESOLVED,UNRESOLVED,No MT5 signal/order log supplied.
SQX-EURUSD-H1-108300962057,LONG,2024-01-18T04:00:00+00:00,2024-01-18T05:00:00+00:00,129290,0.00027883350678061674,UNRESOLVED,UNRESOLVED,UNRESOLVED,No MT5 signal/order log supplied.
SQX-EURUSD-H1-108300962057,LONG,2024-01-18T05:00:00+00:00,2024-01-18T06:00:00+00:00,129291,0.00027883350678061674,UNRESOLVED,UNRESOLVED,UNRESOLVED,No MT5 signal/order log supplied.
SQX-EURUSD-H1-108300962057,LONG,2024-01-18T06:00:00+00:00,2024-01-18T07:00:00+00:00,129292,0.00027883350678061674,UNRESOLVED,UNRESOLVED,UNRESOLVED,No MT5 signal/order log supplied.
SQX-EURUSD-H1-108300962057,LONG,2024-01-18T07:00:00+00:00,2024-01-18T08:00:00+00:00,129293,0.00027883350678061674,UNRESOLVED,UNRESOLVED,UNRESOLVED,No MT5 signal/order log supplied.
SQX-EURUSD-H1-108300962057,LONG,2024-01-18T08:00:00+00:00,2024-01-18T09:00:00+00:00,129294,0.00027883350678061674,UNRESOLVED,UNRESOLVED,UNRESOLVED,No MT5 signal/order log supplied.
SQX-EURUSD-H1-108300962057,LONG,2024-01-18T09:00:00+00:00,2024-01-18T10:00:00+00:00,129295,0.00027883350678061674,UNRESOLVED,UNRESOLVED,UNRESOLVED,No MT5 signal/order log supplied.
SQX-EURUSD-H1-108300962057,LONG,2024-01-18T10:00:00+00:00,2024-01-18T11:00:00+00:00,129296,0.00027883350678061674,UNRESOLVED,UNRESOLVED,UNRESOLVED,No MT5 signal/order log supplied.
SQX-EURUSD-H1-108300962057,LONG,2024-01-18T13:00:00+00:00,2024-01-18T14:00:00+00:00,129299,0.00027883350678061674,UNRESOLVED,UNRESOLVED,UNRESOLVED,No MT5 signal/order log supplied.
SQX-EURUSD-H1-108300962057,LONG,2024-01-19T03:00:00+00:00,2024-01-19T04:00:00+00:00,129313,0.00027883350678061674,UNRESOLVED,UNRESOLVED,UNRESOLVED,No MT5 signal/order log supplied.
SQX-EURUSD-H1-108300962057,LONG,2024-01-19T04:00:00+00:00,2024-01-19T05:00:00+00:00,129314,0.00027883350678061674,UNRESOLVED,UNRESOLVED,UNRESOLVED,No MT5 signal/order log supplied.
SQX-EURUSD-H1-108300962057,LONG,2024-01-19T05:00:00+00:00,2024-01-19T06:00:00+00:00,129315,0.00027883350678061674,UNRESOLVED,UNRESOLVED,UNRESOLVED,No MT5 signal/order log supplied.
SQX-EURUSD-H1-108300962057,LONG,2024-01-19T06:00:00+00:00,2024-01-19T07:00:00+00:00,129316,0.00027883350678061674,UNRESOLVED,UNRESOLVED,UNRESOLVED,No MT5 signal/order log supplied.
SQX-EURUSD-H1-108300962057,LONG,2024-01-19T07:00:00+00:00,2024-01-19T08:00:00+00:00,129317,0.00027883350678061674,UNRESOLVED,UNRESOLVED,UNRESOLVED,No MT5 signal/order log supplied.
SQX-EURUSD-H1-108300962057,LONG,2024-01-19T08:00:00+00:00,2024-01-19T09:00:00+00:00,129318,0.00027883350678061674,UNRESOLVED,UNRESOLVED,UNRESOLVED,No MT5 signal/order log supplied.
SQX-EURUSD-H1-108300962057,LONG,2024-01-19T13:00:00+00:00,2024-01-19T14:00:00+00:00,129323,0.00027883350678061674,UNRESOLVED,UNRESOLVED,UNRESOLVED,No MT5 signal/order log supplied.
SQX-EURUSD-H1-108300962057,LONG,2024-01-19T14:00:00+00:00,2024-01-19T15:00:00+00:00,129324,0.00027883350678061674,UNRESOLVED,UNRESOLVED,UNRESOLVED,No MT5 signal/order log supplied.
SQX-EURUSD-H1-108300962057,LONG,2024-01-19T15:00:00+00:00,2024-01-19T16:00:00+00:00,129325,0.00027883350678061674,UNRESOLVED,UNRESOLVED,UNRESOLVED,No MT5 signal/order log supplied.
SQX-EURUSD-H1-108300962057,LONG,2024-01-19T18:00:00+00:00,2024-01-19T19:00:00+00:00,129328,0.00027883350678061674,UNRESOLVED,UNRESOLVED,UNRESOLVED,No MT5 signal/order log supplied.
SQX-EURUSD-H1-108300962057,LONG,2024-01-19T19:00:00+00:00,2024-01-19T20:00:00+00:00,129329,0.00027883350678061674,UNRESOLVED,UNRESOLVED,UNRESOLVED,No MT5 signal/order log supplied.
SQX-EURUSD-H1-108300962057,LONG,2024-01-19T20:00:00+00:00,2024-01-19T21:00:00+00:00,129330,0.00027883350678061674,UNRESOLVED,UNRESOLVED,UNRESOLVED,No MT5 signal/order log supplied.
SQX-EURUSD-H1-108300962057,LONG,2024-01-19T21:00:00+00:00,2024-01-19T22:00:00+00:00,129331,0.00027883350678061674,UNRESOLVED,UNRESOLVED,UNRESOLVED,No MT5 signal/order log supplied.
SQX-EURUSD-H1-108300962057,LONG,2024-01-19T22:00:00+00:00,2024-01-19T23:00:00+00:00,129332,0.00027883350678061674,UNRESOLVED,UNRESOLVED,UNRESOLVED,No MT5 signal/order log supplied.
SQX-EURUSD-H1-108300962057,LONG,2024-01-19T23:00:00+00:00,2024-01-22T00:00:00+00:00,129333,0.00027883350678061674,UNRESOLVED,UNRESOLVED,UNRESOLVED,No MT5 signal/order log supplied.
SQX-EURUSD-H1-108300962057,LONG,2024-01-22T00:00:00+00:00,2024-01-22T01:00:00+00:00,129334,0.00027883350678061674,UNRESOLVED,UNRESOLVED,UNRESOLVED,No MT5 signal/order log supplied.
SQX-EURUSD-H1-108300962057,LONG,2024-01-22T01:00:00+00:00,2024-01-22T02:00:00+00:00,129335,0.00027883350678061674,UNRESOLVED,UNRESOLVED,UNRESOLVED,No MT5 signal/order log supplied.
SQX-EURUSD-H1-108300962057,LONG,2024-01-22T02:00:00+00:00,2024-01-22T03:00:00+00:00,129336,0.00027883350678061674,UNRESOLVED,UNRESOLVED,UNRESOLVED,No MT5 signal/order log supplied.
SQX-EURUSD-H1-108300962057,LONG,2024-01-22T03:00:00+00:00,2024-01-22T04:00:00+00:00,129337,0.00027883350678061674,UNRESOLVED,UNRESOLVED,UNRESOLVED,No MT5 signal/order log supplied.
SQX-EURUSD-H1-108300962057,LONG,2024-01-22T04:00:00+00:00,2024-01-22T05:00:00+00:00,129338,0.00027883350678061674,UNRESOLVED,UNRESOLVED,UNRESOLVED,No MT5 signal/order log supplied.
SQX-EURUSD-H1-108300962057,LONG,2024-01-22T05:00:00+00:00,2024-01-22T06:00:00+00:00,129339,0.00027883350678061674,UNRESOLVED,UNRESOLVED,UNRESOLVED,No MT5 signal/order log supplied.
SQX-EURUSD-H1-108300962057,LONG,2024-01-22T06:00:00+00:00,2024-01-22T07:00:00+00:00,129340,0.00027883350678061674,UNRESOLVED,UNRESOLVED,UNRESOLVED,No MT5 signal/order log supplied.
SQX-EURUSD-H1-108300962057,LONG,2024-01-22T07:00:00+00:00,2024-01-22T08:00:00+00:00,129341,0.00027883350678061674,UNRESOLVED,UNRESOLVED,UNRESOLVED,No MT5 signal/order log supplied.
SQX-EURUSD-H1-108300962057,LONG,2024-01-22T08:00:00+00:00,2024-01-22T09:00:00+00:00,129342,0.00027883350678061674,UNRESOLVED,UNRESOLVED,UNRESOLVED,No MT5 signal/order log supplied.
SQX-EURUSD-H1-108300962057,LONG,2024-01-22T09:00:00+00:00,2024-01-22T10:00:00+00:00,129343,0.00027883350678061674,UNRESOLVED,UNRESOLVED,UNRESOLVED,No MT5 signal/order log supplied.
SQX-EURUSD-H1-108300962057,LONG,2024-01-22T10:00:00+00:00,2024-01-22T11:00:00+00:00,129344,0.00027883350678061674,UNRESOLVED,UNRESOLVED,UNRESOLVED,No MT5 signal/order log supplied.
SQX-EURUSD-H1-108300962057,LONG,2024-01-22T11:00:00+00:00,2024-01-22T12:00:00+00:00,129345,0.00027883350678061674,UNRESOLVED,UNRESOLVED,UNRESOLVED,No MT5 signal/order log supplied.
SQX-EURUSD-H1-108300962057,LONG,2024-01-22T12:00:00+00:00,2024-01-22T13:00:00+00:00,129346,0.00027883350678061674,UNRESOLVED,UNRESOLVED,UNRESOLVED,No MT5 signal/order log supplied.
SQX-EURUSD-H1-108300962057,LONG,2024-01-22T13:00:00+00:00,2024-01-22T14:00:00+00:00,129347,0.00027883350678061674,UNRESOLVED,UNRESOLVED,UNRESOLVED,No MT5 signal/order log supplied.
SQX-EURUSD-H1-108300962057,LONG,2024-01-22T14:00:00+00:00,2024-01-22T15:00:00+00:00,129348,0.00027883350678061674,UNRESOLVED,UNRESOLVED,UNRESOLVED,No MT5 signal/order log supplied.
SQX-EURUSD-H1-108300962057,LONG,2024-01-22T15:00:00+00:00,2024-01-22T16:00:00+00:00,129349,0.00027883350678061674,UNRESOLVED,UNRESOLVED,UNRESOLVED,No MT5 signal/order log supplied.
SQX-EURUSD-H1-108300962057,LONG,2024-01-22T16:00:00+00:00,2024-01-22T17:00:00+00:00,129350,0.00027883350678061674,UNRESOLVED,UNRESOLVED,UNRESOLVED,No MT5 signal/order log supplied.
SQX-EURUSD-H1-108300962057,LONG,2024-01-22T19:00:00+00:00,2024-01-22T20:00:00+00:00,129353,0.00027883350678061674,UNRESOLVED,UNRESOLVED,UNRESOLVED,No MT5 signal/order log supplied.
SQX-EURUSD-H1-108300962057,LONG,2024-01-22T20:00:00+00:00,2024-01-22T21:00:00+00:00,129354,0.00027883350678061674,UNRESOLVED,UNRESOLVED,UNRESOLVED,No MT5 signal/order log supplied.
SQX-EURUSD-H1-108300962057,LONG,2024-01-22T21:00:00+00:00,2024-01-22T22:00:00+00:00,129355,0.00027883350678061674,UNRESOLVED,UNRESOLVED,UNRESOLVED,No MT5 signal/order log supplied.
SQX-EURUSD-H1-108300962057,LONG,2024-01-23T05:00:00+00:00,2024-01-23T06:00:00+00:00,129363,0.00027883350678061674,UNRESOLVED,UNRESOLVED,UNRESOLVED,No MT5 signal/order log supplied.
SQX-EURUSD-H1-108300962057,LONG,2024-01-23T06:00:00+00:00,2024-01-23T07:00:00+00:00,129364,0.00027883350678061674,UNRESOLVED,UNRESOLVED,UNRESOLVED,No MT5 signal/order log supplied.
SQX-EURUSD-H1-108300962057,LONG,2024-01-23T10:00:00+00:00,2024-01-23T11:00:00+00:00,129368,0.00027883350678061674,UNRESOLVED,UNRESOLVED,UNRESOLVED,No MT5 signal/order log supplied.
SQX-EURUSD-H1-108300962057,LONG,2024-01-23T11:00:00+00:00,2024-01-23T12:00:00+00:00,129369,0.00027883350678061674,UNRESOLVED,UNRESOLVED,UNRESOLVED,No MT5 signal/order log supplied.
SQX-EURUSD-H1-108300962057,LONG,2024-01-24T13:00:00+00:00,2024-01-24T14:00:00+00:00,129395,0.00027883350678061674,UNRESOLVED,UNRESOLVED,UNRESOLVED,No MT5 signal/order log supplied.
SQX-EURUSD-H1-108300962057,LONG,2024-01-24T14:00:00+00:00,2024-01-24T15:00:00+00:00,129396,0.00027883350678061674,UNRESOLVED,UNRESOLVED,UNRESOLVED,No MT5 signal/order log supplied.
SQX-EURUSD-H1-108300962057,LONG,2024-01-24T20:00:00+00:00,2024-01-24T21:00:00+00:00,129402,0.00027883350678061674,UNRESOLVED,UNRESOLVED,UNRESOLVED,No MT5 signal/order log supplied.
SQX-EURUSD-H1-108300962057,LONG,2024-01-24T21:00:00+00:00,2024-01-24T22:00:00+00:00,129403,0.00027883350678061674,UNRESOLVED,UNRESOLVED,UNRESOLVED,No MT5 signal/order log supplied.
SQX-EURUSD-H1-108300962057,LONG,2024-01-24T22:00:00+00:00,2024-01-24T23:00:00+00:00,129404,0.00027883350678061674,UNRESOLVED,UNRESOLVED,UNRESOLVED,No MT5 signal/order log supplied.
SQX-EURUSD-H1-108300962057,LONG,2024-01-24T23:00:00+00:00,2024-01-25T00:00:00+00:00,129405,0.00027883350678061674,UNRESOLVED,UNRESOLVED,UNRESOLVED,No MT5 signal/order log supplied.
SQX-EURUSD-H1-108300962057,LONG,2024-01-25T00:00:00+00:00,2024-01-25T01:00:00+00:00,129406,0.00027883350678061674,UNRESOLVED,UNRESOLVED,UNRESOLVED,No MT5 signal/order log supplied.
SQX-EURUSD-H1-108300962057,LONG,2024-01-25T01:00:00+00:00,2024-01-25T02:00:00+00:00,129407,0.00027883350678061674,UNRESOLVED,UNRESOLVED,UNRESOLVED,No MT5 signal/order log supplied.
SQX-EURUSD-H1-108300962057,LONG,2024-01-25T09:00:00+00:00,2024-01-25T10:00:00+00:00,129415,0.00027883350678061674,UNRESOLVED,UNRESOLVED,UNRESOLVED,No MT5 signal/order log supplied.
SQX-EURUSD-H1-108300962057,LONG,2024-01-25T12:00:00+00:00,2024-01-25T13:00:00+00:00,129418,0.00027883350678061674,UNRESOLVED,UNRESOLVED,UNRESOLVED,No MT5 signal/order log supplied.
SQX-EURUSD-H1-108300962057,LONG,2024-01-25T14:00:00+00:00,2024-01-25T15:00:00+00:00,129420,0.00027883350678061674,UNRESOLVED,UNRESOLVED,UNRESOLVED,No MT5 signal/order log supplied.
SQX-EURUSD-H1-108300962057,LONG,2024-01-25T15:00:00+00:00,2024-01-25T16:00:00+00:00,129421,0.00027883350678061674,UNRESOLVED,UNRESOLVED,UNRESOLVED,No MT5 signal/order log supplied.
SQX-EURUSD-H1-108300962057,LONG,2024-01-26T13:00:00+00:00,2024-01-26T14:00:00+00:00,129443,0.00027883350678061674,UNRESOLVED,UNRESOLVED,UNRESOLVED,No MT5 signal/order log supplied.
SQX-EURUSD-H1-108300962057,LONG,2024-01-26T14:00:00+00:00,2024-01-26T15:00:00+00:00,129444,0.00027883350678061674,UNRESOLVED,UNRESOLVED,UNRESOLVED,No MT5 signal/order log supplied.
SQX-EURUSD-H1-108300962057,LONG,2024-01-26T15:00:00+00:00,2024-01-26T16:00:00+00:00,129445,0.00027883350678061674,UNRESOLVED,UNRESOLVED,UNRESOLVED,No MT5 signal/order log supplied.
SQX-EURUSD-H1-108300962057,LONG,2024-01-26T16:00:00+00:00,2024-01-26T17:00:00+00:00,129446,0.00027883350678061674,UNRESOLVED,UNRESOLVED,UNRESOLVED,No MT5 signal/order log supplied.
SQX-EURUSD-H1-108300962057,LONG,2024-01-26T17:00:00+00:00,2024-01-26T18:00:00+00:00,129447,0.00027883350678061674,UNRESOLVED,UNRESOLVED,UNRESOLVED,No MT5 signal/order log supplied.
SQX-EURUSD-H1-108300962057,LONG,2024-01-26T18:00:00+00:00,2024-01-26T19:00:00+00:00,129448,0.00027883350678061674,UNRESOLVED,UNRESOLVED,UNRESOLVED,No MT5 signal/order log supplied.
SQX-EURUSD-H1-108300962057,LONG,2024-01-26T19:00:00+00:00,2024-01-26T20:00:00+00:00,129449,0.00027883350678061674,UNRESOLVED,UNRESOLVED,UNRESOLVED,No MT5 signal/order log supplied.
SQX-EURUSD-H1-108300962057,LONG,2024-01-26T20:00:00+00:00,2024-01-26T21:00:00+00:00,129450,0.00027883350678061674,UNRESOLVED,UNRESOLVED,UNRESOLVED,No MT5 signal/order log supplied.
SQX-EURUSD-H1-108300962057,LONG,2024-01-30T13:00:00+00:00,2024-01-30T14:00:00+00:00,129491,0.00027883350678061674,UNRESOLVED,UNRESOLVED,UNRESOLVED,No MT5 signal/order log supplied.
SQX-EURUSD-H1-108300962057,LONG,2024-01-30T14:00:00+00:00,2024-01-30T15:00:00+00:00,129492,0.00027883350678061674,UNRESOLVED,UNRESOLVED,UNRESOLVED,No MT5 signal/order log supplied.
SQX-EURUSD-H1-108300962057,LONG,2024-01-30T15:00:00+00:00,2024-01-30T16:00:00+00:00,129493,0.00027883350678061674,UNRESOLVED,UNRESOLVED,UNRESOLVED,No MT5 signal/order log supplied.
SQX-EURUSD-H1-108300962057,LONG,2024-01-30T16:00:00+00:00,2024-01-30T17:00:00+00:00,129494,0.00027883350678061674,UNRESOLVED,UNRESOLVED,UNRESOLVED,No MT5 signal/order log supplied.
SQX-EURUSD-H1-108300962057,LONG,2024-01-30T17:00:00+00:00,2024-01-30T18:00:00+00:00,129495,0.00027883350678061674,UNRESOLVED,UNRESOLVED,UNRESOLVED,No MT5 signal/order log supplied.
SQX-EURUSD-H1-108300962057,LONG,2024-01-30T18:00:00+00:00,2024-01-30T19:00:00+00:00,129496,0.00027883350678061674,UNRESOLVED,UNRESOLVED,UNRESOLVED,No MT5 signal/order log supplied.
SQX-EURUSD-H1-108300962057,LONG,2024-01-30T19:00:00+00:00,2024-01-30T20:00:00+00:00,129497,0.00027883350678061674,UNRESOLVED,UNRESOLVED,UNRESOLVED,No MT5 signal/order log supplied.
SQX-EURUSD-H1-108300962057,LONG,2024-01-30T20:00:00+00:00,2024-01-30T21:00:00+00:00,129498,0.00027883350678061674,UNRESOLVED,UNRESOLVED,UNRESOLVED,No MT5 signal/order log supplied.
SQX-EURUSD-H1-108300962057,LONG,2024-01-30T21:00:00+00:00,2024-01-30T22:00:00+00:00,129499,0.00027883350678061674,UNRESOLVED,UNRESOLVED,UNRESOLVED,No MT5 signal/order log supplied.
SQX-EURUSD-H1-108300962057,LONG,2024-01-30T22:00:00+00:00,2024-01-30T23:00:00+00:00,129500,0.00027883350678061674,UNRESOLVED,UNRESOLVED,UNRESOLVED,No MT5 signal/order log supplied.
SQX-EURUSD-H1-108300962057,LONG,2024-01-30T23:00:00+00:00,2024-01-31T00:00:00+00:00,129501,0.00027883350678061674,UNRESOLVED,UNRESOLVED,UNRESOLVED,No MT5 signal/order log supplied.
SQX-EURUSD-H1-108300962057,LONG,2024-01-31T00:00:00+00:00,2024-01-31T01:00:00+00:00,129502,0.00027883350678061674,UNRESOLVED,UNRESOLVED,UNRESOLVED,No MT5 signal/order log supplied.
SQX-EURUSD-H1-108300962057,LONG,2024-01-31T01:00:00+00:00,2024-01-31T02:00:00+00:00,129503,0.00027883350678061674,UNRESOLVED,UNRESOLVED,UNRESOLVED,No MT5 signal/order log supplied.
SQX-EURUSD-H1-108300962057,LONG,2024-01-31T02:00:00+00:00,2024-01-31T03:00:00+00:00,129504,0.00027883350678061674,UNRESOLVED,UNRESOLVED,UNRESOLVED,No MT5 signal/order log supplied.
SQX-EURUSD-H1-108300962057,LONG,2024-01-31T03:00:00+00:00,2024-01-31T04:00:00+00:00,129505,0.00027883350678061674,UNRESOLVED,UNRESOLVED,UNRESOLVED,No MT5 signal/order log supplied.
SQX-EURUSD-H1-108300962057,LONG,2024-01-31T14:00:00+00:00,2024-01-31T15:00:00+00:00,129516,0.00027883350678061674,UNRESOLVED,UNRESOLVED,UNRESOLVED,No MT5 signal/order log supplied.
SQX-EURUSD-H1-108300962057,LONG,2024-01-31T15:00:00+00:00,2024-01-31T16:00:00+00:00,129517,0.00027883350678061674,UNRESOLVED,UNRESOLVED,UNRESOLVED,No MT5 signal/order log supplied.
SQX-EURUSD-H1-108300962057,LONG,2024-01-31T18:00:00+00:00,2024-01-31T19:00:00+00:00,129520,0.00027883350678061674,UNRESOLVED,UNRESOLVED,UNRESOLVED,No MT5 signal/order log supplied.
SQX-EURUSD-H1-108300962057,LONG,2024-01-31T19:00:00+00:00,2024-01-31T20:00:00+00:00,129521,0.00027883350678061674,UNRESOLVED,UNRESOLVED,UNRESOLVED,No MT5 signal/order log supplied.
SQX-EURUSD-H1-108300962057,LONG,2024-01-31T20:00:00+00:00,2024-01-31T21:00:00+00:00,129522,0.00027883350678061674,UNRESOLVED,UNRESOLVED,UNRESOLVED,No MT5 signal/order log supplied.
SQX-EURUSD-H1-108300962057,LONG,2024-01-31T21:00:00+00:00,2024-01-31T22:00:00+00:00,129523,0.00027883350678061674,UNRESOLVED,UNRESOLVED,UNRESOLVED,No MT5 signal/order log supplied.
SQX-EURUSD-H1-6d1cb5fa1910,LONG,2024-01-05T23:00:00+00:00,2024-01-08T00:00:00+00:00,129093,0.00043323063713566394,UNRESOLVED,UNRESOLVED,UNRESOLVED,No MT5 signal/order log supplied.
SQX-EURUSD-H1-6d1cb5fa1910,LONG,2024-01-08T00:00:00+00:00,2024-01-08T01:00:00+00:00,129094,0.00043323063713566394,UNRESOLVED,UNRESOLVED,UNRESOLVED,No MT5 signal/order log supplied.
SQX-EURUSD-H1-6d1cb5fa1910,LONG,2024-01-08T01:00:00+00:00,2024-01-08T02:00:00+00:00,129095,0.00043323063713566394,UNRESOLVED,UNRESOLVED,UNRESOLVED,No MT5 signal/order log supplied.
SQX-EURUSD-H1-6d1cb5fa1910,LONG,2024-01-09T00:00:00+00:00,2024-01-09T01:00:00+00:00,129118,0.00043323063713566394,UNRESOLVED,UNRESOLVED,UNRESOLVED,No MT5 signal/order log supplied.
SQX-EURUSD-H1-6d1cb5fa1910,LONG,2024-01-09T02:00:00+00:00,2024-01-09T03:00:00+00:00,129120,0.00043323063713566394,UNRESOLVED,UNRESOLVED,UNRESOLVED,No MT5 signal/order log supplied.
SQX-EURUSD-H1-6d1cb5fa1910,LONG,2024-01-22T19:00:00+00:00,2024-01-22T20:00:00+00:00,129353,0.00043323063713566394,UNRESOLVED,UNRESOLVED,UNRESOLVED,No MT5 signal/order log supplied.
SQX-EURUSD-H1-6d1cb5fa1910,LONG,2024-01-26T21:00:00+00:00,2024-01-26T22:00:00+00:00,129451,0.00043323063713566394,UNRESOLVED,UNRESOLVED,UNRESOLVED,No MT5 signal/order log supplied.
SQX-EURUSD-H1-6d1cb5fa1910,LONG,2024-01-26T22:00:00+00:00,2024-01-26T23:00:00+00:00,129452,0.00043323063713566394,UNRESOLVED,UNRESOLVED,UNRESOLVED,No MT5 signal/order log supplied.
SQX-EURUSD-H1-0cc329175f76,LONG,2024-01-05T17:00:00+00:00,2024-01-05T18:00:00+00:00,129087,0.0005112363987623391,UNRESOLVED,UNRESOLVED,UNRESOLVED,No MT5 signal/order log supplied.
