strategy_id,hash,asset,direction,timeframe,period,final_equity,return,pf,expectancy_r,economic_expectancy,maxdd,minimum_equity,trades,peak_concurrent,peak_open_risk,intended_risk_sum,realized_pnl,overshoot_loss,skipped_entries,resized_entries,ruin,ruin_timestamp
SQX-ADA-M15-0014d401c268,0014d401c268e53271e2875c0d2e2f4ca5fc669f6817d7e1f2eb48f25caae564,ADA,LONG,M15,DEV,0.9381175516706287,-0.06188244832937129,0.793705698511078,-0.1453212953636631,-0.0015093280080334427,-0.12369886154710322,0.8855188285323802,41,1,0.01,0.3864813601500491,-0.061882448329371155,0.05248095547481926,0,0,False,
SQX-ADA-M15-091ca384c8da,091ca384c8da044f366d18205645ff7fb68f97fc1da446444305a92870942cdb,ADA,LONG,M15,DEV,0.9478841556180874,-0.052115844381912635,0.6782119219162882,-0.12739780009362942,-0.0012711181556564117,-0.09984640233835157,0.911130643752415,41,1,0.010056886832562442,0.38799359926806626,-0.05211584438191288,0.024585179903424903,0,0,False,
SQX-ADA-M15-2ca887d2332d,2ca887d2332d36f6b566dee82d48eb972e14706653ecd25663b5f7f9898a558b,ADA,LONG,M15,DEV,1.0637065469969404,0.06370654699694045,1.121313479384779,0.06513323794370032,0.0006125629518936576,-0.07632422043221167,0.9687503192429382,104,1,0.011199713663179369,1.0703527791405651,0.0637065469969404,0.05417330274876291,0,0,False,
SQX-ADA-M15-4a97d90f9040,4a97d90f904017698344f8e44d0188e2ac8d54065b71c4329edec88f2f436a72,ADA,LONG,M15,DEV,1.0347106436294717,0.03471064362947174,1.1109755096254124,0.09858114366072773,0.0008466010641334513,-0.10616229771518543,0.9032398570458652,41,1,0.010816611861828347,0.40483119652396954,0.0347106436294715,0.05354731103292554,0,0,False,
SQX-ADA-M15-71b876627aed,71b876627aedf2959aea32f86c1dee31937a2a1425ee463a9529a74511032f0e,ADA,LONG,M15,DEV,0.931348088960506,-0.06865191103949397,0.7247692670623457,-0.17062738057104648,-0.0017162977759873504,-0.11815200292489549,0.8910096446045268,40,1,0.01,0.37582889307818396,-0.06865191103949402,0.0372871105044167,0,0,False,
SQX-ADA-M15-8658b680b253,8658b680b2535eee2173c8bcae395b311843b1afb6ea8b9c6d492563bafdbb64,ADA,LONG,M15,DEV,1.0301536417620059,0.030153641762005856,1.141670392643742,0.05721971561348082,0.0005384578886072513,-0.0761636180329337,0.9338924780294174,56,1,0.0104405199103767,0.5447307039815961,0.030153641762006068,0.03082653442670342,0,0,False,
SQX-ADA-M15-8d1405167b75,8d1405167b75cf1b518eae1a38f5f62b1366a902a8114a60885cee61d3b6eda6,ADA,LONG,M15,DEV,0.9672388444970338,-0.03276115550296621,0.7934887424979259,-0.07796122062529334,-0.0007990525732430746,-0.09911456434037047,0.920839040549182,41,1,0.010112381066813558,0.3933913079994207,-0.03276115550296606,0.025257544802903965,0,0,False,
SQX-ADA-M15-ccdcd3cff7b4,ccdcd3cff7b49bd59ee308014fd227d358e1bd60e0773139c66458bfa78b91c3,ADA,LONG,M15,DEV,0.9642107851528265,-0.035789214847173456,0.8561696432859267,-0.08358776510780634,-0.0008947303711793406,-0.10716270166602135,0.9104791992308806,40,1,0.01005792861141221,0.386358222194121,-0.03578921484717362,0.03832321085274164,0,0,False,
SQX-ADA-M15-de9960d4ff3c,de9960d4ff3c0ee651e5ca3d19456861f479669e4530ddb442ba537dfc5bc53b,ADA,LONG,M15,DEV,0.9532885447194057,-0.04671145528059428,0.9497643209350924,-0.021492060582720532,-0.0002830997289732964,-0.2550407037995444,0.8163560444199939,165,1,0.010792285584873511,1.557378024145967,-0.04671145528059391,0.18808141517499136,0,0,False,
SQX-ADA-M15-e3098ff41a08,e3098ff41a080c146f6618678aff9b8449f5b703fec33cc2c0153c35cace79f1,ADA,LONG,M15,DEV,1.0347106436294717,0.03471064362947174,1.1109755096254124,0.09858114366072773,0.0008466010641334513,-0.10616229771518543,0.9032398570458652,41,1,0.010816611861828347,0.40483119652396954,0.0347106436294715,0.05354731103292554,0,0,False,
SQX-ADA-M15-7bc42dfc4f8e,7bc42dfc4f8e1f822644d9be8585e2c8ff90e04fc9b3c5666087246459f14e3e,ADA,SHORT,M15,DEV,0.9624814498305144,-0.037518550169485576,0.8823052880660983,-0.05763246004555859,-0.0006253091694914214,-0.12806052090343348,0.937418289707597,60,1,0.01045954380449436,0.589443399678917,-0.037518550169485285,0.08116795429475539,0,0,False,
SQX-AVAX-M15-5e3f50000ee3,5e3f50000ee352f7e6c9d0134217f8d202ea3923bfab6bc6420a0ca408426182,AVAX,LONG,M15,DEV,1.0221823127481673,0.022182312748167288,1.0569913964283244,0.03761669790569806,0.00031242694011504016,-0.09382407953887695,0.9188059088362228,71,1,0.01026838574845298,0.697755483685205,0.02218231274816785,0.014128548415024037,0,0,False,
SQX-AVAX-M15-412fb5d9c90b,412fb5d9c90b135ec30164597864f1e64dd1084ba7aa2642026f96ad5174283a,AVAX,SHORT,M15,DEV,1.011900833678301,0.011900833678301082,1.022139273949517,0.029539740379609505,0.0001652893566430702,-0.15125957823764413,0.954202702746174,72,1,0.011382892124694628,0.7485890211706058,0.011900833678301054,0.025338770219754565,0,0,False,
SQX-AVAX-M15-84d059566292,84d0595662928b026f35512f5968f86207fd828abb4eb3fa65cd1f3ed64645dc,AVAX,SHORT,M15,DEV,1.0347557414539466,0.034755741453946554,1.075620979031587,0.0686403194288311,0.0005605764750636524,-0.1286789656361918,0.9693211736595696,62,1,0.01116475264562779,0.6419096584147861,0.03475574145394645,0.02220859077233856,0,0,False,
SQX-BTC-M15-2b7c6a211bf4,2b7c6a211bf47a8bb740443d55ca9780823afa0614ba157671c9171a059ce62a,BTC,LONG,M15,DEV,0.9325432938710789,-0.06745670612892107,0.9737029739089825,-0.006840505693946526,-0.00014112281616929112,-0.6817794740546689,0.5488770432004226,478,1,0.01142261834517846,4.488069582939968,-0.06745670612892116,0.21976100346065955,0,0,False,
SQX-BTC-M15-30e5b9399c1c,30e5b9399c1caacdaa731b95e8a9482128d75b340228437ce289d39421f3f9a5,BTC,LONG,M15,DEV,0.8703442280448285,-0.12965577195517153,0.9042093897182101,-0.05647113579126051,-0.0006450535918167724,-0.5298124284468837,0.5483297747465136,201,1,0.011351593263249972,1.788760094813049,-0.12965577195517125,0.16779187566040832,0,0,False,
SQX-BTC-M15-360a61fab74c,360a61fab74ca310294eedbe73279bf811b8fa90998909144543e6825144a572,BTC,LONG,M15,DEV,0.8983030699794564,-0.10169693002054359,0.9268883708626865,-0.03089553136539626,-0.0003401235117743978,-0.2890439070844385,0.7847971442362375,299,1,0.01092065249440845,2.724533487128609,-0.10169693002054495,0.12507736099500538,0,0,False,
SQX-BTC-M15-42e85bf642ac,42e85bf642ac8377badb4e16f537392892697c8b7a1ec6ed6a0b41980776f0a7,BTC,LONG,M15,DEV,0.6466417967728435,-0.3533582032271565,0.9101894732633081,-0.04837621787036981,-0.0005461486912320813,-0.7262639751463182,0.4348830652354199,647,1,0.012495642025759769,4.522824232831381,-0.3533582032271566,0.6895303780071274,0,0,False,
SQX-BTC-M15-48ac8be38346,48ac8be38346918dc6b672550ec6b59f5e2412408c0fc9bb9d709ba5fe96ddfe,BTC,LONG,M15,DEV,0.939109258859119,-0.060890741140881,0.9771476362197509,-0.004916566361147088,-0.00013997871526639336,-1.2107425752933216,-0.24919035148248259,435,1,0.011698824395209688,4.04747243989001,-0.06089074114088111,0.22758956162788332,0,0,True,
SQX-BTC-M15-5d79ef502cb3,5d79ef502cb310f80793ad97f46bb1d333dc84eb3fde7c0bfde02c68ee76cb47,BTC,LONG,M15,DEV,0.7604235662255897,-0.2395764337744103,0.7877940005053576,-0.13384784669646801,-0.001247793925908385,-0.4993300841202941,0.5547486379283846,192,1,0.010783573236306033,1.6285798099811695,-0.2395764337744099,0.10259380839843807,0,0,False,
SQX-BTC-M15-6a213373b540,6a213373b540b5ec9daacea2c37329788106e118cb1955c3d521c769d36198fb,BTC,LONG,M15,DEV,1.1501369301967972,0.1501369301967972,1.3461329410547327,0.21085835146540668,0.0021448132885256662,-0.217394167295969,0.8166059437429187,70,1,0.011744760446225487,0.7237770077369695,0.15013693019679664,0.025513293190591767,0,0,False,
SQX-BTC-M15-de865b796058,de865b796058399285702ebd362934edc9c0bdbab3dd6b3fcecd0e6315a3d732,BTC,LONG,M15,DEV,0.828441720725196,-0.17155827927480405,0.9344932373454835,-0.03426757108517694,-0.00040461858319529407,-0.6817794740546689,0.4750741955621237,424,1,0.011569570547017512,3.7119065612695548,-0.1715582792748047,0.22884208301184264,0,0,False,
SQX-BTC-M15-0b8d9e483c0e,0b8d9e483c0ea4a518debdef64eacb94b609b0b27c5f963cf99f34177cad867a,BTC,SHORT,M15,DEV,1.1670827069178877,0.16708270691788774,1.2407051877907969,0.13680619167916272,0.0014040563606545257,-0.09389384924913725,0.9957802175888798,119,1,0.012026795205738301,1.3257924505612788,0.16708270691788854,0.08965242982358326,0,0,False,
SQX-BTC-M15-45437cccb9cc,45437cccb9cc7e3acd4397988929a33d6392d2780b25af296f7ecc991fa7606f,BTC,SHORT,M15,DEV,0.9561189548692896,-0.04388104513071045,0.9243032123194694,-0.039066578431856736,-0.00045709422011156424,-0.14256810031670214,0.8847567223182532,96,1,0.010195638302640902,0.9122872332928864,-0.043881045130710165,0.06271390597145571,0,0,False,
SQX-BTC-M15-45e64e54fe91,45e64e54fe91888b7671fce0892b38e9fe8926624f0babc79fa780f8fefebbf4,BTC,SHORT,M15,DEV,1.1096376920937123,0.10963769209371232,1.1266445497388382,0.10350232807948581,0.0009789079651224442,-0.25600105084202357,0.9919505083065989,112,1,0.013175764104448753,1.3242200875916472,0.10963769209371374,0.08619185910713599,0,0,False,
SQX-BTC-M15-57f32155c9d7,57f32155c9d798b9d7d31bb99657cca89b1df81637f966ff6a9d5960541785b4,BTC,SHORT,M15,DEV,0.8719018629104308,-0.1280981370895692,0.874809798767597,-0.0765032896191163,-0.0008056486609406853,-0.4847404707528061,0.5740831181560903,159,1,0.010135425029826728,1.4291622805351858,-0.12809813708956896,0.11526653527501725,0,0,False,
SQX-BTC-M15-5fafbc53ba0d,5fafbc53ba0d0b4773c9513fba82d8f921cde6d72ca7a7b09c1bcad3a351841f,BTC,SHORT,M15,DEV,1.3118398590202334,0.31183985902023337,1.3086246589247317,0.23592085430408505,0.0025352834066685675,-0.5893773914213646,0.48776378647950536,123,1,0.013215258853801549,1.454768003283741,0.3118398590202338,0.12587044943304973,0,0,False,
SQX-BTC-M15-86bba3866c32,86bba3866c322d8dfd8d08c2be5be0477bd3cbe90163c6348e5a34bc65173f9a,BTC,SHORT,M15,DEV,0.9528294484732709,-0.04717055152672911,0.9555123171606765,-0.018355026777738367,-0.0002444070027291658,-0.5980124063398188,0.8525867506820727,193,1,0.010271266976528234,1.8052845546007965,-0.047170551526729,0.04406837442979342,0,0,False,
SQX-BTC-M15-95d46bccaf48,95d46bccaf48aeeb1784477d9b71096f44009e7fec48a9d53425954b2066cdb0,BTC,SHORT,M15,DEV,1.1241202408887627,0.12412024088876272,1.1393074008366144,0.11172519300328387,0.0010700020766272634,-0.187921019529621,0.9920158401970055,116,1,0.012860050086526596,1.342712271201957,0.12412024088876256,0.10982181730968324,0,0,False,
SQX-BTC-M15-a4ba0f076580,a4ba0f0765801fc0c6fcb74d668316773579bc93ad648afcf69389153fb600cd,BTC,SHORT,M15,DEV,1.2299714315896997,0.22997143158969968,1.2278185120262664,0.19534394082688292,0.001999751579040872,-0.17551419213763506,0.9892673444087985,115,1,0.013718648289838231,1.4021266250940636,0.22997143158970026,0.12820047153546468,0,0,False,
SQX-BTC-M15-ab3d17d8f827,ab3d17d8f8270ebb3374e89870a1660975d143961edfcfab174816d128941a02,BTC,SHORT,M15,DEV,1.0984504873815577,0.0984504873815577,1.3502799587418841,0.19904247683329557,0.001969009747631161,-0.12732168182048534,0.9493859186840774,50,1,0.011100498791143233,0.5046630208314956,0.09845048738155804,0.019178099481551105,0,0,False,
SQX-BTC-M15-bd1bcabf40f2,bd1bcabf40f2b08afe30591827b5e874fff1db336e98ecbbdd89b33f70744ee5,BTC,SHORT,M15,DEV,1.3022319237482347,0.3022319237482347,1.2929795541506262,0.23222414522586504,0.0024773108503953604,-0.5893773914213646,0.48776378647950536,122,1,0.01333211653558411,1.4499196243324646,0.302231923748234,0.13009440446778406,0,0,False,
SQX-BTC-M15-c339ed1649d9,c339ed1649d9abbc5c71d96d8532e212a35f122065b8545aac70d28c275b308f,BTC,SHORT,M15,DEV,1.1115341233052756,0.11153412330527557,1.146836194548152,0.09286510823101095,0.0008994687363328742,-0.5791531130467995,0.4786324482604727,124,1,0.01180002778644405,1.3451013133463068,0.1115341233052764,0.06675880980042243,0,0,False,
SQX-BTC-M15-ca2488123127,ca2488123127d75d0421f9b30e39e6c33c56bc5e04a44f5e415601dd4bb07e5f,BTC,SHORT,M15,DEV,1.2841190170747063,0.2841190170747063,1.3248522629954615,0.21941758037066167,0.0023676584756225556,-0.574627283508894,0.5008754508974056,120,1,0.013199722266593333,1.4334317189129722,0.28411901707470666,0.07846420836311571,0,0,False,
SQX-BTC-M15-d14b39a14932,d14b39a1493201a6dfbbccd0a14d591aa1f4007efc014ab5ca076495620f8271,BTC,SHORT,M15,DEV,1.1804111012263663,0.18041110122636628,1.246915339615819,0.15887001280817054,0.0016401009202396827,-0.2153109479359648,0.9935604066452791,110,1,0.013433442264453737,1.3347638812581137,0.18041110122636508,0.05336488951798256,0,0,False,
SQX-BTC-M15-d8ab5be460e5,d8ab5be460e5015a295b4bdfe4b1509baeae3d76a94baa9902416140830bedc6,BTC,SHORT,M15,DEV,1.1333186112770104,0.1333186112770104,1.230628516697333,0.1033524968219226,0.0010497528447008628,-0.574627283508894,0.46235839887943686,127,1,0.01149960158363113,1.3290787179865073,0.13331861127700959,0.05258339899230796,0,0,False,
SQX-BTC-M15-e3fda452dcf1,e3fda452dcf1c2a21038d8ea809bfedc6b0a6665df555b16d0a6616178a61301,BTC,SHORT,M15,DEV,1.300464806114275,0.30046480611427495,1.3513021044651767,0.2277790791421372,0.0024831802158204537,-0.574627283508894,0.5008754508974056,121,1,0.01317389560849109,1.4468987858310196,0.3004648061142749,0.07552869315316872,0,0,False,
SQX-BTC-M15-e4d8832c5ca6,e4d8832c5ca62b5e82e7002278d607b17b799ac1f6ead817e19ab56758fde085,BTC,SHORT,M15,DEV,1.12586970033627,0.1258697003362701,1.2163036381590888,0.09820078247424562,0.000991100002647801,-0.574627283508894,0.46235839887943686,127,1,0.01142401868293744,1.3226428538979604,0.12586970033627073,0.05379932652949722,0,0,False,
SQX-BTC-M15-ea155703e23e,ea155703e23e8e86d869cd2394cae319cb7e37ae5d9e6ffd121f5cb90c9ec7d5,BTC,SHORT,M15,DEV,1.2464163670259771,0.24641636702597713,1.3283458602399545,0.21480747117833843,0.0022816330280183116,-0.15452239318054273,0.9959556805320278,108,1,0.012357695945023082,1.2385723767906467,0.24641636702597766,0.07623226423284354,0,0,False,
SQX-BTC-M15-f5a6c8777011,f5a6c8777011ca5815a15ec81f5ef769f5c95153f0394c3a39fd9bb37316cb88,BTC,SHORT,M15,DEV,1.1922778534911087,0.1922778534911087,1.239792259596829,0.1642536020233584,0.001671981334705296,-0.13721625494848289,0.9430374482903936,115,1,0.01182787745514366,1.2245756766304061,0.19227785349110904,0.1260605208264673,0,0,False,
SQX-ETH-M15-34f732a77c41,34f732a77c41148eb1495e5ec07154be7f55c7b044025aef2502c9041f85a5cb,ETH,SHORT,M15,DEV,1.0908444929201062,0.09084449292010621,1.3233106836117714,0.1440891746081221,0.0014419760780969317,-0.10600298544346241,0.962255651914266,63,1,0.011142682800292923,0.6633549054142178,0.0908444929201067,0.03042593798232869,0,0,False,
SQX-ETH-M15-4a5464ff1c28,4a5464ff1c285791803c00be6db768e25157704ce9c5b7af0b8aaff437ac0051,ETH,SHORT,M15,DEV,1.1778483052551572,0.17784830525515716,1.3639536314145007,0.27587792233256314,0.002822988972304081,-0.22741894608593427,0.9807703603187465,63,1,0.012146622903367703,0.6955071321796621,0.1778483052551571,0.0846681258312546,0,0,False,
SQX-ETH-M15-524fec11b384,524fec11b3842f60626bd31d2d0a2ce4857e19bc47476014746bebe0e102294a,ETH,SHORT,M15,DEV,0.9360558720549187,-0.06394412794508131,0.9109080132283642,-0.049237903824194705,-0.0005512424822851829,-0.20747276841077503,0.8807322743295559,116,1,0.010714697391677328,1.1408809396266137,-0.06394412794508121,0.0654075493033936,0,0,False,
SQX-ETH-M15-7c0f8cba624c,7c0f8cba624cc8cb372f574416031b2cdaf97da77d1d34f8673de16abf3e8839,ETH,SHORT,M15,DEV,1.0560848836351189,0.056084883635118876,1.2206613064034073,0.09406644199256248,0.0009194243218871874,-0.15606820527364265,0.8942825207004977,61,1,0.010673621777078713,0.5995604147645109,0.05608488363511843,0.016029916557842108,0,0,False,
SQX-ETH-M15-a00ab27b542c,a00ab27b542c3bccf15a9047bf7764acfc4d943562e9cc3a14801fb74ed82b05,ETH,SHORT,M15,DEV,1.1864991594847294,0.1864991594847294,1.3706962143815529,0.28796045892193306,0.0029603041188052234,-0.22741894608593427,0.9807703603187465,63,1,0.012235835294852915,0.7018439940273928,0.1864991594847291,0.08696080486249164,0,0,False,
SQX-ETH-M15-a8332571f440,a8332571f440a1bb97273fb019b964c6a879ab72a884e285a721ab1e651361f9,ETH,SHORT,M15,DEV,1.0941383012349126,0.09413830123491262,1.3174857234010553,0.17461777177740123,0.001743301874720604,-0.07891756220653515,0.998051288494247,54,1,0.011167385378993262,0.5692906426440442,0.09413830123491261,0.018837899589948026,0,0,False,
SQX-ETH-M15-bce1b0f5e442,bce1b0f5e4428ab8d47d92a3ce85a005820997d0b27c160c0f17736f005e50bc,ETH,SHORT,M15,DEV,1.2209065740191498,0.22090657401914982,1.5289846812633576,0.32082479054293317,0.0033985626772176855,-0.232065955701774,0.9646879357465844,65,1,0.0123382263097622,0.7157797885398052,0.22090657401914957,0.06478062348408287,0,0,False,
SQX-ETH-M15-c4f8a4d9b4f3,c4f8a4d9b4f32b59e3492cb13babe74a6147bce0a773743ae277709e3a040be4,ETH,SHORT,M15,DEV,1.0999083529107638,0.09990835291076383,1.2662123116565034,0.16455147444940346,0.0016378418509961337,-0.10600298544346236,0.9892239183127566,61,1,0.01180668951144754,0.6702446473514606,0.09990835291076415,0.045092540954682424,0,0,False,
SQX-ETH-M15-d4337607e16c,d4337607e16c6990e4da50e0756bff8e8b0524c5af9a0dbb985ca2fd4c6d87e3,ETH,SHORT,M15,DEV,1.1140291284488348,0.11402912844883484,1.6223034045412073,0.2036004180837151,0.0021116505268302804,-0.0555101875171377,0.9997439873039371,54,1,0.011395894038374882,0.5767670101233133,0.11402912844883514,0.009862508253940722,0,0,False,
SQX-ETH-M15-d56a49503fc6,d56a49503fc66f1d3c486674194e098e715d421360881016a5785c80462d9365,ETH,SHORT,M15,DEV,1.0108320663969408,0.010832066396940787,1.0084000784509521,0.031142968764492893,7.792853522978964e-05,-0.6118549482813167,0.6171415231886666,139,1,0.011800175182470576,1.3829009578268872,0.01083206639694076,0.2603562169504903,0,0,False,
SQX-TRX-M15-101a1e015323,101a1e015323889cb93700b07b1c9907415d73ef8d17ad85298f39b3bfeb9690,TRX,SHORT,M15,DEV,0.9721137253909423,-0.027886274609057682,0.9115302820478445,-0.04137674819935019,-0.0004647712434842955,-0.10290565117285681,0.9081435492557498,60,1,0.01,0.5682591631630136,-0.02788627460905773,0.03788771124739266,0,0,False,
SQX-TRX-M15-4cf9395304d5,4cf9395304d554e1c7337d0214d673c41ac58ef46e0ffec6f61d221447906101,TRX,SHORT,M15,DEV,0.8845180210117324,-0.11548197898826762,0.8035725634764859,-0.10001242829927758,-0.000995534301622995,-0.2378981794123202,0.7714883647941931,116,1,0.01,1.0037183636692084,-0.11548197898826741,0.0763513327626907,0,0,False,
SQX-TRX-M15-56eb71760634,56eb71760634db058e632e51b4d6288f84235f84711f4986142ed584f2e09a35,TRX,SHORT,M15,DEV,0.755175267542387,-0.24482473245761305,0.7999822933526369,-0.1499536027466002,-0.0015112637806025475,-0.6001213952711875,0.4030512760582736,162,1,0.01,1.1492722759349847,-0.2448247324576127,0.35607074019605817,0,0,False,
SQX-TRX-M15-5ce5bfe62a4d,5ce5bfe62a4d2dc0400abad233f56e660ab779fc950ac850a18e81932cead2c6,TRX,SHORT,M15,DEV,0.9551716611543456,-0.0448283388456544,0.9231056025597214,-0.040373689343041405,-0.00047187725100688194,-0.4821340968821412,0.7791770992018098,95,1,0.010198977457473706,0.9124969229375184,-0.044828338845653785,0.08376281886233375,0,0,False,
SQX-TRX-M15-96a24cab8cea,96a24cab8cea23267e16e5543c36bab24cc3475b3b5218c8bdedfc74602ab566,TRX,SHORT,M15,DEV,0.9679290533022631,-0.03207094669773691,0.9527220799781232,-0.022249357831660016,-0.00032070946697737026,-0.15500171546963784,0.8722318899005264,100,1,0.010187325804416404,0.9433106833432632,-0.032070946697737024,0.15495016038439757,0,0,False,
SQX-TRX-M15-96a53eed5b7b,96a53eed5b7b544c90b7a7cb3dfc37e771a34ff8a77842af9cad968e8196c613,TRX,SHORT,M15,DEV,1.0488486075263992,0.04884860752639919,1.0971467653492122,0.05587406495497892,0.00049845517884081,-0.42464369465839547,0.8307917465193213,98,1,0.010330608041341784,0.9278521414256646,0.04884860752639938,0.07165013962658474,0,0,False,
SQX-TRX-M15-a1c8b87d4110,a1c8b87d4110a0f42d7f2bfefacd19c3ed95e89a544aed1051ebe3be297d8d69,TRX,SHORT,M15,DEV,1.0055304151628452,0.005530415162845248,1.0090221960267423,0.009792989553056875,3.978715944492844e-05,-0.2076566136878562,0.8142915193222814,139,1,0.010164755362755896,1.2608180247029792,0.005530415162845054,0.07351200190621636,0,0,False,
SQX-TRX-M15-c7202bad5624,c7202bad562485422ad309ae9301cc6a4f864727fe84d0ac21c62a4a5b3cde7f,TRX,SHORT,M15,DEV,0.9963211145527907,-0.0036788854472092902,0.9906452601267128,0.004051623414254269,-6.2353990630657e-05,-0.11558092754773577,0.8954804383194548,59,1,0.010072893636365163,0.5646432682394561,-0.003678885447208763,0.05981370301811155,0,0,False,
SQX-TRX-M15-dbbb0c4352ab,dbbb0c4352ab27c9df0b131752556b2ef64990c91c52c0b392230dd41c2c12db,TRX,SHORT,M15,DEV,0.984024687094521,-0.015975312905479044,0.9586811146262807,-0.012718396910631839,-0.0001613667970250374,-0.14426017197303095,0.9176095020605521,99,1,0.010072650512195122,0.9505666884252142,-0.015975312905478704,0.04789976217766348,0,0,False,
SQX-TRX-M15-ecc93f7d5e14,ecc93f7d5e14a7872016f28f212676bf53617f65e8678b6f37ad8ebb3f225d9a,TRX,SHORT,M15,DEV,0.9455753254521179,-0.054424674547882135,0.9165958058476853,-0.03663985343582365,-0.0004123081405142622,-0.22349203397241804,0.7952227410875212,132,1,0.010112395482649843,1.1856160045934794,-0.05442467454788261,0.08453578965228264,0,0,False,
SQX-TRX-M15-f028f38ae981,f028f38ae981d127dc8b97b358df252e7e0ca406044058d9008dd8c97fd41a08,TRX,SHORT,M15,DEV,0.981418107073119,-0.01858189292688095,0.9480159654858091,-0.023877345336394285,-0.00031494733774374795,-0.09793503391514122,0.9131753878848922,59,1,0.01,0.5646558692152451,-0.01858189292688113,0.04444334075786156,0,0,False,
SQX-TRX-M15-f3fbbdf108a0,f3fbbdf108a01a06b402988d9bfdb441e4f013cb1d935d39859c3eb34e2984f8,TRX,SHORT,M15,DEV,0.9968427947377108,-0.003157205262289242,0.9914136325177774,0.0016975047405846679,-4.7122466601332286e-05,-0.12600429446242248,0.9561907084327004,67,1,0.01077853412199419,0.6737232844119122,-0.003157205262289263,0.040172924124854036,0,0,False,
SQX-TRX-M15-f682b0eed0ee,f682b0eed0eeb89ff947554a5aead9993282f8366d1285a255cc3330c04e9384,TRX,SHORT,M15,DEV,1.0429441170861173,0.04294411708611734,1.0787221386639765,0.05281636048259102,0.000456852309426782,-0.4246436946583954,0.838356793009756,94,1,0.010271028087249872,0.9092877557409204,0.042944117086117506,0.07665503430898855,0,0,False,
