status,risk_target,horizon_days,count,median_final_return,median_maximum_achieved_return,median_distance_to_target,median_max_daily_loss,median_max_total_drawdown
TIMEOUT,0.0025,30,6000,4.186011892670649e-08,4.595967195708539e-08,0.09999995404032805,1.4738423225080813e-08,0.0
TIMEOUT,0.005,30,6000,8.372023796443528e-08,9.191934358110387e-08,0.09999990808065642,2.9476846450161626e-08,0.0
TIMEOUT,0.0075,30,6000,1.2558035700216408e-07,1.3787901576023387e-07,0.09999986212098425,4.421526967524245e-08,0.0
TIMEOUT,0.01,30,6000,1.6744047615091517e-07,1.8383868738425235e-07,0.09999981616131262,5.895369290032325e-08,0.0
TIMEOUT,0.0125,30,6000,2.0930059507762167e-07,2.2979835934133774e-07,0.09999977020164066,7.369211612540407e-08,0.0
TIMEOUT,0.015,30,6000,2.5116071444841737e-07,2.7575803129842313e-07,0.09999972424196871,8.84305393504849e-08,0.0
TIMEOUT,0.02,30,6000,3.3488095241285265e-07,3.676773752125939e-07,0.09999963232262479,1.179073858006465e-07,0.0
TIMEOUT,0.025,30,6000,4.1860119026626563e-07,4.595967187936978e-07,0.09999954040328121,1.4738423225080814e-07,0.0
TIMEOUT,0.03,30,6000,5.023214286747901e-07,5.515160625968463e-07,0.09999944848393741,1.768610787009698e-07,0.0
TIMEOUT,0.0025,60,6000,4.831926081472204e-08,5.3550629264265126e-08,0.09999994644937074,1.511428570357919e-08,0.0
TIMEOUT,0.005,60,6000,9.663852140739948e-08,1.0710125886159716e-07,0.09999989289874114,3.022857140715838e-08,0.0
TIMEOUT,0.0075,60,6000,1.4495778244416613e-07,1.6065188801483998e-07,0.09999983934811199,4.5342857110737575e-08,0.0
TIMEOUT,0.01,60,6000,1.9327704281479896e-07,2.1420251783421662e-07,0.09999978579748217,6.045714281431676e-08,0.0
TIMEOUT,0.0125,60,6000,2.415963037405433e-07,2.6775314709848175e-07,0.09999973224685291,7.557142851789595e-08,0.0
TIMEOUT,0.015,60,6000,2.8991556433322074e-07,3.213037768068361e-07,0.0999996786962232,9.068571422147515e-08,0.0
TIMEOUT,0.02,60,6000,3.8655408618470943e-07,4.2840503533536634e-07,0.09999957159496467,1.2091428562863352e-07,0.0
TIMEOUT,0.025,60,6000,4.831926075921089e-07,5.355062944190081e-07,0.09999946449370559,1.511428570357919e-07,0.0
TIMEOUT,0.03,60,6000,5.798311291105307e-07,6.426075532806053e-07,0.09999935739244672,1.813714284429503e-07,0.0
TIMEOUT,0.0025,90,6000,8.615432456338112e-08,8.8897023520218e-08,0.09999991110297649,1.5496651785714182e-08,0.0
TIMEOUT,0.005,90,6000,1.7230864890471764e-07,1.7779404770656981e-07,0.0999998222059523,3.0993303571428364e-08,0.0
TIMEOUT,0.0075,90,6000,2.584629738011657e-07,2.666910711157655e-07,0.09999973330892889,4.6489955357142545e-08,0.0
TIMEOUT,0.01,90,6000,3.446172984755691e-07,3.555880950800727e-07,0.09999964441190493,6.198660714285673e-08,0.0
TIMEOUT,0.0125,90,6000,4.307716229279279e-07,4.4448511904437993e-07,0.09999955551488096,7.748325892857092e-08,0.0
TIMEOUT,0.015,90,6000,5.169259472692644e-07,5.333821431197094e-07,0.09999946661785689,9.297991071428509e-08,0.0
TIMEOUT,0.02,90,6000,6.892345968401159e-07,7.111761904932123e-07,0.09999928882380951,1.2397321428571345e-07,0.0
TIMEOUT,0.025,90,6000,8.615432457448335e-07,8.889702381997822e-07,0.0999991110297618,1.5496651785714184e-07,0.0
TIMEOUT,0.03,90,6000,1.033851894982618e-06,1.0667642856843074e-06,0.09999893323571432,1.8595982142857018e-07,0.0
TIMEOUT,0.0025,180,6000,8.121040140363078e-08,1.0231845193331424e-07,0.09999989768154807,1.758588939428924e-08,0.0
TIMEOUT,0.005,180,6000,1.6242080291828387e-07,2.046369046437846e-07,0.09999979536309536,3.517177878857848e-08,0.0
TIMEOUT,0.0075,180,6000,2.4363120376680314e-07,3.0695535702118804e-07,0.09999969304464298,5.275766818286772e-08,0.0
TIMEOUT,0.01,180,6000,3.248416051704339e-07,4.092738093985915e-07,0.09999959072619061,7.034355757715697e-08,0.0
TIMEOUT,0.0125,180,6000,4.06052006685087e-07,5.115922623311064e-07,0.09999948840773767,8.79294469714462e-08,0.0
TIMEOUT,0.015,180,6000,4.872624084217847e-07,6.139107142644207e-07,0.09999938608928574,1.0551533636573544e-07,0.0
TIMEOUT,0.02,180,6000,6.496832103408678e-07,8.185476190192276e-07,0.09999918145238099,1.4068711515431393e-07,0.0
TIMEOUT,0.025,180,6000,8.121040128150625e-07,1.0231845242181237e-06,0.09999897681547579,1.758588939428924e-07,0.0
TIMEOUT,0.03,180,6000,9.74524815622324e-07,1.2278214286398637e-06,0.09999877217857137,2.1103067273147087e-07,0.0
DATA_END,0.0025,FULL,6000,6.604132446463851e-07,7.189907251792249e-07,0.09999928100927483,2.7514285714286346e-08,0.0
DATA_END,0.005,FULL,6000,1.320826487072324e-06,1.4379814532450297e-06,0.09999856201854676,5.502857142857269e-08,0.0
DATA_END,0.0075,FULL,6000,1.9812397318297315e-06,2.156972178646299e-06,0.09999784302782136,8.254285714285903e-08,0.0
DATA_END,0.01,FULL,6000,2.641652974810782e-06,2.875962907045171e-06,0.09999712403709296,1.1005714285714539e-07,0.0
DATA_END,0.0125,FULL,6000,3.302066220123301e-06,3.594953633334619e-06,0.09999640504636667,1.3757142857143175e-07,0.0
DATA_END,0.015,FULL,6000,3.962479463659463e-06,4.3139443591799775e-06,0.09999568605564083,1.6508571428571805e-07,0.0
DATA_END,0.02,FULL,6000,5.2833059538404115e-06,5.751925811980918e-06,0.09999424807418802,2.2011428571429077e-07,0.0
DATA_END,0.025,FULL,6000,6.604132440357624e-06,7.189907265003903e-06,0.099992810092735,2.751428571428635e-07,0.0
DATA_END,0.03,FULL,6000,7.924958929095283e-06,8.627888718026888e-06,0.09999137211128198,3.301714285714361e-07,0.0
