method,risk_target,tested,PASS,FAIL_DAILY,FAIL_TOTAL,TIMEOUT,DATA_END
GENETIC,0.0025,2000,0,0,0,0,2000
GENETIC,0.005,2000,0,0,0,0,2000
GENETIC,0.0075,2000,0,0,0,0,2000
GENETIC,0.01,2000,0,0,0,0,2000
GENETIC,0.0125,2000,0,0,0,0,2000
GENETIC,0.015,2000,0,0,0,0,2000
GENETIC,0.02,2000,0,0,0,0,2000
GENETIC,0.025,2000,0,0,0,0,2000
GENETIC,0.03,2000,0,0,0,0,2000
GREEDY_DIVERSITY,0.0025,2000,0,0,0,0,2000
GREEDY_DIVERSITY,0.005,2000,0,0,0,0,2000
GREEDY_DIVERSITY,0.0075,2000,0,0,0,0,2000
GREEDY_DIVERSITY,0.01,2000,0,0,0,0,2000
GREEDY_DIVERSITY,0.0125,2000,0,0,0,0,2000
GREEDY_DIVERSITY,0.015,2000,0,0,0,0,2000
GREEDY_DIVERSITY,0.02,2000,0,0,0,0,2000
GREEDY_DIVERSITY,0.025,2000,0,0,0,0,2000
GREEDY_DIVERSITY,0.03,2000,0,0,0,0,2000
RANDOM,0.0025,2000,0,0,0,0,2000
RANDOM,0.005,2000,0,0,0,0,2000
RANDOM,0.0075,2000,0,0,0,0,2000
RANDOM,0.01,2000,0,0,0,0,2000
RANDOM,0.0125,2000,0,0,0,0,2000
RANDOM,0.015,2000,0,0,0,0,2000
RANDOM,0.02,2000,0,0,0,0,2000
RANDOM,0.025,2000,0,0,0,0,2000
RANDOM,0.03,2000,0,0,0,0,2000
