weighting,risk_target,tested,PASS,FAIL_DAILY,FAIL_TOTAL,TIMEOUT,DATA_END
EQUAL_RISK,0.0025,3000,0,0,0,0,3000
EQUAL_RISK,0.005,3000,0,0,0,0,3000
EQUAL_RISK,0.0075,3000,0,0,0,0,3000
EQUAL_RISK,0.01,3000,0,0,0,0,3000
EQUAL_RISK,0.0125,3000,0,0,0,0,3000
EQUAL_RISK,0.015,3000,0,0,0,0,3000
EQUAL_RISK,0.02,3000,0,0,0,0,3000
EQUAL_RISK,0.025,3000,0,0,0,0,3000
EQUAL_RISK,0.03,3000,0,0,0,0,3000
EQUAL_WEIGHT,0.0025,3000,0,0,0,0,3000
EQUAL_WEIGHT,0.005,3000,0,0,0,0,3000
EQUAL_WEIGHT,0.0075,3000,0,0,0,0,3000
EQUAL_WEIGHT,0.01,3000,0,0,0,0,3000
EQUAL_WEIGHT,0.0125,3000,0,0,0,0,3000
EQUAL_WEIGHT,0.015,3000,0,0,0,0,3000
EQUAL_WEIGHT,0.02,3000,0,0,0,0,3000
EQUAL_WEIGHT,0.025,3000,0,0,0,0,3000
EQUAL_WEIGHT,0.03,3000,0,0,0,0,3000
