method,seed,portfolio_size,weighting_mode,risk_fraction,max_open_risk,strategy_ids,weights,portfolio_hash,p_challenge,p_verification,p_complete_2step,p_daily_fail,p_maxloss_fail,p_censored,median_days_to_pass,accepted_trades,risk_utilization,score
RANDOM,1301,50,EQUAL_RISK,0.0075,0.04,"[""SQX-EURUSD-H1-060cc78d9d4e"", ""SQX-EURUSD-H1-ad25c6886105"", ""SQX-EURUSD-H1-ad391518f47f"", ""SQX-EURUSD-H4-0973871f0dd4"", ""SQX-EURUSD-H4-453798d8b950"", ""SQX-EURUSD-H4-7d06b3b0f370"", ""SQX-GBPUSD-H4-12a6cdedd2a2"", ""SQX-GBPUSD-H4-6d4c2eec55cf"", ""SQX-GBPUSD-H4-751484042dbb"", ""SQX-GBPUSD-H4-95a658e26388"", ""SQX-GBPUSD-M15-2b3192a76eb8"", ""SQX-USDCAD-H1-639d1d12e7e5"", ""SQX-USDCAD-H4-11db6fcbbc48"", ""SQX-USDCHF-H4-456cc13ddd97"", ""SQX-USDCHF-H4-aa4ae22f2e8d"", ""SQX-USDCHF-H4-ab6f002d0dc8"", ""SQX-USDJPY-H1-2c4db23a5869"", ""SQX-USDJPY-H1-7430892da9e4"", ""SQX-USDJPY-H1-9c06524231b7"", ""SQX-USDJPY-H1-ab1d9736143c"", ""SQX-USDJPY-H4-4984f14eff1b"", ""SQX-USDJPY-H4-565bd7c92b54"", ""SQX-USDJPY-H4-615d2615e8cc"", ""SQX-USDJPY-H4-78201cb62e20"", ""SQX-USDJPY-H4-97a7766973a9"", ""SQX-USDJPY-H4-9f69994ec9a3"", ""SQX-XAUUSD-H1-6314a11e1bb1"", ""SQX-XAUUSD-H1-6aac205338b1"", ""SQX-XAUUSD-H1-910f78ef9467"", ""SQX-XAUUSD-H1-9d16b5b0d1da"", ""SQX-XAUUSD-H1-9f523ec4e686"", ""SQX-XAUUSD-H4-090d30886eae"", ""SQX-XAUUSD-H4-0f6201e33a2f"", ""SQX-XAUUSD-H4-15d4c1cf9f2b"", ""SQX-XAUUSD-H4-1d1916c9ab87"", ""SQX-XAUUSD-H4-21c3bc5c3b1b"", ""SQX-XAUUSD-H4-2791610f1fc1"", ""SQX-XAUUSD-H4-3e4642bbd0ee"", ""SQX-XAUUSD-H4-498fbf836db7"", ""SQX-XAUUSD-H4-4f21b65169ef"", ""SQX-XAUUSD-H4-5f08b0326701"", ""SQX-XAUUSD-H4-5fa9fb642035"", ""SQX-XAUUSD-H4-83ded911df07"", ""SQX-XAUUSD-H4-856090198046"", ""SQX-XAUUSD-H4-956af049884a"", ""SQX-XAUUSD-H4-9841e45e81b4"", ""SQX-XAUUSD-H4-a02829e740f3"", ""SQX-XAUUSD-H4-a7a94a9bd738"", ""SQX-XAUUSD-H4-afe0f6d3bd20"", ""SQX-XAUUSD-H4-b0f3047ed8d9""]","{""SQX-EURUSD-H1-060cc78d9d4e"": 0.13526952563501451, ""SQX-EURUSD-H1-ad25c6886105"": 0.05257419063774697, ""SQX-EURUSD-H1-ad391518f47f"": 0.15, ""SQX-EURUSD-H4-0973871f0dd4"": 0.05451502337160884, ""SQX-EURUSD-H4-453798d8b950"": 0.05480086663954822, ""SQX-EURUSD-H4-7d06b3b0f370"": 0.057821138718210235, ""SQX-GBPUSD-H4-12a6cdedd2a2"": 0.0470772053753491, ""SQX-GBPUSD-H4-6d4c2eec55cf"": 0.031070058179513083, ""SQX-GBPUSD-H4-751484042dbb"": 0.024232251342135677, ""SQX-GBPUSD-H4-95a658e26388"": 0.031070058179513083, ""SQX-GBPUSD-M15-2b3192a76eb8"": 0.12608269471262148, ""SQX-USDCAD-H1-639d1d12e7e5"": 0.09671009727179306, ""SQX-USDCAD-H4-11db6fcbbc48"": 0.037625221212682865, ""SQX-USDCHF-H4-456cc13ddd97"": 0.026092639445519115, ""SQX-USDCHF-H4-aa4ae22f2e8d"": 0.03289164267201822, ""SQX-USDCHF-H4-ab6f002d0dc8"": 0.03420086937637218, ""SQX-USDJPY-H1-2c4db23a5869"": 0.0005131662435631464, ""SQX-USDJPY-H1-7430892da9e4"": 0.0016553926532223348, ""SQX-USDJPY-H1-9c06524231b7"": 0.0004457934514579075, ""SQX-USDJPY-H1-ab1d9736143c"": 0.0004623337828880198, ""SQX-USDJPY-H4-4984f14eff1b"": 0.0001557681447711233, ""SQX-USDJPY-H4-565bd7c92b54"": 0.00015268944884500973, ""SQX-USDJPY-H4-615d2615e8cc"": 0.0037375006713213687, ""SQX-USDJPY-H4-78201cb62e20"": 0.0001877437727947802, ""SQX-USDJPY-H4-97a7766973a9"": 0.00014205038263589702, ""SQX-USDJPY-H4-9f69994ec9a3"": 0.00015586273579966978, ""SQX-XAUUSD-H1-6314a11e1bb1"": 1.740098600639877e-05, ""SQX-XAUUSD-H1-6aac205338b1"": 1.6409776093759027e-05, ""SQX-XAUUSD-H1-910f78ef9467"": 1.709173345652748e-05, ""SQX-XAUUSD-H1-9d16b5b0d1da"": 2.618968806824798e-05, ""SQX-XAUUSD-H1-9f523ec4e686"": 1.916019678092887e-05, ""SQX-XAUUSD-H4-090d30886eae"": 0.00012254521428027386, ""SQX-XAUUSD-H4-0f6201e33a2f"": 7.830252109259871e-06, ""SQX-XAUUSD-H4-15d4c1cf9f2b"": 7.769521796658329e-06, ""SQX-XAUUSD-H4-1d1916c9ab87"": 4.713381927918564e-06, ""SQX-XAUUSD-H4-21c3bc5c3b1b"": 1.2271642406948009e-05, ""SQX-XAUUSD-H4-2791610f1fc1"": 5.605891560050224e-06, ""SQX-XAUUSD-H4-3e4642bbd0ee"": 9.501267508031693e-06, ""SQX-XAUUSD-H4-498fbf836db7"": 7.919626732279863e-06, ""SQX-XAUUSD-H4-4f21b65169ef"": 8.407879033124569e-06, ""SQX-XAUUSD-H4-5f08b0326701"": 4.2271409119245615e-06, ""SQX-XAUUSD-H4-5fa9fb642035"": 6.545033441365017e-06, ""SQX-XAUUSD-H4-83ded911df07"": 7.011796045046401e-06, ""SQX-XAUUSD-H4-856090198046"": 1.0178300885562225e-05, ""SQX-XAUUSD-H4-956af049884a"": 5.5877928498036715e-06, ""SQX-XAUUSD-H4-9841e45e81b4"": 6.1618306944399885e-06, ""SQX-XAUUSD-H4-a02829e740f3"": 9.086792899139315e-06, ""SQX-XAUUSD-H4-a7a94a9bd738"": 9.702333336294581e-06, ""SQX-XAUUSD-H4-afe0f6d3bd20"": 7.760411644303587e-06, ""SQX-XAUUSD-H4-b0f3047ed8d9"": 9.137452585777461e-06}",9090ea687db06c43bda0f138afe37bde8dff4e760a2782f7a58fd618c785aa72,0.0,0.0,0.0,0.0,0.0,1.0,,250,0.0062499999999999995,"(0.0, -0.0, -1000000000.0, -0.0)"
RANDOM,1301,30,EQUAL_RISK,0.0025,0.02,"[""SQX-EURUSD-H1-70a04b20fdb0"", ""SQX-EURUSD-H4-1a2458d88578"", ""SQX-EURUSD-H4-5e4f06b04826"", ""SQX-EURUSD-H4-8fe7016635b7"", ""SQX-EURUSD-H4-9b8cc2354f44"", ""SQX-GBPUSD-H4-7bad8224d5d4"", ""SQX-GBPUSD-M15-85eb65bb1572"", ""SQX-NZDUSD-H4-a5e13e70ac3b"", ""SQX-USDCAD-H4-049638c38b59"", ""SQX-USDCHF-H4-99bea5bebd48"", ""SQX-USDJPY-H1-2528f1dcb192"", ""SQX-USDJPY-H1-712f7ba1ff94"", ""SQX-USDJPY-H4-2b6cc825a51e"", ""SQX-USDJPY-H4-4362d6f1a8ab"", ""SQX-USDJPY-H4-5691a94986ea"", ""SQX-USDJPY-H4-9f678d1daf9c"", ""SQX-USDJPY-H4-b678f849c9e5"", ""SQX-XAUUSD-H1-0d8542bfee67"", ""SQX-XAUUSD-H1-55b9e1f05ede"", ""SQX-XAUUSD-H1-58901af52519"", ""SQX-XAUUSD-H4-043052c4790a"", ""SQX-XAUUSD-H4-1825cc043378"", ""SQX-XAUUSD-H4-19178536712a"", ""SQX-XAUUSD-H4-1d74d9fa3a78"", ""SQX-XAUUSD-H4-1e730b385b14"", ""SQX-XAUUSD-H4-2da70074b580"", ""SQX-XAUUSD-H4-42079a3ae2b4"", ""SQX-XAUUSD-H4-785c2115a41b"", ""SQX-XAUUSD-H4-7b977c0059dc"", ""SQX-XAUUSD-H4-8e9e506baa6d""]","{""SQX-EURUSD-H1-70a04b20fdb0"": 0.1, ""SQX-EURUSD-H4-1a2458d88578"": 0.1, ""SQX-EURUSD-H4-5e4f06b04826"": 0.1, ""SQX-EURUSD-H4-8fe7016635b7"": 0.1, ""SQX-EURUSD-H4-9b8cc2354f44"": 0.1, ""SQX-GBPUSD-H4-7bad8224d5d4"": 0.1, ""SQX-GBPUSD-M15-85eb65bb1572"": 0.1, ""SQX-NZDUSD-H4-a5e13e70ac3b"": 0.09861004093129123, ""SQX-USDCAD-H4-049638c38b59"": 0.1, ""SQX-USDCHF-H4-99bea5bebd48"": 0.09502829693823653, ""SQX-USDJPY-H1-2528f1dcb192"": 0.0014304227390639632, ""SQX-USDJPY-H1-712f7ba1ff94"": 0.0010062340118999267, ""SQX-USDJPY-H4-2b6cc825a51e"": 0.0003949731333487686, ""SQX-USDJPY-H4-4362d6f1a8ab"": 0.0005318388854761408, ""SQX-USDJPY-H4-5691a94986ea"": 0.000907560119235255, ""SQX-USDJPY-H4-9f678d1daf9c"": 0.0006524763238495291, ""SQX-USDJPY-H4-b678f849c9e5"": 0.000696981858545136, ""SQX-XAUUSD-H1-0d8542bfee67"": 4.5767814455039846e-05, ""SQX-XAUUSD-H1-55b9e1f05ede"": 8.12325216434247e-05, ""SQX-XAUUSD-H1-58901af52519"": 5.729806024652083e-05, ""SQX-XAUUSD-H4-043052c4790a"": 1.698484824963963e-05, ""SQX-XAUUSD-H4-1825cc043378"": 2.3920114185073202e-05, ""SQX-XAUUSD-H4-19178536712a"": 1.9187371463483113e-05, ""SQX-XAUUSD-H4-1d74d9fa3a78"": 2.155548469880412e-05, ""SQX-XAUUSD-H4-1e730b385b14"": 1.3291151013483357e-05, ""SQX-XAUUSD-H4-2da70074b580"": 2.0317047914318657e-05, ""SQX-XAUUSD-H4-42079a3ae2b4"": 0.00027298945655125775, ""SQX-XAUUSD-H4-785c2115a41b"": 3.210239454286614e-05, ""SQX-XAUUSD-H4-7b977c0059dc"": 0.00010451891058561062, ""SQX-XAUUSD-H4-8e9e506baa6d"": 3.2009883503950275e-05}",467070d08fc2d6b2aca99898091bcd3dcc5fe403dcc4ea91886bf3428302c9d5,0.0,0.0,0.0,0.0,0.0,1.0,,150,0.0020833333333333333,"(0.0, -0.0, -1000000000.0, -0.0)"
RANDOM,1301,15,EQUAL_RISK,0.0125,0.03,"[""SQX-EURUSD-H1-5bd2bebcff74"", ""SQX-EURUSD-H4-0e7f4cbe9339"", ""SQX-USDCHF-H4-03132bfc2788"", ""SQX-USDJPY-H1-1c4fb2e7dc68"", ""SQX-USDJPY-H1-3dcd06b9b0b7"", ""SQX-USDJPY-H4-46166f5987f6"", ""SQX-USDJPY-H4-7f6bebea5fee"", ""SQX-USDJPY-H4-9ca9c6e438b9"", ""SQX-XAUUSD-H1-6d08868705b0"", ""SQX-XAUUSD-H1-70d5ce4d927f"", ""SQX-XAUUSD-H1-9ece9183f0ef"", ""SQX-XAUUSD-H4-79bc992932a1"", ""SQX-XAUUSD-H4-8a3d35342acb"", ""SQX-XAUUSD-H4-9dba9fec6f4b"", ""SQX-XAUUSD-H4-af9c831e07c7""]","{""SQX-EURUSD-H1-5bd2bebcff74"": 0.20000000000000004, ""SQX-EURUSD-H4-0e7f4cbe9339"": 0.20000000000000004, ""SQX-USDCHF-H4-03132bfc2788"": 0.20000000000000004, ""SQX-USDJPY-H1-1c4fb2e7dc68"": 0.023096385602416895, ""SQX-USDJPY-H1-3dcd06b9b0b7"": 0.021177352365869862, ""SQX-USDJPY-H4-46166f5987f6"": 0.20000000000000004, ""SQX-USDJPY-H4-7f6bebea5fee"": 0.012416143317443383, ""SQX-USDJPY-H4-9ca9c6e438b9"": 0.13650919893234972, ""SQX-XAUUSD-H1-6d08868705b0"": 0.001583477621709645, ""SQX-XAUUSD-H1-70d5ce4d927f"": 0.001267620157577868, ""SQX-XAUUSD-H1-9ece9183f0ef"": 0.0018731042439679446, ""SQX-XAUUSD-H4-79bc992932a1"": 0.0005440154814054091, ""SQX-XAUUSD-H4-8a3d35342acb"": 0.0007500356495142593, ""SQX-XAUUSD-H4-9dba9fec6f4b"": 0.0003767568177920731, ""SQX-XAUUSD-H4-af9c831e07c7"": 0.0004059098099529555}",f419e8ba715e06219913b74c8313f27e7d3acd29eea37e5cb5b2f7a0f7528278,0.0,0.0,0.0,0.0,0.0,1.0,,75,0.01041666666666667,"(0.0, -0.0, -1000000000.0, -0.0)"
RANDOM,1301,10,EQUAL_RISK,0.00875,0.015,"[""SQX-USDJPY-H4-62b85b09d115"", ""SQX-XAUUSD-H1-09f530bcf816"", ""SQX-XAUUSD-H1-18dbac36628f"", ""SQX-XAUUSD-H1-5134294b1445"", ""SQX-XAUUSD-H4-15ff066c0308"", ""SQX-XAUUSD-H4-3c832bffe076"", ""SQX-XAUUSD-H4-3e2e2a183075"", ""SQX-XAUUSD-H4-9c0c141df95e"", ""SQX-XAUUSD-H4-a4d06353ba51"", ""SQX-XAUUSD-H4-a542d8238513""]","{""SQX-USDJPY-H4-62b85b09d115"": 0.1, ""SQX-XAUUSD-H1-09f530bcf816"": 0.1, ""SQX-XAUUSD-H1-18dbac36628f"": 0.1, ""SQX-XAUUSD-H1-5134294b1445"": 0.1, ""SQX-XAUUSD-H4-15ff066c0308"": 0.1, ""SQX-XAUUSD-H4-3c832bffe076"": 0.09999999999999995, ""SQX-XAUUSD-H4-3e2e2a183075"": 0.1, ""SQX-XAUUSD-H4-9c0c141df95e"": 0.1, ""SQX-XAUUSD-H4-a4d06353ba51"": 0.1, ""SQX-XAUUSD-H4-a542d8238513"": 0.1}",0112f3645d0a2a3895250e0f99c3836fa71ada7b127382cff5a7bc4a9fb89103,0.0,0.0,0.0,0.0,0.0,1.0,,50,0.007291666666666666,"(0.0, -0.0, -1000000000.0, -0.0)"
RANDOM,1301,30,EQUAL_RISK,0.00875,0.015,"[""SQX-EURUSD-H1-6682b7a6ec07"", ""SQX-GBPUSD-H1-693947f2d7a6"", ""SQX-USDCAD-H4-17c52c277841"", ""SQX-USDCHF-H4-8bdc89cf937e"", ""SQX-USDJPY-H1-4f4530608444"", ""SQX-USDJPY-H4-13d27c03308f"", ""SQX-USDJPY-H4-521c780c9588"", ""SQX-USDJPY-H4-7f8194597abb"", ""SQX-USDJPY-H4-a3c408eae8ff"", ""SQX-USDJPY-M15-4d451b951fa1"", ""SQX-XAUUSD-H1-07d5ef8ef6c3"", ""SQX-XAUUSD-H1-124b198b632d"", ""SQX-XAUUSD-H1-2d3f895a1d9b"", ""SQX-XAUUSD-H1-6969ba3b2d5b"", ""SQX-XAUUSD-H1-791b12ba564f"", ""SQX-XAUUSD-H1-9db4bb2d779e"", ""SQX-XAUUSD-H4-1337b3d34be3"", ""SQX-XAUUSD-H4-1e934d0a5f9d"", ""SQX-XAUUSD-H4-1fcaa4e11367"", ""SQX-XAUUSD-H4-3302f4708055"", ""SQX-XAUUSD-H4-33a9d851054f"", ""SQX-XAUUSD-H4-4ace32ad27d5"", ""SQX-XAUUSD-H4-4be25c565e4a"", ""SQX-XAUUSD-H4-51dfaadfdcfd"", ""SQX-XAUUSD-H4-570c6e9756b4"", ""SQX-XAUUSD-H4-592bb442f611"", ""SQX-XAUUSD-H4-8935386830f9"", ""SQX-XAUUSD-H4-9473f8f745c7"", ""SQX-XAUUSD-H4-a02998492b3f"", ""SQX-XAUUSD-H4-a2b4f0db9a38""]","{""SQX-EURUSD-H1-6682b7a6ec07"": 0.20000000000000004, ""SQX-GBPUSD-H1-693947f2d7a6"": 0.20000000000000004, ""SQX-USDCAD-H4-17c52c277841"": 0.20000000000000004, ""SQX-USDCHF-H4-8bdc89cf937e"": 0.20000000000000004, ""SQX-USDJPY-H1-4f4530608444"": 0.018122696537019145, ""SQX-USDJPY-H4-13d27c03308f"": 0.015351367268819442, ""SQX-USDJPY-H4-521c780c9588"": 0.011320420519976905, ""SQX-USDJPY-H4-7f8194597abb"": 0.009481790110189911, ""SQX-USDJPY-H4-a3c408eae8ff"": 0.009415217302661746, ""SQX-USDJPY-M15-4d451b951fa1"": 0.096274759079793, ""SQX-XAUUSD-H1-07d5ef8ef6c3"": 0.0010296637561464377, ""SQX-XAUUSD-H1-124b198b632d"": 0.0014313186848402156, ""SQX-XAUUSD-H1-2d3f895a1d9b"": 0.0009846287354269253, ""SQX-XAUUSD-H1-6969ba3b2d5b"": 0.0011989223305755696, ""SQX-XAUUSD-H1-791b12ba564f"": 0.010815589262637954, ""SQX-XAUUSD-H1-9db4bb2d779e"": 0.0022991081653203492, ""SQX-XAUUSD-H4-1337b3d34be3"": 0.00044404108556059366, ""SQX-XAUUSD-H4-1e934d0a5f9d"": 0.00048242759488297037, ""SQX-XAUUSD-H4-1fcaa4e11367"": 0.0004167781808400045, ""SQX-XAUUSD-H4-3302f4708055"": 0.0006886297781132291, ""SQX-XAUUSD-H4-33a9d851054f"": 0.0005731281052944009, ""SQX-XAUUSD-H4-4ace32ad27d5"": 0.015608026440233451, ""SQX-XAUUSD-H4-4be25c565e4a"": 0.000492559566212491, ""SQX-XAUUSD-H4-51dfaadfdcfd"": 0.0007431595671188188, ""SQX-XAUUSD-H4-570c6e9756b4"": 0.0005238711124617573, ""SQX-XAUUSD-H4-592bb442f611"": 0.0004165818200976727, ""SQX-XAUUSD-H4-8935386830f9"": 0.0005886641864165504, ""SQX-XAUUSD-H4-9473f8f745c7"": 0.0003262914869489663, ""SQX-XAUUSD-H4-a02998492b3f"": 0.0004737056091442132, ""SQX-XAUUSD-H4-a2b4f0db9a38"": 0.000496653713267238}",e5f24cf89bdf3739efda8440113c1f50fcb2dee1814b4784129904cbbc003235,0.0,0.0,0.0,0.0,0.0,1.0,,150,0.0072916666666666685,"(0.0, -0.0, -1000000000.0, -0.0)"
RANDOM,1301,50,EQUAL_RISK,0.00375,0.01,"[""SQX-EURUSD-H1-065452edaa49"", ""SQX-EURUSD-H1-16ab46e81702"", ""SQX-EURUSD-H1-5ca1c284dc7b"", ""SQX-EURUSD-H1-6e24e0c850d8"", ""SQX-EURUSD-H1-8f7f12dcf2b0"", ""SQX-EURUSD-H4-24a5c83c7728"", ""SQX-EURUSD-H4-974b1a21db61"", ""SQX-GBPUSD-H1-3639cd48f5dc"", ""SQX-GBPUSD-H1-5e1b76528d25"", ""SQX-GBPUSD-H4-654c60385d4c"", ""SQX-GBPUSD-H4-78e5c3852386"", ""SQX-USDCAD-H4-615843ee10d5"", ""SQX-USDCAD-H4-6f3e810b73bd"", ""SQX-USDCAD-H4-79c3ad5c7dfa"", ""SQX-USDCHF-H4-82053faf3a71"", ""SQX-USDJPY-H1-47fcdca545f0"", ""SQX-USDJPY-H1-90b503a6c185"", ""SQX-USDJPY-H1-ab1d9736143c"", ""SQX-USDJPY-H1-b108c7b6c5ab"", ""SQX-USDJPY-H1-b35a95dcc396"", ""SQX-USDJPY-H4-0cff303aedbe"", ""SQX-USDJPY-H4-1e3396988c98"", ""SQX-USDJPY-H4-2537b3501f0a"", ""SQX-USDJPY-H4-36d602120879"", ""SQX-USDJPY-H4-4d386a1745b3"", ""SQX-USDJPY-H4-899be4fcad48"", ""SQX-XAUUSD-H1-5cad719d8772"", ""SQX-XAUUSD-H4-144641767c0a"", ""SQX-XAUUSD-H4-156b93c44e1e"", ""SQX-XAUUSD-H4-1947f230f36e"", ""SQX-XAUUSD-H4-20361ef5f067"", ""SQX-XAUUSD-H4-26d082121eab"", ""SQX-XAUUSD-H4-283a045c3603"", ""SQX-XAUUSD-H4-2904503f317c"", ""SQX-XAUUSD-H4-34f3b1ee3fc9"", ""SQX-XAUUSD-H4-4cd48807e33e"", ""SQX-XAUUSD-H4-56ea646c2f52"", ""SQX-XAUUSD-H4-57a875f41d50"", ""SQX-XAUUSD-H4-70e1d94ffc1d"", ""SQX-XAUUSD-H4-809bb8ed80bd"", ""SQX-XAUUSD-H4-854de9f3ba69"", ""SQX-XAUUSD-H4-86f87d2a128c"", ""SQX-XAUUSD-H4-8f1449805316"", ""SQX-XAUUSD-H4-91aa97550322"", ""SQX-XAUUSD-H4-953176430889"", ""SQX-XAUUSD-H4-9ced1d8258c6"", ""SQX-XAUUSD-H4-a0991ec905f9"", ""SQX-XAUUSD-H4-a75edc0b9b60"", ""SQX-XAUUSD-H4-aa12d2becdf1"", ""SQX-XAUUSD-H4-b63cc44d3fa6""]","{""SQX-EURUSD-H1-065452edaa49"": 0.06613439059762954, ""SQX-EURUSD-H1-16ab46e81702"": 0.038088574409092094, ""SQX-EURUSD-H1-5ca1c284dc7b"": 0.1, ""SQX-EURUSD-H1-6e24e0c850d8"": 0.09886391754171128, ""SQX-EURUSD-H1-8f7f12dcf2b0"": 0.05772426102429948, ""SQX-EURUSD-H4-24a5c83c7728"": 0.028988196519877756, ""SQX-EURUSD-H4-974b1a21db61"": 0.1, ""SQX-GBPUSD-H1-3639cd48f5dc"": 0.06807193609779154, ""SQX-GBPUSD-H1-5e1b76528d25"": 0.1, ""SQX-GBPUSD-H4-654c60385d4c"": 0.1, ""SQX-GBPUSD-H4-78e5c3852386"": 0.1, ""SQX-USDCAD-H4-615843ee10d5"": 0.03444303448707729, ""SQX-USDCAD-H4-6f3e810b73bd"": 0.033656457810960196, ""SQX-USDCAD-H4-79c3ad5c7dfa"": 0.028712747812934782, ""SQX-USDCHF-H4-82053faf3a71"": 0.04197516740258371, ""SQX-USDJPY-H1-47fcdca545f0"": 0.00045793823140202153, ""SQX-USDJPY-H1-90b503a6c185"": 0.0003912620472605902, ""SQX-USDJPY-H1-ab1d9736143c"": 0.0004946805103954186, ""SQX-USDJPY-H1-b108c7b6c5ab"": 0.00025280662366336315, ""SQX-USDJPY-H1-b35a95dcc396"": 0.00039947165700704234, ""SQX-USDJPY-H4-0cff303aedbe"": 0.00025155148487674366, ""SQX-USDJPY-H4-1e3396988c98"": 0.00018103455693467113, ""SQX-USDJPY-H4-2537b3501f0a"": 0.00020683765994581967, ""SQX-USDJPY-H4-36d602120879"": 0.0001441672645268306, ""SQX-USDJPY-H4-4d386a1745b3"": 0.00020847478773284607, ""SQX-USDJPY-H4-899be4fcad48"": 0.0001655822649784765, ""SQX-XAUUSD-H1-5cad719d8772"": 1.2084789762604642e-05, ""SQX-XAUUSD-H4-144641767c0a"": 5.34278029566448e-06, ""SQX-XAUUSD-H4-156b93c44e1e"": 6.341671151643696e-06, ""SQX-XAUUSD-H4-1947f230f36e"": 5.374195438554828e-06, ""SQX-XAUUSD-H4-20361ef5f067"": 5.9310915671277405e-06, ""SQX-XAUUSD-H4-26d082121eab"": 4.313186671626535e-06, ""SQX-XAUUSD-H4-283a045c3603"": 9.831110032447822e-06, ""SQX-XAUUSD-H4-2904503f317c"": 9.783519825494716e-06, ""SQX-XAUUSD-H4-34f3b1ee3fc9"": 7.227543491976759e-06, ""SQX-XAUUSD-H4-4cd48807e33e"": 6.799435495052783e-06, ""SQX-XAUUSD-H4-56ea646c2f52"": 1.0123682079162266e-05, ""SQX-XAUUSD-H4-57a875f41d50"": 1.020888267913059e-05, ""SQX-XAUUSD-H4-70e1d94ffc1d"": 7.1367667265192395e-06, ""SQX-XAUUSD-H4-809bb8ed80bd"": 8.0913623239484e-06, ""SQX-XAUUSD-H4-854de9f3ba69"": 7.596840269093291e-06, ""SQX-XAUUSD-H4-86f87d2a128c"": 9.039831110294141e-06, ""SQX-XAUUSD-H4-8f1449805316"": 6.963939539038162e-06, ""SQX-XAUUSD-H4-91aa97550322"": 7.139956140807427e-06, ""SQX-XAUUSD-H4-953176430889"": 7.492301094673687e-06, ""SQX-XAUUSD-H4-9ced1d8258c6"": 1.2300986081188143e-05, ""SQX-XAUUSD-H4-a0991ec905f9"": 6.110297340822813e-06, ""SQX-XAUUSD-H4-a75edc0b9b60"": 7.940633611643318e-06, ""SQX-XAUUSD-H4-aa12d2becdf1"": 7.469616812743119e-06, ""SQX-XAUUSD-H4-b63cc44d3fa6"": 6.864787777345901e-06}",a595864e40ac4045b503151c226574c8c3c0120a21f09a12eaa957e86f77070c,0.0,0.0,0.0,0.0,0.0,1.0,,250,0.0031250000000000006,"(0.0, -0.0, -1000000000.0, -0.0)"
RANDOM,1301,30,EQUAL_RISK,0.0025,0.025,"[""SQX-EURUSD-H1-0e3f764afbaa"", ""SQX-EURUSD-H1-28923f00c7a5"", ""SQX-EURUSD-H1-2b1be85429a0"", ""SQX-EURUSD-H1-99c9c484aff3"", ""SQX-EURUSD-H1-ac5da82211be"", ""SQX-EURUSD-H4-24cbe3ad9b32"", ""SQX-EURUSD-H4-8c3ceb6d38c9"", ""SQX-EURUSD-H4-a5ea0d73f20e"", ""SQX-EURUSD-M15-3967822b9780"", ""SQX-NZDUSD-H4-b3e9d70c3d76"", ""SQX-USDCAD-H4-6f6a2bfb30bd"", ""SQX-USDCHF-H4-b1befa08a499"", ""SQX-USDJPY-H1-4f4530608444"", ""SQX-USDJPY-H1-7127655a7229"", ""SQX-USDJPY-H1-7e8885b01b7b"", ""SQX-USDJPY-H1-9c6581078982"", ""SQX-USDJPY-H4-34521a174cf4"", ""SQX-USDJPY-H4-890969a57ebe"", ""SQX-USDJPY-H4-9063904d8253"", ""SQX-USDJPY-H4-a9697a3961ef"", ""SQX-XAUUSD-H1-0cf6e3512c98"", ""SQX-XAUUSD-H1-5172b9315269"", ""SQX-XAUUSD-H1-7fbae054cf54"", ""SQX-XAUUSD-H1-b526d2c357c7"", ""SQX-XAUUSD-H4-084d85b2e506"", ""SQX-XAUUSD-H4-2e56246315fd"", ""SQX-XAUUSD-H4-58d2eb86a8d1"", ""SQX-XAUUSD-H4-6da78a7d32a6"", ""SQX-XAUUSD-H4-765c5f8a3c00"", ""SQX-XAUUSD-H4-a53c06b0093a""]","{""SQX-EURUSD-H1-0e3f764afbaa"": 0.1, ""SQX-EURUSD-H1-28923f00c7a5"": 0.1, ""SQX-EURUSD-H1-2b1be85429a0"": 0.1, ""SQX-EURUSD-H1-99c9c484aff3"": 0.07686052766268556, ""SQX-EURUSD-H1-ac5da82211be"": 0.09293759935611591, ""SQX-EURUSD-H4-24cbe3ad9b32"": 0.1, ""SQX-EURUSD-H4-8c3ceb6d38c9"": 0.1, ""SQX-EURUSD-H4-a5ea0d73f20e"": 0.05754171530612188, ""SQX-EURUSD-M15-3967822b9780"": 0.1, ""SQX-NZDUSD-H4-b3e9d70c3d76"": 0.05972524990703641, ""SQX-USDCAD-H4-6f6a2bfb30bd"": 0.040700111961650354, ""SQX-USDCHF-H4-b1befa08a499"": 0.06591500691968703, ""SQX-USDJPY-H1-4f4530608444"": 0.0003186683779140319, ""SQX-USDJPY-H1-7127655a7229"": 0.0004367971616915474, ""SQX-USDJPY-H1-7e8885b01b7b"": 0.001289878878052304, ""SQX-USDJPY-H1-9c6581078982"": 0.0005176495052127592, ""SQX-USDJPY-H4-34521a174cf4"": 0.0003364425864660775, ""SQX-USDJPY-H4-890969a57ebe"": 0.00037716354802165157, ""SQX-USDJPY-H4-9063904d8253"": 0.0001939157482187721, ""SQX-USDJPY-H4-a9697a3961ef"": 0.002705259525944933, ""SQX-XAUUSD-H1-0cf6e3512c98"": 3.226511946961221e-05, ""SQX-XAUUSD-H1-5172b9315269"": 2.07714581867233e-05, ""SQX-XAUUSD-H1-7fbae054cf54"": 1.6068804060218183e-05, ""SQX-XAUUSD-H1-b526d2c357c7"": 1.8776196820618873e-05, ""SQX-XAUUSD-H4-084d85b2e506"": 6.438572067312087e-06, ""SQX-XAUUSD-H4-2e56246315fd"": 7.328601820758117e-06, ""SQX-XAUUSD-H4-58d2eb86a8d1"": 9.831652991940081e-06, ""SQX-XAUUSD-H4-6da78a7d32a6"": 1.0931127293582614e-05, ""SQX-XAUUSD-H4-765c5f8a3c00"": 9.915754838908446e-06, ""SQX-XAUUSD-H4-a53c06b0093a"": 1.1686267631098708e-05}",93516206bc9d4a606101d38010d74d934d9b7aa42db1e05a37740941a1731353,0.0,0.0,0.0,0.0,0.0,1.0,,150,0.0020833333333333333,"(0.0, -0.0, -1000000000.0, -0.0)"
RANDOM,1301,30,EQUAL_RISK,0.005,0.025,"[""SQX-EURUSD-H4-1d6990d39327"", ""SQX-EURUSD-H4-959e3ba410a2"", ""SQX-EURUSD-M15-7e8092c049f4"", ""SQX-GBPUSD-H4-0609a514a512"", ""SQX-NZDUSD-H4-aa846bc34aa7"", ""SQX-USDJPY-H1-2d72fe9144ba"", ""SQX-USDJPY-H1-66cf669c5af1"", ""SQX-USDJPY-H1-823becdbc077"", ""SQX-USDJPY-H1-9978be12beb3"", ""SQX-USDJPY-H1-a54c4a02ce15"", ""SQX-USDJPY-H4-3bebc61b6b97"", ""SQX-USDJPY-H4-6a1fa7e35e61"", ""SQX-USDJPY-H4-7f3c47b201c2"", ""SQX-USDJPY-H4-872ee18be2f6"", ""SQX-USDJPY-H4-994989c436bc"", ""SQX-XAUUSD-H1-282b8184c608"", ""SQX-XAUUSD-H1-4d7abdbe5464"", ""SQX-XAUUSD-H1-830460751ad6"", ""SQX-XAUUSD-H1-864f4c77b2f4"", ""SQX-XAUUSD-H4-099a6b31cdf5"", ""SQX-XAUUSD-H4-1337b3d34be3"", ""SQX-XAUUSD-H4-38606bd8012a"", ""SQX-XAUUSD-H4-38d27a33522a"", ""SQX-XAUUSD-H4-4961ce90a6e6"", ""SQX-XAUUSD-H4-5b9da0fdede4"", ""SQX-XAUUSD-H4-7f9c1285fcf9"", ""SQX-XAUUSD-H4-809c8b8bcd72"", ""SQX-XAUUSD-H4-8471d30905b0"", ""SQX-XAUUSD-H4-8643c65ee5e6"", ""SQX-XAUUSD-H4-940568753565""]","{""SQX-EURUSD-H4-1d6990d39327"": 0.15, ""SQX-EURUSD-H4-959e3ba410a2"": 0.15, ""SQX-EURUSD-M15-7e8092c049f4"": 0.15, ""SQX-GBPUSD-H4-0609a514a512"": 0.15, ""SQX-NZDUSD-H4-aa846bc34aa7"": 0.15, ""SQX-USDJPY-H1-2d72fe9144ba"": 0.02047735115210288, ""SQX-USDJPY-H1-66cf669c5af1"": 0.020586988701006937, ""SQX-USDJPY-H1-823becdbc077"": 0.01084460370432443, ""SQX-USDJPY-H1-9978be12beb3"": 0.018199089809764715, ""SQX-USDJPY-H1-a54c4a02ce15"": 0.01936229236674827, ""SQX-USDJPY-H4-3bebc61b6b97"": 0.010652402205809557, ""SQX-USDJPY-H4-6a1fa7e35e61"": 0.009529435267629933, ""SQX-USDJPY-H4-7f3c47b201c2"": 0.016204916371674948, ""SQX-USDJPY-H4-872ee18be2f6"": 0.010836799258913125, ""SQX-USDJPY-H4-994989c436bc"": 0.10424263805989513, ""SQX-XAUUSD-H1-282b8184c608"": 0.0009201158953212339, ""SQX-XAUUSD-H1-4d7abdbe5464"": 0.0010268454294960058, ""SQX-XAUUSD-H1-830460751ad6"": 0.0007278079546230061, ""SQX-XAUUSD-H1-864f4c77b2f4"": 0.0014180704738782266, ""SQX-XAUUSD-H4-099a6b31cdf5"": 0.00047864782062339857, ""SQX-XAUUSD-H4-1337b3d34be3"": 0.00031955446621934514, ""SQX-XAUUSD-H4-38606bd8012a"": 0.0002600510334556144, ""SQX-XAUUSD-H4-38d27a33522a"": 0.0010453926919517487, ""SQX-XAUUSD-H4-4961ce90a6e6"": 0.0002886457416534075, ""SQX-XAUUSD-H4-5b9da0fdede4"": 0.0005437674849563281, ""SQX-XAUUSD-H4-7f9c1285fcf9"": 0.0004554097844710692, ""SQX-XAUUSD-H4-809c8b8bcd72"": 0.0004142001855149602, ""SQX-XAUUSD-H4-8471d30905b0"": 0.0003322833878851571, ""SQX-XAUUSD-H4-8643c65ee5e6"": 0.0004351403887008823, ""SQX-XAUUSD-H4-940568753565"": 0.0003975503633797461}",191d515b5ba80704e6840e0fa3097678775a586bd927ebcd48e391204d0a824e,0.0,0.0,0.0,0.0,0.0,1.0,,150,0.004166666666666666,"(0.0, -0.0, -1000000000.0, -0.0)"
RANDOM,1301,10,EQUAL_RISK,0.015,0.025,"[""SQX-EURUSD-M15-304c0f49d4f8"", ""SQX-GBPUSD-M15-98dca2795559"", ""SQX-USDJPY-H1-90b503a6c185"", ""SQX-USDJPY-H4-67b22625ee4f"", ""SQX-XAUUSD-H1-a94aaeec4a7c"", ""SQX-XAUUSD-H4-0ca7615c9668"", ""SQX-XAUUSD-H4-27bb99147f4b"", ""SQX-XAUUSD-H4-50c1d61adc7b"", ""SQX-XAUUSD-H4-650a721851cb"", ""SQX-XAUUSD-H4-b17caed9abbc""]","{""SQX-EURUSD-M15-304c0f49d4f8"": 0.20000000000000004, ""SQX-GBPUSD-M15-98dca2795559"": 0.20000000000000004, ""SQX-USDJPY-H1-90b503a6c185"": 0.20000000000000004, ""SQX-USDJPY-H4-67b22625ee4f"": 0.12964353462478917, ""SQX-XAUUSD-H1-a94aaeec4a7c"": 0.010630316020059228, ""SQX-XAUUSD-H4-0ca7615c9668"": 0.004948346217583144, ""SQX-XAUUSD-H4-27bb99147f4b"": 0.06344008614409054, ""SQX-XAUUSD-H4-50c1d61adc7b"": 0.18109098590171674, ""SQX-XAUUSD-H4-650a721851cb"": 0.0047388114305318505, ""SQX-XAUUSD-H4-b17caed9abbc"": 0.00550791966122929}",744c736cea4546b30ef49e7afc4fe6b39187b6d97c2d1f9e71818b8089974d7a,0.0,0.0,0.0,0.0,0.0,1.0,,50,0.012500000000000002,"(0.0, -0.0, -1000000000.0, -0.0)"
RANDOM,1301,10,EQUAL_RISK,0.01,0.01,"[""SQX-EURUSD-H4-122a1979916b"", ""SQX-EURUSD-H4-887166710e32"", ""SQX-GBPUSD-H4-12672762c79b"", ""SQX-NZDUSD-H4-1c2577ba22e3"", ""SQX-USDJPY-H4-116741b732f8"", ""SQX-XAUUSD-H1-9db4bb2d779e"", ""SQX-XAUUSD-H4-073f2638e9c5"", ""SQX-XAUUSD-H4-3779d8791691"", ""SQX-XAUUSD-H4-5b14125883ff"", ""SQX-XAUUSD-H4-aa294f3d03a0""]","{""SQX-EURUSD-H4-122a1979916b"": 0.2, ""SQX-EURUSD-H4-887166710e32"": 0.2, ""SQX-GBPUSD-H4-12672762c79b"": 0.2, ""SQX-NZDUSD-H4-1c2577ba22e3"": 0.2, ""SQX-USDJPY-H4-116741b732f8"": 0.15437565802648637, ""SQX-XAUUSD-H1-9db4bb2d779e"": 0.022173080149855473, ""SQX-XAUUSD-H4-073f2638e9c5"": 0.006169379068108941, ""SQX-XAUUSD-H4-3779d8791691"": 0.004237588152767557, ""SQX-XAUUSD-H4-5b14125883ff"": 0.004750347506458375, ""SQX-XAUUSD-H4-aa294f3d03a0"": 0.008293947096323239}",0458196f069d36904f0d7221fa51f0e00f2532842e4d2a4923ee2755b7d60d97,0.0,0.0,0.0,0.0,0.0,1.0,,50,0.008333333333333333,"(0.0, -0.0, -1000000000.0, -0.0)"
