i,j,similarity
0,1,0.6127435295012182
0,2,0.18880667512814406
0,3,0.7863138458890325
0,4,0.7895926786725936
0,5,0.41522955400033656
0,6,0.5850148486186564
0,7,0.7696039697132973
0,8,0.2683652923297736
0,9,0.7863138458890325
0,10,0.1268718030016484
0,11,0.11424787450759519
0,12,0.08424288546464424
0,13,0.07440387388950778
0,14,0.13946571891708054
0,15,0.18200995282623367
0,16,0.14158992182598654
0,17,0.15101437233547052
0,18,0.1397392252634711
0,19,0.17607798985946274
0,20,0.14219396443621246
0,21,0.14162004632959807
0,22,0.13076416425656426
0,23,0.14968871220112343
0,24,0.13143896971294206
0,25,0.13602209367771204
0,26,0.13963804783847736
0,27,0.1420695502244217
0,28,0.1337230904700596
0,29,0.13264020198820858
0,30,0.12174705317153549
0,31,0.14366704923571447
0,32,0.12702906869299485
0,33,0.13615622056486235
0,34,0.12983586458551089
0,35,0.12922184267848166
0,36,0.13252279492001245
0,37,0.1292170521188006
0,38,0.14988279539300658
0,39,0.13333957559420004
0,40,0.13200491407644488
0,41,0.133844342556253
0,42,0.1408906619647498
0,43,0.14160183224708667
0,44,0.13366365007333877
0,45,0.12806472792613915
0,46,0.1281458939615625
0,47,0.13086454938569925
0,48,0.13948107404030974
0,49,0.1388235280904087
0,50,0.1638310037632357
0,51,0.14644181262595318
0,52,0.1485048153960243
0,53,0.13710261643815383
0,54,0.13244192465057525
0,55,0.12137280694011221
0,56,0.14106864048076415
0,57,0.16794031108049826
0,58,0.16748221385224055
0,59,0.13807289533357453
0,60,0.14806275496880916
0,61,0.11988736446499625
0,62,0.12523439031160435
1,2,0.15523740056479146
1,3,0.5755394081224885
1,4,0.640287831161197
1,5,0.454847229173485
1,6,0.821148096743043
1,7,0.6080405108253244
1,8,0.2544525402024983
1,9,0.5755394081224885
1,10,0.13519945870687164
1,11,0.1425517688952659
1,12,0.1133657273032767
1,13,0.11361892673236736
1,14,0.15278431023237513
1,15,0.181234040908668
1,16,0.1552357647071051
1,17,0.1719659970500405
1,18,0.15733442519601548
1,19,0.1816063691952178
1,20,0.12151283949940263
1,21,0.1605910086633433
1,22,0.13915833935307653
1,23,0.1496799332606625
1,24,0.1417592032614453
1,25,0.14449472126148522
1,26,0.1399175822631894
1,27,0.1435621493585384
1,28,0.1452647508169202
1,29,0.14283320021197743
1,30,0.1268753464932312
1,31,0.14080769775207846
1,32,0.13189927123656708
1,33,0.13101364493509432
1,34,0.13937531459264785
1,35,0.1337016930410541
1,36,0.13070575084067068
1,37,0.13370188284398904
1,38,0.16551306569357294
1,39,0.15275769024192806
1,40,0.12994339206115818
1,41,0.13158045899786566
1,42,0.15430370742575283
1,43,0.12136742077367779
1,44,0.13175428470002104
1,45,0.16492073294567205
1,46,0.12547192691584302
1,47,0.13125561143173964
1,48,0.16729722087080093
1,49,0.1486181457420261
1,50,0.15024780094751294
1,51,0.139325110991588
1,52,0.13963291524625893
1,53,0.14822412532749216
1,54,0.14047916777402958
1,55,0.1311072602465512
1,56,0.12881533561890432
1,57,0.14162132072858907
1,58,0.1363433414846082
1,59,0.1416513964342622
1,60,0.1347626779391933
1,61,0.13084943259125978
1,62,0.12380075471221857
2,3,0.183574495978593
2,4,0.19152439533434967
2,5,0.13353979607551086
2,6,0.16055720612105434
2,7,0.18601054612578238
2,8,0.22889104504950272
2,9,0.183574495978593
2,10,0.11632078018878984
2,11,0.09438163420782072
2,12,0.09482957106562678
2,13,0.08926302993345729
2,14,0.1273427199403266
2,15,0.14133667371810144
2,16,0.13235821837688322
2,17,0.12621061892899857
2,18,0.13436540487739906
2,19,0.13969529587674
2,20,0.1278639075199945
2,21,0.13189905729799292
2,22,0.11667443969644378
2,23,0.12584441809826083
2,24,0.11701492779950644
2,25,0.1257421954731111
2,26,0.12904069664924353
2,27,0.13242310454305065
2,28,0.11750671028888404
2,29,0.11778299468063229
2,30,0.11041914340905785
2,31,0.13456827586138606
2,32,0.13203614648290232
2,33,0.1359032442294204
2,34,0.11663961544837927
2,35,0.12952133737297467
2,36,0.13353623492078484
2,37,0.1289603274977027
2,38,0.12980283190704162
2,39,0.1094332446867048
2,40,0.11974894572611294
2,41,0.11699959229758439
2,42,0.12927804809188492
2,43,0.10458359721486736
2,44,0.11682745669767403
2,45,0.12674318641409738
2,46,0.11371765506843796
2,47,0.11462415490829958
2,48,0.12412138839458725
2,49,0.11724612667734896
2,50,0.13499370433673263
2,51,0.12978644916259524
2,52,0.13617707563942205
2,53,0.12782492407192225
2,54,0.11731139171446979
2,55,0.11176456046928557
2,56,0.11894893625759055
2,57,0.12563598659726177
2,58,0.11189852891528558
2,59,0.12399571895218992
2,60,0.12505260125273274
2,61,0.11348225759820402
2,62,0.10754674302550132
3,4,0.7405818813912848
3,5,0.3961609282354267
3,6,0.5507404055315076
3,7,0.7223272331392001
3,8,0.24518417454784183
3,9,0.8322956145100162
3,10,0.11998356405140617
3,11,0.10900718022943162
3,12,0.07790396782188284
3,13,0.07535960313699772
3,14,0.13230803689535345
3,15,0.17378306352753992
3,16,0.1377981638285192
3,17,0.1407029419348973
3,18,0.13256813505432927
3,19,0.16766060342448014
3,20,0.14053733504601768
3,21,0.13400036522520214
3,22,0.12383527731220054
3,23,0.13966639928797728
3,24,0.1239641336655512
3,25,0.12942201015956617
3,26,0.12996670993715323
3,27,0.14178206867255955
3,28,0.1262900264425807
3,29,0.1249447553958421
3,30,0.11468124393002822
3,31,0.12776791874527346
3,32,0.11827503549957351
3,33,0.12082631934972857
3,34,0.12262295900900762
3,35,0.11644350923338215
3,36,0.12399455217465463
3,37,0.11643768453109832
3,38,0.1365300394228443
3,39,0.12129574421460253
3,40,0.12520212681453155
3,41,0.1259804697483944
3,42,0.13926020167787195
3,43,0.13789406516976746
3,44,0.12581791243851476
3,45,0.1357320706386354
3,46,0.1214587350283056
3,47,0.12314649898041773
3,48,0.144179522844675
3,49,0.13050063167398385
3,50,0.1570312824278341
3,51,0.13738675913043485
3,52,0.14037748356274798
3,53,0.13037568783195652
3,54,0.1328261285243365
3,55,0.12777364491565263
3,56,0.13777961333421979
3,57,0.1593441058473986
3,58,0.16407411358516133
3,59,0.12966870998481822
3,60,0.13827224596277554
3,61,0.1125513396467924
3,62,0.1137326482489036
4,5,0.4473642114854398
4,6,0.6208979650757547
4,7,0.8167893448082042
4,8,0.2592776937452403
4,9,0.7405818813912848
4,10,0.13307516849395648
4,11,0.1106692068668737
4,12,0.08083142791849084
4,13,0.07988596995201218
4,14,0.14777191974738219
4,15,0.18808620825771988
4,16,0.1508427547136416
4,17,0.15904404139930345
4,18,0.14818809861455284
4,19,0.18292031035514972
4,20,0.1564036948268497
4,21,0.1527580867346857
4,22,0.1374907338070449
4,23,0.1507889990303608
4,24,0.13850972030148362
4,25,0.14299572994791257
4,26,0.15400284187338192
4,27,0.1502879369525024
4,28,0.14073460201476096
4,29,0.13981262411786266
4,30,0.12382812283580896
4,31,0.15814097513255745
4,32,0.1405288788216716
4,33,0.15048902370383377
4,34,0.13676722664578667
4,35,0.1431166684876145
4,36,0.14665666543868655
4,37,0.14310327792739658
4,38,0.15860347828766028
4,39,0.1430123378283618
4,40,0.13894504755466253
4,41,0.14079490189552593
4,42,0.14794357792822427
4,43,0.12198295149842742
4,44,0.14060059359557156
4,45,0.1445102343972655
4,46,0.13513352100877418
4,47,0.13769420578703173
4,48,0.1549123299213709
4,49,0.1461927252281189
4,50,0.162390324780884
4,51,0.1494157305453522
4,52,0.1479917818030664
4,53,0.14342046446152873
4,54,0.1382326000158314
4,55,0.12674439419667072
4,56,0.13916312954587798
4,57,0.1643355723199948
4,58,0.17000406279721123
4,59,0.14193284082553886
4,60,0.14319635266717445
4,61,0.12671874810334954
4,62,0.1272007642624361
5,6,0.4420973474919557
5,7,0.43051881295299665
5,8,0.17723150300578627
5,9,0.3961609282354267
5,10,0.13130256171518942
5,11,0.12237389528805226
5,12,0.07908227962184518
5,13,0.10596897392825276
5,14,0.14513668819193587
5,15,0.15689649352486246
5,16,0.15909647989433678
5,17,0.1631560600832115
5,18,0.15338565382279776
5,19,0.15681125267443957
5,20,0.11559659395081495
5,21,0.1458573626081389
5,22,0.12328275241629305
5,23,0.14131695640346004
5,24,0.13250870733329778
5,25,0.15414087111613836
5,26,0.1419214564426131
5,27,0.13852327813592893
5,28,0.1350691716766268
5,29,0.13330724779034767
5,30,0.1272158427529584
5,31,0.14253073269155933
5,32,0.14216321350497263
5,33,0.1408344241691374
5,34,0.13084569160640144
5,35,0.1287949082224297
5,36,0.14069345941969819
5,37,0.1287810906356498
5,38,0.1348870121949552
5,39,0.15045221024074726
5,40,0.1388372322723561
5,41,0.1355394079310467
5,42,0.13574764786205548
5,43,0.12595935486794002
5,44,0.13529825899605583
5,45,0.12806358061687925
5,46,0.13094711022547015
5,47,0.13574608909930622
5,48,0.12028112723190745
5,49,0.1376929661909088
5,50,0.14861238332628846
5,51,0.1344089922789729
5,52,0.14216069505594098
5,53,0.14731158062525448
5,54,0.14769477460045072
5,55,0.12695256507875827
5,56,0.13031258927400183
5,57,0.1320068138988796
5,58,0.14516308254198446
5,59,0.14199702895338387
5,60,0.12730752229681977
5,61,0.14454160543228142
5,62,0.12393119858521048
6,7,0.6201219858245224
6,8,0.2405471262180081
6,9,0.5507404055315076
6,10,0.13648102647028745
6,11,0.1392968946218086
6,12,0.1126305379580484
6,13,0.11364404163376826
6,14,0.1484369180730487
6,15,0.17544056817719528
6,16,0.15059788676989447
6,17,0.1680281986032375
6,18,0.15005968238971962
6,19,0.17441130618399184
6,20,0.12271549480108163
6,21,0.15402526138004066
6,22,0.1378352681158709
6,23,0.14783049913115928
6,24,0.14110995606920407
6,25,0.14063920358739193
6,26,0.1414096125375441
6,27,0.13798273866489214
6,28,0.14853061542600102
6,29,0.14748980398315065
6,30,0.12009575626718073
6,31,0.1415154064710421
6,32,0.12988216420307944
6,33,0.13041551274135374
6,34,0.13876605670149886
6,35,0.13138611198896416
6,36,0.13155367215110902
6,37,0.13138123214968775
6,38,0.16657031649966936
6,39,0.14690306556593746
6,40,0.1299091564719659
6,41,0.1315267585627447
6,42,0.15618167454115642
6,43,0.11694833267381853
6,44,0.13169822421086844
6,45,0.17284327643246222
6,46,0.12540505195844923
6,47,0.13121872290053543
6,48,0.17467862040829468
6,49,0.156208980568967
6,50,0.14831137243883113
6,51,0.13786975762298656
6,52,0.14344078025744406
6,53,0.16653222012024002
6,54,0.13935563286903468
6,55,0.13120516664600906
6,56,0.13053405263221723
6,57,0.1401591819960131
6,58,0.15335932805057673
6,59,0.14312654478633227
6,60,0.13327958924445182
6,61,0.1304231488460936
6,62,0.13635015677735962
7,8,0.24256342634078817
7,9,0.7223272331392001
7,10,0.13013163763518018
7,11,0.10898375080706388
7,12,0.08001934516726154
7,13,0.07904428996403003
7,14,0.14284033319185307
7,15,0.1797976446275452
7,16,0.14594330277530043
7,17,0.1485004885938649
7,18,0.143321151107674
7,19,0.17241744676114254
7,20,0.15107087720166315
7,21,0.14775999301276954
7,22,0.13317701615060673
7,23,0.1546303794124655
7,24,0.1354421019218164
7,25,0.14234122485838352
7,26,0.15161629930717058
7,27,0.1500755628742307
7,28,0.13994869147033126
7,29,0.14139293936234812
7,30,0.1199506943779815
7,31,0.15513761618011032
7,32,0.1384373807665932
7,33,0.14924026241278063
7,34,0.13597361937477953
7,35,0.13470610778314074
7,36,0.14606686467128338
7,37,0.1346909774454286
7,38,0.15487793450693102
7,39,0.13224483077471266
7,40,0.13588755075456077
7,41,0.13774569771297762
7,42,0.14264632974242303
7,43,0.11576559932373139
7,44,0.13755534102243103
7,45,0.1414923326594147
7,46,0.1320839875170164
7,47,0.13465999451074478
7,48,0.15087409679177816
7,49,0.14321118849657677
7,50,0.15953351899936077
7,51,0.14204138287692916
7,52,0.1411535766878868
7,53,0.13902447739376023
7,54,0.13654482107942126
7,55,0.12254912696105649
7,56,0.1377785002014841
7,57,0.16144810152543757
7,58,0.17366534266069772
7,59,0.13871514687702877
7,60,0.1402481235900464
7,61,0.12397268613300395
7,62,0.12268035584843834
8,9,0.24518417454784186
8,10,0.13493089564035166
8,11,0.0914466021660742
8,12,0.0929802941656617
8,13,0.08715418187992316
8,14,0.13904766900218105
8,15,0.135239350124042
8,16,0.1367659760320314
8,17,0.1443589795821665
8,18,0.14234541075436216
8,19,0.13679923604817956
8,20,0.11904534075208595
8,21,0.1450418738203589
8,22,0.12814388378035482
8,23,0.14043302732005095
8,24,0.13078200698588835
8,25,0.14074355615384784
8,26,0.1341101052082661
8,27,0.1474075449716994
8,28,0.13153122480656748
8,29,0.13087148514068542
8,30,0.12389630772374578
8,31,0.13603079717016922
8,32,0.13345088086660917
8,33,0.1318888892822749
8,34,0.12985505667757496
8,35,0.1241047945270093
8,36,0.13086506248386998
8,37,0.12384629117319292
8,38,0.1313906474083568
8,39,0.12101614940927319
8,40,0.1472055193754095
8,41,0.1504924955512471
8,42,0.15512081404983324
8,43,0.11422363073114533
8,44,0.15377481450351557
8,45,0.13810442030850176
8,46,0.13215946536978024
8,47,0.1492964208654689
8,48,0.12574261047834945
8,49,0.1448825245671781
8,50,0.14311978984526652
8,51,0.15520305369551873
8,52,0.1706630285259201
8,53,0.14524163629201142
8,54,0.15184718039048342
8,55,0.12885541067366238
8,56,0.14839171763810416
8,57,0.13234990416620795
8,58,0.14932131548599573
8,59,0.1613497732940215
8,60,0.12941078158482697
8,61,0.1211783482294982
8,62,0.1333534651030997
9,10,0.11998356405140617
9,11,0.10900718022943162
9,12,0.07790396782188284
9,13,0.07535960313699772
9,14,0.13230803689535345
9,15,0.17378306352753992
9,16,0.1377981638285192
9,17,0.1407029419348973
9,18,0.13256813505432927
9,19,0.16766060342448014
9,20,0.14053733504601768
9,21,0.13400036522520214
9,22,0.12383527731220054
9,23,0.13966639928797728
9,24,0.1239641336655512
9,25,0.12942201015956617
9,26,0.12996670993715323
9,27,0.14178206867255955
9,28,0.1262900264425807
9,29,0.1249447553958421
9,30,0.11468124393002822
9,31,0.12776791874527346
9,32,0.11827503549957351
9,33,0.12082631934972857
9,34,0.12262295900900762
9,35,0.11644350923338215
9,36,0.12399455217465463
9,37,0.11643768453109832
9,38,0.1365300394228443
9,39,0.12129574421460253
9,40,0.12520212681453155
9,41,0.1259804697483944
9,42,0.13926020167787195
9,43,0.13789406516976746
9,44,0.12581791243851476
9,45,0.1357320706386354
9,46,0.1214587350283056
9,47,0.12314649898041773
9,48,0.144179522844675
9,49,0.13050063167398385
9,50,0.1570312824278341
9,51,0.13738675913043485
9,52,0.14037748356274798
9,53,0.13037568783195652
9,54,0.1328261285243365
9,55,0.12777364491565263
9,56,0.13777961333421979
9,57,0.1593441058473986
9,58,0.16407411358516133
9,59,0.12966870998481822
9,60,0.13827224596277554
9,61,0.1125513396467924
9,62,0.1137326482489036
10,11,0.0893101695888387
10,12,0.12417681797001559
10,13,0.1070509838286168
10,14,0.18306318204005953
10,15,0.16835849783142295
10,16,0.18624690826209828
10,17,0.1832713767071233
10,18,0.17684781415505274
10,19,0.16536474887108446
10,20,0.1291563018257389
10,21,0.1810048212395258
10,22,0.1922091525293598
10,23,0.14000413235037854
10,24,0.16650454974280948
10,25,0.13717665846654922
10,26,0.17401838681536339
10,27,0.1463029233689723
10,28,0.16959826778601286
10,29,0.165384169589432
10,30,0.12294230440808354
10,31,0.1783538009557234
10,32,0.18434179214410187
10,33,0.1862541275077324
10,34,0.16910510546873145
10,35,0.2068373053023861
10,36,0.18071676524074204
10,37,0.20664355376613996
10,38,0.1676706750399334
10,39,0.13727198926853382
10,40,0.18799315543576017
10,41,0.19816884424288525
10,42,0.16470434488261027
10,43,0.11384251314900913
10,44,0.21664947812574945
10,45,0.15603492708641273
10,46,0.19955948474298071
10,47,0.19638352706827433
10,48,0.13227576408866198
10,49,0.18999703683666294
10,50,0.16509765379718863
10,51,0.1595540829920799
10,52,0.16385186954837413
10,53,0.16734964151124304
10,54,0.18054810489616402
10,55,0.17769516089177406
10,56,0.18888749322873608
10,57,0.14894767579142787
10,58,0.1441426235865146
10,59,0.17338518229968247
10,60,0.15281686754739426
10,61,0.12392249845668664
10,62,0.1515457454557413
11,12,0.10171872642760682
11,13,0.11431752637679482
11,14,0.09373270399785533
11,15,0.09358824301712787
11,16,0.09016809072121121
11,17,0.09476059814378644
11,18,0.09504348052202434
11,19,0.095066531042607
11,20,0.07996221051148636
11,21,0.09491280250402034
11,22,0.09058736444719877
11,23,0.11519141528954413
11,24,0.09289957138598973
11,25,0.09984267877729884
11,26,0.09108556589567132
11,27,0.09411117352340337
11,28,0.0923812074007038
11,29,0.09261075941651874
11,30,0.08032369273389407
11,31,0.09164974696165745
11,32,0.09251955112525348
11,33,0.09180356280797515
11,34,0.09301868304784155
11,35,0.08406530800792068
11,36,0.09190147065225711
11,37,0.08405696579408832
11,38,0.09392341197635705
11,39,0.08803392105867325
11,40,0.08986997990699583
11,41,0.0924365197242998
11,42,0.12478489593688447
11,43,0.0668761575666374
11,44,0.09237111797275126
11,45,0.09214624292568552
11,46,0.09000351086147232
11,47,0.09167424122790209
11,48,0.08751839611969163
11,49,0.12287818527008952
11,50,0.09157034274490843
11,51,0.09648663325711669
11,52,0.09696178287431172
11,53,0.09072630373998841
11,54,0.0887592950691259
11,55,0.08340531883364345
11,56,0.08535759334013475
11,57,0.09077873359477084
11,58,0.08819032111114875
11,59,0.10127939736416507
11,60,0.08220575319081211
11,61,0.1047476690523037
11,62,0.07922115953901782
12,13,0.4834483124698948
12,14,0.09297159844945964
12,15,0.12349665164188658
12,16,0.09769442522759325
12,17,0.09230299898237976
12,18,0.09665750408619557
12,19,0.12135504320571738
12,20,0.07787734116744358
12,21,0.09433968394761957
12,22,0.12911158678397217
12,23,0.07826210679433637
12,24,0.11390928357995019
12,25,0.10201817524818556
12,26,0.10413674595477806
12,27,0.09438007481866519
12,28,0.1070531749670388
12,29,0.09864034272747989
12,30,0.06466952128110688
12,31,0.10460413757842482
12,32,0.13919903785197452
12,33,0.12384435034034944
12,34,0.12049656697644104
12,35,0.12647855675621095
12,36,0.12009994913530976
12,37,0.12633387238495822
12,38,0.08756616376772319
12,39,0.08507671653315503
12,40,0.0948361016148713
12,41,0.08938538255557497
12,42,0.10362696222599263
12,43,0.09149892579800098
12,44,0.08918558776360011
12,45,0.08225975867693983
12,46,0.08947679671907315
12,47,0.09283847161813852
12,48,0.07392757792298145
12,49,0.10600170194195065
12,50,0.09390777881922432
12,51,0.0831162135377249
12,52,0.08298680680718139
12,53,0.14291638045702953
12,54,0.08790020382756125
12,55,0.12866389607825776
12,56,0.07322685691239489
12,57,0.11168640366607907
12,58,0.08175607483464074
12,59,0.08312033352032391
12,60,0.08807349135134476
12,61,0.08711573361305064
12,62,0.09916541686300323
13,14,0.09886559526272559
13,15,0.10389694209090891
13,16,0.09375432793391572
13,17,0.09719838344340502
13,18,0.10598952018262418
13,19,0.10513632817397497
13,20,0.06628818791825451
13,21,0.09486838113517955
13,22,0.11613918203364418
13,23,0.07708147823319138
13,24,0.09419086705961552
13,25,0.0923215737259734
13,26,0.08849055218087845
13,27,0.09594707286363367
13,28,0.09786609677411189
13,29,0.09436356321854522
13,30,0.06286557453249778
13,31,0.08892834720296945
13,32,0.08961903654468996
13,33,0.08720857801496826
13,34,0.10089459600047632
13,35,0.08762189093585086
13,36,0.08736520425683648
13,37,0.08752962804708894
13,38,0.08779018974978722
13,39,0.08204674939974808
13,40,0.09555588314172166
13,41,0.09493660097675817
13,42,0.09407024334686065
13,43,0.07729259726355643
13,44,0.09468496426555681
13,45,0.08447041946331231
13,46,0.08993926396542155
13,47,0.09969832432448238
13,48,0.069461456011036
13,49,0.10008542177792783
13,50,0.10657854797445156
13,51,0.080843587148981
13,52,0.08204773966915783
13,53,0.08775424095317641
13,54,0.10665391613332448
13,55,0.12254620209422136
13,56,0.085191108848275
13,57,0.09725456846249497
13,58,0.09013857552729318
13,59,0.08108127773138292
13,60,0.09268352838869105
13,61,0.102471653736431
13,62,0.11135191067880038
14,15,0.5608251499883143
14,16,0.6121165872831971
14,17,0.7586866409302816
14,18,0.831626422876129
14,19,0.5626206691907867
14,20,0.13709570673474097
14,21,0.8161386655593966
14,22,0.2524248351429143
14,23,0.14356897628922108
14,24,0.26483846862927213
14,25,0.15575187915596667
14,26,0.2879132654983805
14,27,0.15043699816590808
14,28,0.2672559612519706
14,29,0.27406523880900874
14,30,0.12634670312657664
14,31,0.2860906894926305
14,32,0.28199837226234337
14,33,0.2854270652732605
14,34,0.2605603117458725
14,35,0.26618464913880713
14,36,0.2881474360721132
14,37,0.2660211919817261
14,38,0.26655880697893614
14,39,0.2532263863272312
14,40,0.16057344909831026
14,41,0.16700258721272546
14,42,0.1569425148700943
14,43,0.12071168199799445
14,44,0.16752320917067776
14,45,0.16017073907306872
14,46,0.1561201984910739
14,47,0.16611651661108812
14,48,0.13917722870357077
14,49,0.15831482125596194
14,50,0.16193289575306336
14,51,0.1666771808510182
14,52,0.17090361880956292
14,53,0.1641824244668325
14,54,0.16004891923969058
14,55,0.15129950434039754
14,56,0.15764171647253894
14,57,0.14072114487696288
14,58,0.17476770663428098
14,59,0.16031082892739126
14,60,0.13521610644035964
14,61,0.1287035143401162
14,62,0.15938378408178117
15,16,0.46635548444591013
15,17,0.5762553514151592
15,18,0.5707478863076355
15,19,0.8199659312868626
15,20,0.16136568998014256
15,21,0.5624634037970867
15,22,0.2481102715572372
15,23,0.15769500286644156
15,24,0.24732389703658755
15,25,0.1565901234513166
15,26,0.30092638280695766
15,27,0.14674614409843412
15,28,0.26760974836781665
15,29,0.2666330979374585
15,30,0.13064626865401432
15,31,0.300137899680857
15,32,0.2887094810068116
15,33,0.2919329646506988
15,34,0.25533235805815
15,35,0.2637928726408915
15,36,0.2933808638340822
15,37,0.2632660061917847
15,38,0.30700997102391286
15,39,0.26537966267678803
15,40,0.1711906849881592
15,41,0.17943255237982383
15,42,0.14885375608726126
15,43,0.1247028512569607
15,44,0.1803787286086133
15,45,0.15731153496225406
15,46,0.155984515434064
15,47,0.16857108072037047
15,48,0.16371123254447978
15,49,0.1744223957060257
15,50,0.14548579201508316
15,51,0.151896903650386
15,52,0.1547587828972852
15,53,0.15863630881284482
15,54,0.1519989707554111
15,55,0.14823194667003067
15,56,0.1560675865730666
15,57,0.14160485835749004
15,58,0.1489796876219411
15,59,0.14941430678639622
15,60,0.13130083062003517
15,61,0.12727143392451604
15,62,0.15036154379083577
16,17,0.5399223119297085
16,18,0.6144264867052299
16,19,0.48118969299451303
16,20,0.12940313476617774
16,21,0.5996323539224275
16,22,0.21848526442914368
16,23,0.14274522942520354
16,24,0.2294467759012906
16,25,0.15610791431517532
16,26,0.25807070316160563
16,27,0.14914372621059552
16,28,0.23119519476714492
16,29,0.23693972192471197
16,30,0.14407159329472657
16,31,0.2583912395050062
16,32,0.2553315974725105
16,33,0.2552186581958225
16,34,0.22634281349969224
16,35,0.2387302104246955
16,36,0.2550938972604137
16,37,0.2389230577102502
16,38,0.23619099503331387
16,39,0.22644517245785814
16,40,0.1633709983611631
16,41,0.17527592976839615
16,42,0.1595362262440155
16,43,0.1430829613301068
16,44,0.17455863119565312
16,45,0.16884808675023255
16,46,0.1687927650711662
16,47,0.16549505341540088
16,48,0.14370280040133288
16,49,0.17924691449529107
16,50,0.1564960793696552
16,51,0.16160114910716922
16,52,0.17305983687325038
16,53,0.15339966172739622
16,54,0.1652205821023508
16,55,0.1694562252117371
16,56,0.16206707065181616
16,57,0.14831920442994315
16,58,0.1560511320281199
16,59,0.15630837083983398
16,60,0.1418428808649812
16,61,0.12900111036944933
16,62,0.15958533691479793
17,18,0.727273546712602
17,19,0.5626732086333184
17,20,0.14507620586452505
17,21,0.7190738691249959
17,22,0.24899622687255168
17,23,0.14364552634339614
17,24,0.2579407303589213
17,25,0.15452314244694393
17,26,0.2808059912052683
17,27,0.14685572727171609
17,28,0.2627842000783715
17,29,0.2826465323126891
17,30,0.13159202880135365
17,31,0.2821141291870952
17,32,0.2759347808020769
17,33,0.27901706634212436
17,34,0.2511152169779695
17,35,0.2605077690686358
17,36,0.2809854876893808
17,37,0.26029380438853983
17,38,0.2671634967176719
17,39,0.26249014374850893
17,40,0.18556242977196044
17,41,0.18546901547189973
17,42,0.14951661052195997
17,43,0.11710243575295141
17,44,0.18464042162740643
17,45,0.1507652558160478
17,46,0.17674753107307634
17,47,0.16792426663738355
17,48,0.14948091788969992
17,49,0.16678604576946862
17,50,0.14818702734845593
17,51,0.15906879722602862
17,52,0.16212199064732163
17,53,0.16710173374777826
17,54,0.1595052441336154
17,55,0.14196391827056073
17,56,0.15817283836412754
17,57,0.1429819324221287
17,58,0.18382492943614784
17,59,0.15733271300875418
17,60,0.13571491306247038
17,61,0.12804994502547062
17,62,0.15371580016025746
18,19,0.5845241284688114
18,20,0.1407661446389291
18,21,0.8642206228746242
18,22,0.25280931793884437
18,23,0.1451123875083056
18,24,0.2652636256179401
18,25,0.15887699682708473
18,26,0.2882814905774333
18,27,0.14894212533015402
18,28,0.2654087596989194
18,29,0.2738869723363245
18,30,0.13201063779664335
18,31,0.287415015856912
18,32,0.2808401879930832
18,33,0.28715346080357973
18,34,0.263473979915826
18,35,0.2634949985350463
18,36,0.28883129845052885
18,37,0.2631740509563861
18,38,0.26618737235376494
18,39,0.2535677848044316
18,40,0.15831781330430353
18,41,0.16809417229715443
18,42,0.16023561692403293
18,43,0.1260556489253095
18,44,0.1685586262731119
18,45,0.15782588988748708
18,46,0.15580917655479387
18,47,0.165269505087241
18,48,0.13811195362443343
18,49,0.16428007979327827
18,50,0.1611405708413114
18,51,0.16928790931177135
18,52,0.16987788473719204
18,53,0.16318010659713814
18,54,0.16546748098895322
18,55,0.1505149786158582
18,56,0.15500129697151557
18,57,0.1386495853569463
18,58,0.16745537186020287
18,59,0.16484397949420748
18,60,0.13354805220131089
18,61,0.12806952752699788
18,62,0.1673014279210244
19,20,0.16440589961713756
19,21,0.5809529237495464
19,22,0.24551487413764359
19,23,0.163812548543231
19,24,0.24177406105639523
19,25,0.1598158544946172
19,26,0.2987803199087443
19,27,0.15210770956627265
19,28,0.2616330329045349
19,29,0.2598101957550452
19,30,0.13343618539927354
19,31,0.29769462533778945
19,32,0.295745646680312
19,33,0.29034842847938763
19,34,0.2492760752960328
19,35,0.2679291503860501
19,36,0.2920828593269371
19,37,0.2674406935969275
19,38,0.2943926294922814
19,39,0.2563462152825222
19,40,0.16288813076492464
19,41,0.1720018040602366
19,42,0.15526410494036988
19,43,0.12272174330241524
19,44,0.17372967856678387
19,45,0.15543277172702802
19,46,0.15110508711264398
19,47,0.1581398543913015
19,48,0.16076388611144984
19,49,0.17965662420263281
19,50,0.1478214447783701
19,51,0.15290960636474715
19,52,0.1567420201629037
19,53,0.15680331509213724
19,54,0.15201794887416267
19,55,0.1486738708265987
19,56,0.15323699687643116
19,57,0.13943568084153093
19,58,0.14203612006549424
19,59,0.14991291878489657
19,60,0.13002731006355409
19,61,0.12597906736092856
19,62,0.1498826328749121
20,21,0.1446620333553285
20,22,0.11458850130391401
20,23,0.1655135814335679
20,24,0.10876611789631935
20,25,0.13268547936833908
20,26,0.12338840221661872
20,27,0.12996524599565393
20,28,0.12704751898613179
20,29,0.12225916507536128
20,30,0.12334342827802373
20,31,0.12607733387044018
20,32,0.1326650584568837
20,33,0.13369061207468586
20,34,0.11058520883979239
20,35,0.13017904964324065
20,36,0.12863849211019976
20,37,0.13012751119115218
20,38,0.11733974373907252
20,39,0.11743477959421014
20,40,0.15417889248652208
20,41,0.1716445905419704
20,42,0.14397678447508927
20,43,0.13655821068954468
20,44,0.17534274654734575
20,45,0.1592260476912674
20,46,0.16171283398779288
20,47,0.15609202869583222
20,48,0.15556448375493986
20,49,0.13236557257660203
20,50,0.12015854504519036
20,51,0.11929441370638377
20,52,0.12467026969573987
20,53,0.12861892057084218
20,54,0.11703296105407239
20,55,0.11975527165768075
20,56,0.1285433737784983
20,57,0.12612992438723358
20,58,0.1438793667131008
20,59,0.12855675302492958
20,60,0.11761991200762097
20,61,0.12319670964089696
20,62,0.12945452825038295
21,22,0.2499512935303226
21,23,0.14510556913730732
21,24,0.26264644145775135
21,25,0.15733153217217702
21,26,0.2870250702629538
21,27,0.15154847105550562
21,28,0.2613567986603338
21,29,0.26985843393538894
21,30,0.12778144398936336
21,31,0.2852927538124964
21,32,0.28033200866629565
21,33,0.28545857039166733
21,34,0.2622374846531809
21,35,0.2635654293180786
21,36,0.28817115569658974
21,37,0.2632439545921714
21,38,0.26482022325569904
21,39,0.2525899603769689
21,40,0.16258017449313814
21,41,0.17226301736576935
21,42,0.16200105571024845
21,43,0.1270591520900881
21,44,0.1726461225259039
21,45,0.16739971950217114
21,46,0.16038569141459327
21,47,0.1687067375252612
21,48,0.14516090716325658
21,49,0.16413748840206788
21,50,0.16166894923463804
21,51,0.17029814711835223
21,52,0.16596572854571218
21,53,0.16616165314929926
21,54,0.16771118616106873
21,55,0.15033887141415694
21,56,0.15398696518797608
21,57,0.14316040989554382
21,58,0.1680807006248203
21,59,0.16761286845285758
21,60,0.13762176990034583
21,61,0.12842914960722038
21,62,0.17138413847955528
22,23,0.12401746737970676
22,24,0.6459532961903525
22,25,0.13324902917773246
22,26,0.4837108376624002
22,27,0.1563814869436969
22,28,0.6994704793637251
22,29,0.6592345471327565
22,30,0.11106807688584866
22,31,0.47968343004751385
22,32,0.48046190724368987
22,33,0.4725932783631205
22,34,0.6066054812688536
22,35,0.5060851477038555
22,36,0.47653730762668084
22,37,0.5046894026540272
22,38,0.43095268388512625
22,39,0.442031513525207
22,40,0.18877460279817845
22,41,0.16338389550409327
22,42,0.15424376295349737
22,43,0.10637612668885013
22,44,0.1640631055105982
22,45,0.1198734452810538
22,46,0.1651780605074567
22,47,0.17612421502786046
22,48,0.11486899197947127
22,49,0.16960736817526723
22,50,0.13996504985512806
22,51,0.14469454071420226
22,52,0.14655541691254467
22,53,0.1657989179330688
22,54,0.13615023546529742
22,55,0.1447445147804947
22,56,0.12488108921288223
22,57,0.13649948686410568
22,58,0.13888755817091694
22,59,0.1492466825978535
22,60,0.12763834634398943
22,61,0.1444641564015412
22,62,0.15484768325752285
23,24,0.12176706727212253
23,25,0.1442673790190213
23,26,0.13763227063603023
23,27,0.1481703696399628
23,28,0.1384396263553731
23,29,0.13926947823184133
23,30,0.1510205675152667
23,31,0.1423036997808252
23,32,0.13410527820974466
23,33,0.1367226606416591
23,34,0.1231816445056373
23,35,0.12962519554459664
23,36,0.13320413185329621
23,37,0.12986306161208294
23,38,0.12592993661074098
23,39,0.12587841345076334
23,40,0.14348623116282072
23,41,0.14073617422143817
23,42,0.16775680204511334
23,43,0.11903511880640416
23,44,0.14454362246508126
23,45,0.1441341657917558
23,46,0.13293449074948488
23,47,0.12862385028386972
23,48,0.1372112186374386
23,49,0.14588355494659697
23,50,0.13719621937016818
23,51,0.1438525212209675
23,52,0.14105993099393674
23,53,0.13943395856399315
23,54,0.14038764297997347
23,55,0.13174341534962966
23,56,0.13343593428911663
23,57,0.13315646878479542
23,58,0.12761267509147034
23,59,0.1432873010341564
23,60,0.12757746951970012
23,61,0.15290418590718743
23,62,0.12245849369704405
24,25,0.1300727100189054
24,26,0.5373920502530734
24,27,0.14362534438363625
24,28,0.6962391521739878
24,29,0.7527601627398175
24,30,0.11199700620889431
24,31,0.5409240919373146
24,32,0.5256442682854415
24,33,0.5761935565137454
24,34,0.765727555666103
24,35,0.4024154259958336
24,36,0.5688963738938007
24,37,0.40438986370702196
24,38,0.45060025153884176
24,39,0.34075166155260855
24,40,0.1958225486218782
24,41,0.19700445493680963
24,42,0.14726186362117247
24,43,0.09903987409820583
24,44,0.1965362463367618
24,45,0.13911567804040686
24,46,0.18681602076400372
24,47,0.21509473802778065
24,48,0.1304084831700714
24,49,0.20238864143938026
24,50,0.14044741283545384
24,51,0.1335205770698022
24,52,0.13955453535151052
24,53,0.16711927553587472
24,54,0.1356778094953766
24,55,0.15269585364371505
24,56,0.11803148237625391
24,57,0.13390550607056748
24,58,0.14864230533345935
24,59,0.14852675836086435
24,60,0.12644179343399636
24,61,0.1390413501016905
24,62,0.1349944437458636
25,26,0.13640432618523826
25,27,0.15870124315697884
25,28,0.130805107925313
25,29,0.13309821489444087
25,30,0.12336798720117007
25,31,0.13808497316077126
25,32,0.14405066499523245
25,33,0.1418979020958197
25,34,0.12636047636381284
25,35,0.1374452806869547
25,36,0.14083756644100098
25,37,0.13742514767151062
25,38,0.1361656073569265
25,39,0.1308036309233577
25,40,0.1388041534835007
25,41,0.14013455509133155
25,42,0.1787797224588204
25,43,0.12753192139052102
25,44,0.14003069327573986
25,45,0.1381057995255006
25,46,0.13325430281240414
25,47,0.1389953465996183
25,48,0.13960514593658732
25,49,0.1595629504755881
25,50,0.17936067129089117
25,51,0.14813619313868265
25,52,0.14458862633892422
25,53,0.1385824096222612
25,54,0.14073797991698558
25,55,0.1391186566142547
25,56,0.13226186152547434
25,57,0.17034364972831506
25,58,0.1385731076754928
25,59,0.14711324783420215
25,60,0.15962517724262532
25,61,0.12877544472049454
25,62,0.13193312126385057
26,27,0.14787681457793742
26,28,0.5541811812310995
26,29,0.6025089694850715
26,30,0.12296166607078167
26,31,0.8398689354866172
26,32,0.733203355277227
26,33,0.7630294042854266
26,34,0.5018417284194951
26,35,0.6275288962543549
26,36,0.7780861057479437
26,37,0.6250672000920211
26,38,0.5833350349174113
26,39,0.45299741721674464
26,40,0.22739705631337198
26,41,0.2100599529466906
26,42,0.15156321237205114
26,43,0.1335330714543362
26,44,0.20912126414115487
26,45,0.12410640015328547
26,46,0.20141611778811253
26,47,0.22885276357415774
26,48,0.11303589991838525
26,49,0.17980676009473662
26,50,0.13166005364810118
26,51,0.13367104164089277
26,52,0.1381236868377142
26,53,0.15550963882600732
26,54,0.14474426496883888
26,55,0.13163418049839457
26,56,0.12031584473710596
26,57,0.127863755414822
26,58,0.12738844910339678
26,59,0.14014626237314348
26,60,0.123949752219906
26,61,0.12530701679304657
26,62,0.1371758308163416
27,28,0.15135490154135928
27,29,0.1522040003603938
27,30,0.15069273875278874
27,31,0.1453262885085103
27,32,0.1493340437201919
27,33,0.1426062324030002
27,34,0.14473656192586273
27,35,0.15417155972566587
27,36,0.14829270622554114
27,37,0.15416158973638722
27,38,0.13357898249348776
27,39,0.150829512445777
27,40,0.14176793500316745
27,41,0.14222201294414688
27,42,0.16021787356987438
27,43,0.11953434994374301
27,44,0.14195560290918918
27,45,0.12598262681667974
27,46,0.13544847100456822
27,47,0.13388799336948065
27,48,0.12048463428529559
27,49,0.14804462155961412
27,50,0.13960684419696753
27,51,0.15033403149086216
27,52,0.13953146651729398
27,53,0.15402017177447433
27,54,0.14555320043415926
27,55,0.1302394813640173
27,56,0.1476235969375264
27,57,0.1384105426970663
27,58,0.14426868869776693
27,59,0.14594615125078034
27,60,0.12951649941298932
27,61,0.13245584725223988
27,62,0.14150062509392372
28,29,0.7657833477161551
28,30,0.11926346218420439
28,31,0.5510997791869364
28,32,0.5546754658339487
28,33,0.5257830217389389
28,34,0.6530097304166391
28,35,0.415923903381418
28,36,0.5290403889983186
28,37,0.414571597843362
28,38,0.5239987282843552
28,39,0.3664404319678205
28,40,0.18873632567492632
28,41,0.20245332754389786
28,42,0.1651319463527999
28,43,0.10315595099999177
28,44,0.2023050192214119
28,45,0.12976169874440796
28,46,0.1792972082119073
28,47,0.19642907288136563
28,48,0.1304212678844451
28,49,0.19054431408261313
28,50,0.13654745986864195
28,51,0.13215191125440148
28,52,0.13042441649771244
28,53,0.19158410073993493
28,54,0.13638591235845327
28,55,0.13749177146047512
28,56,0.12473415196952241
28,57,0.13201506894904955
28,58,0.14038263593665992
28,59,0.1389814704063368
28,60,0.12359696563325473
28,61,0.14221833063865075
28,62,0.13467738089396947
29,30,0.11212361142342506
29,31,0.6021402537069526
29,32,0.5466697650756549
29,33,0.5843089262951218
29,34,0.6867613236897193
29,35,0.42788812942055854
29,36,0.5839977870236089
29,37,0.4266647531351163
29,38,0.5073896911048074
29,39,0.39141696251086594
29,40,0.20769050530261743
29,41,0.21109167651037422
29,42,0.1619328594204306
29,43,0.10702605242039107
29,44,0.20990774970465537
29,45,0.13523057377471853
29,46,0.20014652865712104
29,47,0.198034299392787
29,48,0.13160245248792668
29,49,0.19939037837931622
29,50,0.13468729142815375
29,51,0.12696862404948278
29,52,0.1293048167137196
29,53,0.15640774251015618
29,54,0.129418362037002
29,55,0.13651509850284516
29,56,0.12271470750535782
29,57,0.13068496623002349
29,58,0.1374684586748679
29,59,0.13727290617186136
29,60,0.12204901547538152
29,61,0.13998228848544714
29,62,0.12762274397644507
30,31,0.1242855261525318
30,32,0.1176025510675896
30,33,0.11680843259635765
30,34,0.1083998799066132
30,35,0.11015242393653363
30,36,0.11824653606265971
30,37,0.11015967530884681
30,38,0.13007835833905945
30,39,0.1135093100259775
30,40,0.11869434842401752
30,41,0.11910887888099038
30,42,0.12096555428122817
30,43,0.1093313223079357
30,44,0.12316374036136134
30,45,0.12785319605752793
30,46,0.1145392275193577
30,47,0.11729338447867052
30,48,0.1214614011611464
30,49,0.13021147025474808
30,50,0.12011784888882854
30,51,0.12996237886727977
30,52,0.14922319471736406
30,53,0.12437742612075432
30,54,0.12146854767527016
30,55,0.1498550961430575
30,56,0.12869073874188877
30,57,0.11443489318364754
30,58,0.11818759087512562
30,59,0.13277682126477186
30,60,0.10789020224303325
30,61,0.19233347541168042
30,62,0.11714649497006155
31,32,0.7258032422050473
31,33,0.7748946750982595
31,34,0.5122993390122502
31,35,0.6186368258076743
31,36,0.7674578502170879
31,37,0.6161052997566405
31,38,0.5831417425286615
31,39,0.45111846626234126
31,40,0.23113805995613645
31,41,0.21828085391743007
31,42,0.1561118036363017
31,43,0.13183534031224936
31,44,0.21726123995591756
31,45,0.12539320590546682
31,46,0.20851146116747862
31,47,0.23191309297529777
31,48,0.1140781778648743
31,49,0.1783861235226394
31,50,0.1330630610895818
31,51,0.13567553350542885
31,52,0.14684410062234185
31,53,0.15678326055420885
31,54,0.15055264403524693
31,55,0.1328628026102433
31,56,0.12069443717752903
31,57,0.12923157237536337
31,58,0.1288061646950448
31,59,0.1420182190491843
31,60,0.1252497295771404
31,61,0.12376126328201538
31,62,0.1435488921936947
32,33,0.7847986635175495
32,34,0.5082074400465674
32,35,0.6946226222834457
32,36,0.796824089990353
32,37,0.6936796201862132
32,38,0.5693044729103232
32,39,0.4155371094081085
32,40,0.19537517430372164
32,41,0.1740868649875713
32,42,0.15647714782275723
32,43,0.11555277136495268
32,44,0.17226472434351925
32,45,0.12032475233412467
32,46,0.1716496253007873
32,47,0.19545450460873232
32,48,0.11576673193997022
32,49,0.16335208790258762
32,50,0.1337770955173911
32,51,0.13480441625450965
32,52,0.14160833523775748
32,53,0.1668851253559946
32,54,0.14664152326734395
32,55,0.13388862326721918
32,56,0.12366564572324647
32,57,0.13420524978312298
32,58,0.13436741736674218
32,59,0.14419368291315682
32,60,0.13057733502509125
32,61,0.12347920999186726
32,62,0.12933809405125474
33,34,0.5626579691555691
33,35,0.652463382729407
33,36,0.834528498294129
33,37,0.6537279827215546
33,38,0.5590311950604332
33,39,0.4183386010277653
33,40,0.21241418864716707
33,41,0.18825854270878115
33,42,0.15174893393874261
33,43,0.11982132091318187
33,44,0.18721984757067645
33,45,0.11971610273867478
33,46,0.1889709594405904
33,47,0.2162530669427999
33,48,0.1173423791012044
33,49,0.17276297458793313
33,50,0.13360247747928006
33,51,0.13581775446842662
33,52,0.14548139721366377
33,53,0.15729427610232524
33,54,0.14984141942947732
33,55,0.13593375364462415
33,56,0.12208159915631878
33,57,0.13219159956566082
33,58,0.13358821802747428
33,59,0.14448260897190554
33,60,0.1289202015389687
33,61,0.12344762973276814
33,62,0.14103219131371672
34,35,0.380100187001202
34,36,0.550783318059754
34,37,0.37735506555336285
34,38,0.45399586287986426
34,39,0.32411634175333326
34,40,0.20842010473320483
34,41,0.20509278847450713
34,42,0.14137178615199808
34,43,0.09715324240064098
34,44,0.20286449217002483
34,45,0.11493380823499326
34,46,0.2006106941966471
34,47,0.23042990141542188
34,48,0.11640708116267226
34,49,0.19628718724375668
34,50,0.1404005760801471
34,51,0.13262642211637427
34,52,0.13939337464489251
34,53,0.18648958626179646
34,54,0.1339617425610289
34,55,0.15404091225328145
34,56,0.1186713465697747
34,57,0.133393263576524
34,58,0.14086427616167807
34,59,0.14831785625871086
34,60,0.12608280144168288
34,61,0.13377702639593841
34,62,0.13610986951959111
35,36,0.6665032923123829
35,37,0.8462253256853176
35,38,0.43855349638512064
35,39,0.48232538298064276
35,40,0.20524070364363978
35,41,0.18090424374654696
35,42,0.1656156045547298
35,43,0.11765077718736822
35,44,0.18051649852964163
35,45,0.1175667209602574
35,46,0.18195486815950868
35,47,0.19455536741820711
35,48,0.1071516556053862
35,49,0.14062931963251174
35,50,0.12823539604285278
35,51,0.14442742264378436
35,52,0.14393449353282806
35,53,0.13047485688114188
35,54,0.14332615607300414
35,55,0.13800303554851207
35,56,0.14447905499752442
35,57,0.13001363189200252
35,58,0.13771673355286088
35,59,0.14485933377183177
35,60,0.1243374185212663
35,61,0.12045587728748915
35,62,0.12769955125263552
36,37,0.6655849312974699
36,38,0.5646422733967145
36,39,0.4214420487973711
36,40,0.2123901077561811
36,41,0.18287854473681925
36,42,0.14793153935969544
36,43,0.12394769842513993
36,44,0.1817893957008554
36,45,0.11933403575219105
36,46,0.18545414637836233
36,47,0.21578945575661126
36,48,0.11621657832907069
36,49,0.17600836611120074
36,50,0.13320837727932572
36,51,0.13493831583413116
36,52,0.14129613902868318
36,53,0.15728627689648905
36,54,0.14581291573344904
36,55,0.13581114436976097
36,56,0.12196306560151254
36,57,0.13193878694106392
36,58,0.13328346827439486
36,59,0.14376167603444306
36,60,0.1287401005407928
36,61,0.12333825289084269
36,62,0.13165815133589123
37,38,0.4364417702227917
37,39,0.4813418021134928
37,40,0.20638668377905683
37,41,0.1789618138579419
37,42,0.16442102840528844
37,43,0.11739232246148962
37,44,0.17865881283891816
37,45,0.1175494851180696
37,46,0.18336424526604267
37,47,0.19223365360783468
37,48,0.10713362923973635
37,49,0.1413438393184066
37,50,0.1282199070282544
37,51,0.14430189023738588
37,52,0.14366326504344004
37,53,0.13045480941421586
37,54,0.14320207402053392
37,55,0.1381126700343209
37,56,0.144038371886115
37,57,0.12997910673019153
37,58,0.13718734307867744
37,59,0.14491434588726154
37,60,0.1242435259579444
37,61,0.12045366788373112
37,62,0.12765624799505745
38,39,0.584152117690422
38,40,0.1815922468307919
38,41,0.21341267257546404
38,42,0.13392025591386625
38,43,0.13741212395165273
38,44,0.21124458578840472
38,45,0.12185834517665318
38,46,0.18447235575256232
38,47,0.1880143068032918
38,48,0.1290270628103847
38,49,0.16730919713997056
38,50,0.131620927709536
38,51,0.1349061653218784
38,52,0.1453008782435003
38,53,0.16846792290232582
38,54,0.1460383232338755
38,55,0.12243057604143412
38,56,0.12365095093602146
38,57,0.1264960938823297
38,58,0.15848799167395405
38,59,0.13204114504316775
38,60,0.11823486690468483
38,61,0.12124569244795091
38,62,0.1493288288049121
39,40,0.17645622002003702
39,41,0.1617978418471871
39,42,0.13233696785595875
39,43,0.14016272468369342
39,44,0.16180933612951595
39,45,0.13521528197206675
39,46,0.15691559875936004
39,47,0.16688534011618386
39,48,0.1297004124836913
39,49,0.1563207833018206
39,50,0.13070000415422373
39,51,0.14008316294595513
39,52,0.15878961468895506
39,53,0.15034927159474992
39,54,0.13202648301430192
39,55,0.12944928453525162
39,56,0.1295291724618318
39,57,0.1274763338529547
39,58,0.14897313261407102
39,59,0.13012362706311276
39,60,0.118491939907838
39,61,0.12754415060769866
39,62,0.1587603831889535
40,41,0.7403066586256143
40,42,0.19983515048780764
40,43,0.12825399687489014
40,44,0.733560391967824
40,45,0.12499192656744573
40,46,0.7811365537087697
40,47,0.7314941099878323
40,48,0.11742067985922021
40,49,0.34262491123222594
40,50,0.133521146597576
40,51,0.13540402982084768
40,52,0.1317928226892176
40,53,0.13994721375621955
40,54,0.13935206925854574
40,55,0.12229304756557564
40,56,0.12506190048723106
40,57,0.12576138225859368
40,58,0.14759745900204121
40,59,0.13561032423799
40,60,0.11854992601808086
40,61,0.12069830985530271
40,62,0.1289880554029847
41,42,0.20688137191708839
41,43,0.13704812893633014
41,44,0.8440660219300171
41,45,0.13381969797455973
41,46,0.7749569454083953
41,47,0.7502962858867486
41,48,0.12314626967473347
41,49,0.3732720906496599
41,50,0.13593829113445152
41,51,0.13851664695291319
41,52,0.14304786650442303
41,53,0.16175881719481452
41,54,0.1644242971854857
41,55,0.12239606486122616
41,56,0.14149889008390643
41,57,0.12841431633651393
41,58,0.1748467227898978
41,59,0.13927948560074735
41,60,0.12115340368547342
41,61,0.13166303785042135
41,62,0.14244595160480716
42,43,0.1186992730332686
42,44,0.2059171670462657
42,45,0.1420231829666013
42,46,0.20325380173022756
42,47,0.2186394211446295
42,48,0.12525142173926554
42,49,0.18240527223471478
42,50,0.14814386598637022
42,51,0.13894741377580805
42,52,0.1472991156634979
42,53,0.15681783855894882
42,54,0.14217233518801956
42,55,0.145663244597331
42,56,0.13899157575249535
42,57,0.13950073809971605
42,58,0.15397079299035393
42,59,0.15256921661723571
42,60,0.13307122516559752
42,61,0.12674456924466293
42,62,0.12966297521885087
43,44,0.13683257819556888
43,45,0.12751777706442705
43,46,0.11559547422350569
43,47,0.13525281982262127
43,48,0.1303442629096586
43,49,0.11756215592119672
43,50,0.1384907768365864
43,51,0.1189632896011196
43,52,0.11272561702800941
43,53,0.11631089333496145
43,54,0.1107203535665955
43,55,0.12271936494499308
43,56,0.11525092866340227
43,57,0.1234184275506603
43,58,0.13438725072916718
43,59,0.12114950492106587
43,60,0.11954748015056459
43,61,0.11403214326372145
43,62,0.13056357583782152
44,45,0.13903292128671896
44,46,0.7688851863278974
44,47,0.7512621603614758
44,48,0.12867613502088002
44,49,0.38660917071434137
44,50,0.13604117187988204
44,51,0.13884189002261568
44,52,0.14595559978919537
44,53,0.16198934977315899
44,54,0.1625963417581345
44,55,0.12317668413119541
44,56,0.14423690941908546
44,57,0.12854461904568396
44,58,0.16847504043129474
44,59,0.14252818187610156
44,60,0.12127484797012483
44,61,0.137824535068457
44,62,0.14271399183109096
45,46,0.12139493796647578
45,47,0.12802807390034368
45,48,0.6261107806522
45,49,0.15311216551465512
45,50,0.13999998172372477
45,51,0.14557795163515308
45,52,0.13517973940860042
45,53,0.13048616998843268
45,54,0.12709308952563902
45,55,0.13328529828717445
45,56,0.12866651061223464
45,57,0.12873327316732414
45,58,0.1250606950865257
45,59,0.14762583093037057
45,60,0.12044248235624064
45,61,0.1367893840809674
45,62,0.140692434415006
46,47,0.6741085264724602
46,48,0.1135015471243705
46,49,0.3657562588625253
46,50,0.13003740856043217
46,51,0.12956195830634828
46,52,0.13051790888345283
46,53,0.1501289835665158
46,54,0.15673865465929643
46,55,0.1180972955637289
46,56,0.12383204030410576
46,57,0.12240213771479892
46,58,0.16921608105412805
46,59,0.12984316745099253
46,60,0.1151936811401349
46,61,0.11530075470747639
46,62,0.12402631280889924
47,48,0.11419381940160112
47,49,0.377106216149951
47,50,0.13597904213732845
47,51,0.13463610772754195
47,52,0.1430948315515811
47,53,0.14667337001526126
47,54,0.1554618024112559
47,55,0.12575635491209303
47,56,0.12829050998987665
47,57,0.12919667765479004
47,58,0.15281591738499126
47,59,0.13489923867658418
47,60,0.12167708236076558
47,61,0.1250181624669685
47,62,0.13162001662265388
48,49,0.1304469173243786
48,50,0.12858388266687815
48,51,0.12809376052008054
48,52,0.12206233668918681
48,53,0.1164928315166023
48,54,0.11656379449366856
48,55,0.11475618504729007
48,56,0.10749295243627484
48,57,0.12654156724820181
48,58,0.11317299055045069
48,59,0.1252934339104723
48,60,0.11502114049186093
48,61,0.1189278688769716
48,62,0.11678082692747484
49,50,0.1556463565831921
49,51,0.1699527140109507
49,52,0.17828959596953428
49,53,0.19168532435330926
49,54,0.15078260652263956
49,55,0.14106140320844393
49,56,0.17375831308496026
49,57,0.1420782713000508
49,58,0.1896008300378627
49,59,0.17770864327717692
49,60,0.1458711028541743
49,61,0.12271144004980718
49,62,0.14394105428617457
50,51,0.6230580714473899
50,52,0.4476693636835468
50,53,0.30730828062669957
50,54,0.40617364135784334
50,55,0.34543397722771224
50,56,0.49845191551675716
50,57,0.7086422950658036
50,58,0.41125430703475807
50,59,0.5840645416112972
50,60,0.7710826850323389
50,61,0.13351880554161852
50,62,0.3511570060322861
51,52,0.5865861190634293
51,53,0.39454781937432304
51,54,0.5047536023611754
51,55,0.47085663606751293
51,56,0.6883199985092766
51,57,0.5854572308341778
51,58,0.5025345816182649
51,59,0.7881347364672665
51,60,0.5884624768727417
51,61,0.13186120460827702
51,62,0.4477863395525258
52,53,0.4554844461361922
52,54,0.48019506797139433
52,55,0.49351471505618544
52,56,0.6457952772424681
52,57,0.5332532691772901
52,58,0.44924957364245033
52,59,0.5832103234595821
52,60,0.47832218697268813
52,61,0.12492204043812873
52,62,0.46440618029762387
53,54,0.42693099954078856
53,55,0.40642636915262764
53,56,0.42791420029216787
53,57,0.3500870662694409
53,58,0.4629547063230658
53,59,0.44979869437844106
53,60,0.3304212074702303
53,61,0.1246592893295
53,62,0.46522838849227777
54,55,0.3977397020721054
54,56,0.5602542119147739
54,57,0.39431523062311324
54,58,0.41339461354101537
54,59,0.5273147555392274
54,60,0.3749177083197219
54,61,0.12953116860999755
54,62,0.405097167023988
55,56,0.5017438755096479
55,57,0.40482449513799507
55,58,0.4435831221399147
55,59,0.4949358022682895
55,60,0.35748093988745316
55,61,0.11319240169441049
55,62,0.4356306349938316
56,57,0.5301330040209065
56,58,0.49833053946521483
56,59,0.6813029086387421
56,60,0.49145660116176265
56,61,0.11825487355845195
56,62,0.4698301057346299
57,58,0.3993922694300667
57,59,0.5564444794718401
57,60,0.7542534903110776
57,61,0.12301036997993531
57,62,0.3365584025982378
58,59,0.5405315284767874
58,60,0.3741782322777714
58,61,0.13016192080082653
58,62,0.3429233079701488
59,60,0.557121475479853
59,61,0.1298107605816721
59,62,0.45853434057039766
60,61,0.11862266136505281
60,62,0.35322058802435746
61,62,0.11334629329123577
