cluster,strategy_id,reason
0,SQX-ADA-M15-4a97d90f9040,highest exact DEV expectancy within deterministic cluster
1,SQX-ADA-M15-8d1405167b75,highest exact DEV expectancy within deterministic cluster
2,SQX-ADA-M15-2ca887d2332d,highest exact DEV expectancy within deterministic cluster
5,SQX-ADA-M15-8658b680b253,highest exact DEV expectancy within deterministic cluster
8,SQX-ADA-M15-de9960d4ff3c,highest exact DEV expectancy within deterministic cluster
10,SQX-ADA-M15-7bc42dfc4f8e,highest exact DEV expectancy within deterministic cluster
11,SQX-AVAX-M15-5e3f50000ee3,highest exact DEV expectancy within deterministic cluster
12,SQX-AVAX-M15-412fb5d9c90b,highest exact DEV expectancy within deterministic cluster
13,SQX-AVAX-M15-84d059566292,highest exact DEV expectancy within deterministic cluster
14,SQX-BTC-M15-48ac8be38346,highest exact DEV expectancy within deterministic cluster
15,SQX-BTC-M15-30e5b9399c1c,highest exact DEV expectancy within deterministic cluster
16,SQX-BTC-M15-360a61fab74c,highest exact DEV expectancy within deterministic cluster
20,SQX-BTC-M15-6a213373b540,highest exact DEV expectancy within deterministic cluster
22,SQX-BTC-M15-a4ba0f076580,highest exact DEV expectancy within deterministic cluster
24,SQX-BTC-M15-45437cccb9cc,highest exact DEV expectancy within deterministic cluster
25,SQX-BTC-M15-57f32155c9d7,highest exact DEV expectancy within deterministic cluster
26,SQX-BTC-M15-5fafbc53ba0d,highest exact DEV expectancy within deterministic cluster
27,SQX-BTC-M15-86bba3866c32,highest exact DEV expectancy within deterministic cluster
30,SQX-BTC-M15-ab3d17d8f827,highest exact DEV expectancy within deterministic cluster
38,SQX-BTC-M15-ea155703e23e,highest exact DEV expectancy within deterministic cluster
39,SQX-BTC-M15-f5a6c8777011,highest exact DEV expectancy within deterministic cluster
40,SQX-ETH-M15-bce1b0f5e442,highest exact DEV expectancy within deterministic cluster
42,SQX-ETH-M15-524fec11b384,highest exact DEV expectancy within deterministic cluster
43,SQX-ETH-M15-7c0f8cba624c,highest exact DEV expectancy within deterministic cluster
45,SQX-ETH-M15-a8332571f440,highest exact DEV expectancy within deterministic cluster
48,SQX-ETH-M15-d4337607e16c,highest exact DEV expectancy within deterministic cluster
49,SQX-ETH-M15-d56a49503fc6,highest exact DEV expectancy within deterministic cluster
50,SQX-TRX-M15-c7202bad5624,highest exact DEV expectancy within deterministic cluster
51,SQX-TRX-M15-a1c8b87d4110,highest exact DEV expectancy within deterministic cluster
52,SQX-TRX-M15-56eb71760634,highest exact DEV expectancy within deterministic cluster
53,SQX-TRX-M15-5ce5bfe62a4d,highest exact DEV expectancy within deterministic cluster
54,SQX-TRX-M15-96a24cab8cea,highest exact DEV expectancy within deterministic cluster
55,SQX-TRX-M15-96a53eed5b7b,highest exact DEV expectancy within deterministic cluster
58,SQX-TRX-M15-dbbb0c4352ab,highest exact DEV expectancy within deterministic cluster
61,SQX-TRX-M15-f3fbbdf108a0,highest exact DEV expectancy within deterministic cluster
62,SQX-TRX-M15-f682b0eed0ee,highest exact DEV expectancy within deterministic cluster
