i,j,edge_state_corr
0,1,0.6330872774641773
0,2,0.2886759581881534
0,3,0.9754081632653059
0,4,0.9230612244897958
0,5,0.3703989703989704
0,6,0.5948762483716891
0,7,0.873877551020408
0,8,0.26040703052728953
0,9,0.9754081632653059
0,10,-0.03831417624521073
0,11,0.2556650246305418
0,12,0.08893280632411067
0,13,-0.009230769230769232
0,14,0.004379341588643914
0,15,0.46707410236822
0,16,0.037531458584090155
0,17,0.13787375415282394
0,18,-0.034279673814557536
0,19,0.4056531703590527
0,20,0.20721925133689842
0,21,-0.03095741467834491
0,22,-0.09469074986316366
0,23,0.06437246963562754
0,24,-0.1023535851122058
0,25,-0.051303735024665245
0,26,0.13014460511679646
0,27,0.003970504821327283
0,28,-0.03886152162014231
0,29,-0.04159824849480022
0,30,-0.13230373230373232
0,31,0.15728587319243603
0,32,-0.0006674082313681868
0,33,0.10211345939933258
0,34,-0.013683634373289545
0,35,0.08298109010011123
0,36,0.06918798665183537
0,37,0.08298109010011123
0,38,0.2625152625152625
0,39,0.163003663003663
0,40,-0.06764705882352941
0,41,-0.15
0,42,0.0014170040485829958
0,43,0.30856507230255836
0,44,-0.15
0,45,0.10134310134310134
0,46,-0.23823529411764705
0,47,-0.16764705882352943
0,48,0.3247863247863248
0,49,-0.13076923076923078
0,50,0.1288888888888889
0,51,0.10644257703081232
0,52,0.1266711229946524
0,53,-0.150519978106185
0,54,-0.021978021978021976
0,55,0.0033370411568409346
0,56,0.199694423223835
0,57,0.2635897435897435
0,58,0.2784615384615384
0,59,0.054621848739495805
0,60,0.11658119658119658
0,61,-0.13736631016042783
0,62,0.03739130434782608
1,2,0.14442508710801397
1,3,0.6304819800260529
1,4,0.6925749023013461
1,5,0.5815552394499762
1,6,0.9395918367346937
1,7,0.6322188449848024
1,8,0.19518963922294172
1,9,0.6304819800260529
1,10,-0.04324028461959496
1,11,0.39359605911330037
1,12,0.2934782608695652
1,13,0.29384615384615387
1,14,0.056176381757777095
1,15,0.39281894576012216
1,16,0.1027464711675238
1,17,0.2783147085472667
1,18,0.10601026880096646
1,19,0.39281894576012216
1,20,-0.004430863254392665
1,21,0.07459981878586529
1,22,-0.09085933223864258
1,23,-0.05196998123827393
1,24,-0.17624521072796934
1,25,0.0036645525017618033
1,26,0.07808676307007786
1,27,-0.2585689976501094
1,28,0.01532567049808429
1,29,-0.0180623973727422
1,30,0.05350140056022409
1,31,0.07408231368186874
1,32,-0.03759733036707453
1,33,-0.026918798665183537
1,34,-0.16420361247947454
1,35,0.05628476084538376
1,36,-0.020244716351501667
1,37,0.05628476084538376
1,38,0.34222222222222215
1,39,0.2875213675213675
1,40,-0.24264705882352944
1,41,-0.3357843137254902
1,42,0.08761726078799251
1,43,0.08120133481646273
1,44,-0.3357843137254902
1,45,0.40354090354090355
1,46,-0.3872549019607844
1,47,-0.3504901960784314
1,48,0.5360195360195361
1,49,0.07999999999999999
1,50,0.004615384615384616
1,51,-0.11876750700280113
1,52,-0.054144385026737976
1,53,-0.0010946907498631637
1,54,-0.12759462759462756
1,55,0.033592880978865404
1,56,-0.07746371275783039
1,57,-0.025384615384615387
1,58,0.014615384615384615
1,59,-0.09355742296918769
1,60,-0.012307692307692308
1,61,0.018328445747800584
1,62,-0.002608695652173913
2,3,0.2520905923344948
2,4,0.2623693379790941
2,5,0.13092721232256116
2,6,0.16689895470383279
2,7,0.19947735191637633
2,8,0.16481762311437467
2,9,0.2520905923344948
2,10,-0.10242914979757085
2,11,0.1777003484320558
2,12,0.23195187165775402
2,13,0.1824866310160428
2,14,0.047012162876784766
2,15,0.17053842813721234
2,16,0.08915570802363253
2,17,0.050819672131147534
2,18,0.09381279746166049
2,19,0.15295267042987407
2,20,0.12956810631229235
2,21,0.04452670544685351
2,22,-0.1097165991902834
2,23,-0.08948291242425176
2,24,-0.022672064777327933
2,25,0.07361184558434689
2,26,0.22456445993031363
2,27,0.1358155043067519
2,28,-0.10060728744939271
2,29,-0.02854251012145749
2,30,0.04211897524967434
2,31,0.2557491289198607
2,32,0.24337979094076662
2,33,0.28466898954703834
2,34,-0.0597165991902834
2,35,0.1937282229965157
2,36,0.27700348432055755
2,37,0.18832752613240422
2,38,0.22894736842105262
2,39,0.019838056680161944
2,40,0.048418972332015815
2,41,-0.02865612648221344
2,42,-0.09761472647135079
2,43,0.06701239769872783
2,44,-0.004940711462450594
2,45,0.21881533101045303
2,46,0.016798418972332016
2,47,-0.05533596837944664
2,48,0.1968641114982579
2,49,0.051537367326841006
2,50,0.18217636022514072
2,51,0.08533013205282113
2,52,0.1508901432913591
2,53,-0.1438888280993544
2,54,-0.1346974504869242
2,55,0.004127579737335836
2,56,0.09194528875379938
2,57,0.15440900562851784
2,58,-0.06049465240641711
2,59,0.05699879951980792
2,60,0.22514071294559101
2,61,0.026530612244897955
2,62,0.02309384164222874
3,4,0.9076530612244897
3,5,0.41621621621621624
3,6,0.600412505427703
3,7,0.8633673469387754
3,8,0.2062904717853839
3,9,0.9999999999999999
3,10,-0.058018609742747675
3,11,0.2669950738916256
3,12,0.08596837944664032
3,13,0.052307692307692305
3,14,0.0015101177891875567
3,15,0.4603514132925898
3,16,0.07145201882043987
3,17,0.09800664451827243
3,18,-0.059347629115070966
3,19,0.39831932773109235
3,20,0.23128342245989308
3,21,-0.059347629115070966
3,22,-0.0996168582375479
3,23,0.051417004048583
3,24,-0.10946907498631636
3,25,-0.06596194503171246
3,26,0.12525027808676306
3,27,0.07851875860951302
3,28,-0.04324028461959496
3,29,-0.0481663929939792
3,30,-0.14208494208494207
3,31,0.0896551724137931
3,32,-0.06963292547274749
3,33,0.038042269187986644
3,34,-0.01751505199781062
3,35,0.02513904338153504
3,36,0.07363737486095662
3,37,0.02513904338153504
3,38,0.1978021978021978
3,39,0.10256410256410256
3,40,-0.023529411764705882
3,41,-0.10294117647058824
3,42,-0.03623481781376518
3,43,0.32146829810900995
3,44,-0.10294117647058824
3,45,0.21123321123321123
3,46,-0.16176470588235295
3,47,-0.11470588235294117
3,48,0.3705738705738706
3,49,-0.07923076923076922
3,50,0.14803418803418802
3,51,0.09103641456582634
3,52,0.06283422459893048
3,53,-0.11001642036124794
3,54,-0.06166056166056166
3,55,-0.015350389321468297
3,56,0.17005347593582887
3,57,0.2622222222222222
3,58,0.3246153846153846
3,59,0.04089635854341737
3,60,0.1158974358974359
3,61,-0.05949197860962566
3,62,0.010434782608695651
4,5,0.40205920205920204
4,6,0.6863873208858012
4,7,0.9613265306122448
4,8,0.1877890841813136
4,9,0.9076530612244897
4,10,-0.03940886699507389
4,11,0.13596059113300488
4,12,-0.04051383399209487
4,13,-0.13384615384615384
4,14,-0.002718212020537602
4,15,0.439877769289534
4,16,-0.001641317430791115
4,17,0.14331017819389913
4,18,-0.038810027182120205
4,19,0.3812070282658518
4,20,0.2737299465240642
4,21,-0.030202355783751137
4,22,-0.055281882868089764
4,23,-0.015991902834008098
4,24,-0.08812260536398467
4,25,-0.03481324876673713
4,26,0.14616240266963293
4,27,-0.08030143424357833
4,28,-0.009852216748768473
4,29,-0.006568144499178982
4,30,-0.11402831402831404
4,31,0.17552836484983317
4,32,0.020689655172413793
4,33,0.1239154616240267
4,34,-0.0049261083743842365
4,35,0.11946607341490545
4,36,0.0878754171301446
4,37,0.11946607341490545
4,38,0.2875457875457875
4,39,0.1978021978021978
4,40,-0.0823529411764706
4,41,-0.13823529411764704
4,42,0.04392712550607288
4,43,0.10122358175750834
4,44,-0.13823529411764704
4,45,0.2039072039072039
4,46,-0.2323529411764706
4,47,-0.1764705882352941
4,48,0.41819291819291815
4,49,-0.18307692307692305
4,50,0.033846153846153845
4,51,0.06582633053221289
4,52,0.047459893048128345
4,53,-0.09688013136288998
4,54,-0.08424908424908426
4,55,-0.046941045606229144
4,56,0.1257448433919022
4,57,0.14940170940170938
4,58,0.23076923076923078
4,59,0.02913165266106443
4,60,-0.0017094017094017092
4,61,-0.016711229946524065
4,62,-0.08086956521739129
5,6,0.528212422949265
5,7,0.3657657657657658
5,8,0.1577551020408163
5,9,0.41621621621621624
5,10,-0.035923753665689145
5,11,0.3797552836484983
5,12,-0.10559006211180126
5,13,0.2862789384528515
5,14,0.07678075855689177
5,15,0.19418386491557227
5,16,0.14044095439444276
5,17,0.26491674375578167
5,18,0.14974560592044403
5,19,0.19155722326454036
5,20,-0.1057915057915058
5,21,0.06521739130434782
5,22,-0.06096256684491979
5,23,-0.010128838829916538
5,24,-0.18074866310160428
5,25,-0.10214937038645246
5,26,0.005148005148005148
5,27,0.01818181818181818
5,28,-0.08968678380443086
5,29,-0.05240641711229946
5,30,0.07563025210084033
5,31,-0.0344916344916345
5,32,-0.12046332046332048
5,33,-0.12046332046332048
5,34,-0.19052711993888463
5,35,0.009781209781209782
5,36,-0.07593307593307594
5,37,0.009781209781209782
5,38,0.05975073313782991
5,39,0.28115835777126097
5,40,-0.6535714285714285
5,41,-0.6107142857142855
5,42,-0.1733246900575318
5,43,0.12934491978609627
5,44,-0.6142857142857142
5,45,-0.11477832512315268
5,46,-0.557142857142857
5,47,-0.5692307692307692
5,48,-0.21083743842364527
5,49,0.06776556776556776
5,50,-0.04923076923076923
5,51,-0.0019862490450725744
5,52,-0.11693548387096775
5,53,-0.3004926108374384
5,54,0.011857707509881422
5,55,-0.06959706959706959
5,56,-0.05865102639296187
5,57,-0.026153846153846153
5,58,0.08074534161490683
5,59,0.031932773109243695
5,60,-0.15000000000000002
5,61,0.15636284057336688
5,62,-0.17673630717108982
6,7,0.6879070777247069
6,8,0.1637372802960222
6,9,0.600412505427703
6,10,-0.00930487137383689
6,11,0.36108374384236447
6,12,0.2855731225296443
6,13,0.29384615384615387
6,14,0.008909694956206584
6,15,0.34698242933537043
6,16,0.0576649524017945
6,17,0.23482331621866503
6,18,0.040320144971307766
6,19,0.3310924369747899
6,20,0.029793735676088614
6,21,0.01630927212322561
6,22,-0.058018609742747675
6,23,-0.07091932457786117
6,24,-0.11494252873563218
6,25,0.016067653276955602
6,26,0.10611790878754171
6,27,-0.21870188801555793
6,28,0.061850027367268745
6,29,0.056376573617952924
6,30,0.002801120448179272
6,31,0.09410456062291435
6,32,-0.018020022246941044
6,33,0.0046718576195773085
6,34,-0.12260536398467432
6,35,0.0424916573971079
6,36,0.01935483870967742
6,37,0.0424916573971079
6,38,0.3504273504273504
6,39,0.23487179487179485
6,40,-0.13480392156862747
6,41,-0.1936274509803922
6,42,0.125703564727955
6,43,0.054505005561735265
6,44,-0.1936274509803922
6,45,0.48290598290598286
6,46,-0.24264705882352944
6,47,-0.1593137254901961
6,48,0.6105006105006106
6,49,0.18
6,50,-0.03
6,51,-0.03165266106442577
6,52,0.0554812834224599
6,53,0.19759168035030103
6,54,-0.033577533577533576
6,55,0.046941045606229144
6,56,0.031932773109243695
6,57,-0.049999999999999996
6,58,0.1946153846153846
6,59,0.02997198879551821
6,60,-0.05307692307692308
6,61,0.014662756598240468
6,62,0.13999999999999999
7,8,0.13043478260869565
7,9,0.8633673469387754
7,10,-0.0240831964969896
7,11,0.12807881773399013
7,12,-0.06719367588932806
7,13,-0.16461538461538464
7,14,-0.04741769858048928
7,15,0.4047364400305577
7,16,-0.011270379691432322
7,17,0.08532165508909693
7,18,-0.10887949260042283
7,19,0.32375859434682963
7,20,0.2690508021390375
7,21,-0.10087586831772878
7,22,-0.047619047619047616
7,23,0.01882591093117409
7,24,-0.04542966611932129
7,25,-0.045947850599013386
7,26,0.1474972191323693
7,27,-0.11952029819301516
7,28,0.030103995621236997
7,29,0.044882320744389706
7,30,-0.14723294723294725
7,31,0.17063403781979977
7,32,0.0353726362625139
7,33,0.13948832035595105
7,34,0.022441160372194853
7,35,0.08342602892102337
7,36,0.11012235817575085
7,37,0.08342602892102337
7,38,0.2814407814407815
7,39,0.13736263736263737
7,40,-0.02647058823529412
7,41,-0.044117647058823525
7,42,0.039473684210526314
7,43,0.05583982202447163
7,44,-0.044117647058823525
7,45,0.19413919413919414
7,46,-0.1323529411764706
7,47,-0.047058823529411764
7,48,0.3864468864468864
7,49,-0.09769230769230769
7,50,0.052307692307692305
7,51,0.03725490196078432
7,52,0.027072192513368988
7,53,-0.031198686371100168
7,54,0.023809523809523808
7,55,-0.09543937708565071
7,56,0.15569136745607332
7,57,0.16717948717948716
7,58,0.30923076923076925
7,59,0.04145658263305322
7,60,0.017435897435897435
7,61,-0.071524064171123
7,62,-0.11652173913043477
8,9,0.2062904717853839
8,10,-0.06938775510204082
8,11,-0.06480677377333911
8,12,-0.05073494547178757
8,13,-0.13119597330123647
8,14,-0.048944835246205104
8,15,-0.04814051493432588
8,16,-0.014286854497565652
8,17,0.07903739355794148
8,18,-0.08306553128470935
8,19,-0.0159648097449937
8,20,-0.022374690299218597
8,21,-0.11786745649759348
8,22,-0.10895558223289314
8,23,-0.04538687635988853
8,24,-0.04124849939975991
8,25,0.03234708392603129
8,26,-0.10796380090497736
8,27,-0.146612365790448
8,28,-0.18386554621848739
8,29,-0.06055222088835534
8,30,0.023088023088023095
8,31,-0.06642533936651583
8,32,-0.05954751131221719
8,33,-0.018099547511312215
8,34,-0.11030012004801922
8,35,0.007692307692307692
8,36,-0.044524886877828046
8,37,0.0051583710407239825
8,38,-0.12939643942683457
8,39,-0.19040382110290927
8,40,0.18281335522714834
8,41,0.1992337164750958
8,42,0.12272397602778944
8,43,0.054208144796380094
8,44,0.23316912972085385
8,45,0.15583710407239815
8,46,0.07608100711548987
8,47,0.21245421245421242
8,48,0.10633484162895926
8,49,0.10561224489795919
8,50,0.05692260252852297
8,51,0.21355932203389832
8,52,0.3149692412850308
8,53,-0.045790934320074
8,54,0.1281949934123847
8,55,-0.0633673469387755
8,56,0.22336012444905368
8,57,0.04680851063829787
8,58,0.12243740377603111
8,59,0.17966101694915257
8,60,0.09688559975331483
8,61,-0.04634716540035068
8,62,0.10766550522648086
9,10,-0.058018609742747675
9,11,0.2669950738916256
9,12,0.08596837944664032
9,13,0.052307692307692305
9,14,0.0015101177891875567
9,15,0.4603514132925898
9,16,0.07145201882043987
9,17,0.09800664451827243
9,18,-0.059347629115070966
9,19,0.39831932773109235
9,20,0.23128342245989308
9,21,-0.059347629115070966
9,22,-0.0996168582375479
9,23,0.051417004048583
9,24,-0.10946907498631636
9,25,-0.06596194503171246
9,26,0.12525027808676306
9,27,0.07851875860951302
9,28,-0.04324028461959496
9,29,-0.0481663929939792
9,30,-0.14208494208494207
9,31,0.0896551724137931
9,32,-0.06963292547274749
9,33,0.038042269187986644
9,34,-0.01751505199781062
9,35,0.02513904338153504
9,36,0.07363737486095662
9,37,0.02513904338153504
9,38,0.1978021978021978
9,39,0.10256410256410256
9,40,-0.023529411764705882
9,41,-0.10294117647058824
9,42,-0.03623481781376518
9,43,0.32146829810900995
9,44,-0.10294117647058824
9,45,0.21123321123321123
9,46,-0.16176470588235295
9,47,-0.11470588235294117
9,48,0.3705738705738706
9,49,-0.07923076923076922
9,50,0.14803418803418802
9,51,0.09103641456582634
9,52,0.06283422459893048
9,53,-0.11001642036124794
9,54,-0.06166056166056166
9,55,-0.015350389321468297
9,56,0.17005347593582887
9,57,0.2622222222222222
9,58,0.3246153846153846
9,59,0.04089635854341737
9,60,0.1158974358974359
9,61,-0.05949197860962566
9,62,0.010434782608695651
10,11,-0.43316239316239313
10,12,0.3069565217391304
10,13,0.158102766798419
10,14,0.16459183673469385
10,15,-0.13571428571428576
10,16,0.3330514446793516
10,17,0.22959183673469385
10,18,0.13581632653061224
10,19,-0.12682926829268293
10,20,0.16422287390029325
10,21,0.16755102040816325
10,22,0.22356567093409196
10,23,-0.05647840531561462
10,24,0.10384068278805118
10,25,-0.1577551020408163
10,26,0.001896633475580844
10,27,0.07580791301721534
10,28,-0.044570886676149835
10,29,-0.008771929824561403
10,30,0.005662805662805663
10,31,0.04409672830725461
10,32,0.06543385490753911
10,33,0.14912280701754385
10,34,0.07965860597439543
10,35,0.41583688952110004
10,36,0.08534850640113797
10,37,0.41583688952110004
10,38,-0.23938223938223938
10,39,-0.01904761904761905
10,40,0.3609022556390977
10,41,0.3233082706766917
10,42,0.15156794425087108
10,43,-0.0007331378299120235
10,44,0.32631578947368417
10,45,0.1109625668449198
10,46,0.3699248120300751
10,47,0.2596491228070175
10,48,0.019385026737967916
10,49,-0.10403225806451614
10,50,0.22660427807486633
10,51,0.16637630662020908
10,52,-0.04934333958724203
10,53,0.16210847975553858
10,54,0.42822580645161296
10,55,0.3400560224089636
10,56,0.35947467166979363
10,57,0.1524064171122995
10,58,0.007331378299120234
10,59,0.18954703832752617
10,60,0.2556818181818182
10,61,-0.2975161396214027
10,62,0.25670498084291193
11,12,0.24092664092664096
11,13,0.3557271557271558
11,14,-0.14686411149825787
11,15,-0.12862616310892172
11,16,-0.27142857142857146
11,17,-0.09825783972125438
11,18,-0.08797909407665506
11,19,-0.12643678160919541
11,20,0.05179526355996945
11,21,-0.11550522648083625
11,22,-0.1417391304347826
11,23,0.2674089068825911
11,24,-0.07826086956521738
11,25,0.02401087284808215
11,26,-0.2183794466403162
11,27,-0.22508710801393733
11,28,-0.05739130434782608
11,29,-0.15826086956521737
11,30,-0.29327731092436976
11,31,-0.2183794466403162
11,32,-0.1007905138339921
11,33,-0.0899209486166008
11,34,-0.06956521739130435
11,35,-0.06324110671936758
11,36,-0.13339920948616601
11,37,-0.06324110671936758
11,38,-0.1116600790513834
11,39,0.07509881422924902
11,40,-0.2912087912087912
11,41,-0.26373626373626374
11,42,0.3480687164897691
11,43,-0.0810071154898741
11,44,-0.26373626373626374
11,45,0.03387096774193548
11,46,-0.26373626373626374
11,47,-0.2692307692307692
11,48,0.012903225806451615
11,49,0.29615384615384616
11,50,0.030769230769230767
11,51,-0.0213903743315508
11,52,0.001557285873192436
11,53,-0.18427350427350422
11,54,-0.15513833992094864
11,55,-0.002393162393162393
11,56,-0.022580645161290325
11,57,-0.04692307692307692
11,58,-0.11826086956521738
11,59,0.07787433155080214
11,60,0.046153846153846156
11,61,0.1351555421322863
11,62,0.003007518796992481
12,13,0.7155080213903742
12,14,-0.019327731092436976
12,15,0.299407114624506
12,16,-0.24192665571975916
12,17,0.012044817927170869
12,18,0.08739495798319327
12,19,0.3527667984189723
12,20,-0.04384615384615385
12,21,0.07647058823529412
12,22,0.3789473684210526
12,23,-0.2396390374331551
12,24,0.2796992481203007
12,25,0.18549465240641713
12,26,0.15037593984962402
12,27,0.10127005347593585
12,28,0.18796992481203004
12,29,0.04962406015037594
12,30,-0.04707170224411604
12,31,0.15037593984962402
12,32,0.42255639097744363
12,33,0.33684210526315783
12,34,0.30225563909774433
12,35,0.3218045112781954
12,36,0.29774436090225564
12,37,0.3218045112781954
12,38,-0.05882352941176471
12,39,-0.1393188854489164
12,40,-0.1515151515151515
12,41,-0.309090909090909
12,42,0.1455645161290323
12,43,0.3417391304347826
12,44,-0.309090909090909
12,45,0.0060207991242474
12,46,-0.309090909090909
12,47,-0.24848484848484845
12,48,-0.029009304871373837
12,49,0.0706766917293233
12,50,0.10526315789473684
12,51,-0.15965811965811963
12,52,-0.050434782608695654
12,53,0.612280701754386
12,54,0.04385964912280702
12,55,0.5421052631578946
12,56,-0.09606837606837607
12,57,0.3082706766917293
12,58,-0.06766917293233082
12,59,-0.1658119658119658
12,60,0.18646616541353384
12,61,-0.06975806451612904
12,62,0.29656862745098045
13,14,0.04411764705882353
13,15,0.11349520045172222
13,16,-0.11965811965811966
13,17,0.01270053475935829
13,18,0.20454545454545456
13,19,0.12478825522303785
13,20,-0.07304347826086956
13,21,0.11965240641711229
13,22,0.2771929824561403
13,23,-0.3005865102639296
13,24,0.07368421052631578
13,25,0.08067226890756303
13,26,-0.37744360902255636
13,27,0.057152406417112306
13,28,-0.25263157894736843
13,29,-0.21052631578947367
13,30,-0.010011123470522802
13,31,-0.4451127819548871
13,32,-0.2721804511278195
13,33,-0.24511278195488717
13,34,0.09824561403508772
13,35,0.024060150375939848
13,36,-0.1969924812030075
13,37,0.024060150375939848
13,38,-0.3931888544891641
13,39,-0.17853457172342618
13,40,-0.2937062937062937
13,41,-0.5944055944055945
13,42,-0.1290106951871658
13,43,0.13384615384615384
13,44,-0.5944055944055945
13,45,0.07881773399014778
13,46,-0.5804195804195805
13,47,-0.5174825174825175
13,48,0.002736726874657909
13,49,0.03304347826086956
13,50,0.1867905056759546
13,51,-0.046956521739130425
13,52,-0.26679841897233203
13,53,0.056372549019607844
13,54,0.2263157894736842
13,55,0.5067079463364293
13,56,0.09980237154150197
13,57,0.17027863777089783
13,58,0.02647058823529412
13,59,0.0017391304347826085
13,60,0.17440660474716205
13,61,0.19439775910364146
13,62,0.4441176470588235
14,15,0.4296432277117089
14,16,0.5341500604658498
14,17,0.7670900918506939
14,18,0.9326753957396913
14,19,0.4469630457338974
14,20,0.054978354978354994
14,21,0.9070549149892515
14,22,-0.27203785325382424
14,23,0.024942134248543385
14,24,-0.2785843920145191
14,25,-0.08668563300142247
14,26,-0.2106801193515642
14,27,0.02139402560455192
14,28,-0.18440497796214675
14,29,-0.07356753953850143
14,30,0.036002886002886016
14,31,-0.2037281983450737
14,32,-0.3014242209849581
14,33,-0.34688855393890927
14,34,-0.34677210267046926
14,35,-0.20889599803131442
14,36,-0.34910332523301246
14,37,-0.20908056230582303
14,38,-0.09329004329004331
14,39,0.060894660894660904
14,40,-0.29612299465240643
14,41,-0.1821524064171123
14,42,-0.24785280757338624
14,43,-0.017585757707338254
14,44,-0.1891711229946524
14,45,0.2543138203515562
14,46,-0.17446524064171123
14,47,-0.3980938416422287
14,48,0.15521690049991937
14,49,-0.1478733031674208
14,50,0.13051444679351654
14,51,0.0923444976076555
14,52,-0.05732946298984034
14,53,-0.0914361001317523
14,54,0.0536997885835095
14,55,-0.052035152636447736
14,56,0.021572871572871577
14,57,-0.06525722339675827
14,58,0.2299651567944251
14,59,0.020642515379357483
14,60,-0.06666666666666667
14,61,-0.07421383647798739
14,62,0.036382789077060204
15,16,0.2881624423963134
15,17,0.46224758560140483
15,18,0.4411365631734377
15,19,0.9703886982201294
15,20,0.1787979462398067
15,21,0.42804693111980213
15,22,0.05942443300933866
15,23,0.14542986425339366
15,24,0.08076996378883171
15,25,-0.09279544710533606
15,26,0.26944634313055366
15,27,0.0206724090025007
15,28,0.2039641700019058
15,29,0.1802553840289689
15,30,0.07695560253699787
15,31,0.26712235133287765
15,32,0.09665071770334929
15,33,0.1543403964456596
15,34,0.15159138555364968
15,35,-0.17498291182501713
15,36,0.14887218045112785
15,37,-0.17491455912508544
15,38,0.4714419875352172
15,39,0.21634081789464696
15,40,0.13553113553113552
15,41,0.21733821733821732
15,42,-0.1868877453783114
15,43,0.027767354596622894
15,44,0.21428571428571427
15,45,0.2733449477351917
15,46,0.09645909645909646
15,47,0.1288888888888889
15,48,0.44634146341463415
15,49,0.08622772576260948
15,50,-0.10449720976036765
15,51,-0.25772432932469935
15,52,-0.11388301620859761
15,53,-0.10123281175912754
15,54,-0.13873873873873876
15,55,-0.07489878542510123
15,56,-0.30131752305665344
15,57,-0.22157785315680054
15,58,0.043114973262032084
15,59,-0.3250693802035153
15,60,-0.13338439654229128
15,61,-0.12145748987854252
15,62,-0.08375350140056023
16,17,0.49763394500236596
16,18,0.5402229349597769
16,19,0.27572964669738864
16,20,-0.017857142857142853
16,21,0.5284452389715546
16,22,-0.11062731817448798
16,23,-0.1798833009169214
16,24,-0.09433962264150941
16,25,-0.18823529411764708
16,26,-0.08650793650793652
16,27,-0.2119473876507125
16,28,-0.10619254958877598
16,29,0.016368327689082408
16,30,0.2160180995475113
16,31,-0.10512265512265516
16,32,-0.26580086580086587
16,33,-0.18722943722943727
16,34,-0.08748588937268183
16,35,-0.1705627705627706
16,36,-0.17308802308802312
16,37,-0.17049062049062053
16,38,-0.09211986681465037
16,39,0.06471441987535217
16,40,0.008870967741935484
16,41,0.04516129032258065
16,42,-0.2264304915514593
16,43,0.22740447957839258
16,44,0.037096774193548385
16,45,0.40591836734693876
16,46,0.10201612903225808
16,47,-0.09588431590656285
16,48,0.22561224489795917
16,49,0.05517406962785113
16,50,0.10863039399624766
16,51,0.11289315726290516
16,52,0.15078158923143725
16,53,-0.06814682764767847
16,54,0.17186234817813767
16,55,0.2173059498640894
16,56,0.1590816326530612
16,57,0.1155722326454034
16,58,0.1611336032388664
16,59,0.09339735894357742
16,60,0.11613508442776736
16,61,-0.016651248843663275
16,62,0.13178137651821864
17,18,0.7358803986710963
17,19,0.45051480565089
17,20,0.08044733044733046
17,21,0.7334766464725425
17,22,0.03253824215711693
17,23,-0.07602362518956023
17,24,-0.03014000518537724
17,25,-0.1362162162162162
17,26,0.03780491556184442
17,27,-0.09120910384068279
17,28,0.01432460461498574
17,29,0.16424682395644286
17,30,0.07626262626262627
17,31,0.05970654280353135
17,32,-0.09218985511704451
17,33,-0.06425912824141007
17,34,-0.08218822919367386
17,35,0.04438770801931773
17,36,-0.08246946999292504
17,37,0.044141622319972935
17,38,0.12655122655122658
17,39,0.2843434343434344
17,40,0.1861631016042781
17,41,0.1751336898395722
17,42,-0.10825667061113867
17,43,-0.03180633955709943
17,44,0.16143048128342247
17,45,0.17747137558458312
17,46,0.1861631016042781
17,47,0.02565982404692082
17,48,0.17642315755523302
17,49,0.03610859728506787
17,50,-0.060183227625088084
17,51,0.006220095693779904
17,52,-0.08474439606515079
17,53,-0.01989459815546772
17,54,0.040169133192389
17,55,-0.015032377428307124
17,56,0.01760461760461761
17,57,-0.15630725863284003
17,58,0.3388501742160279
17,59,-0.039439507860560497
17,60,-0.17589852008456658
17,61,-0.09060415475509814
17,62,0.05145450125597602
18,19,0.4827599968074069
18,20,0.06385281385281387
18,21,0.9739691225327339
18,22,-0.2505833549390718
18,23,0.021629818820336825
18,24,-0.3243453461239305
18,25,0.018577524893314365
18,26,-0.26481897320741954
18,27,0.0076244665718349924
18,28,-0.14065335753176048
18,29,-0.12879180710396682
18,30,0.0927849927849928
18,31,-0.2461164600572149
18,32,-0.2939186071549417
18,33,-0.38429358023931837
18,34,-0.3612263417163599
18,35,-0.24691623858008555
18,36,-0.401458057768618
18,37,-0.24710080285459415
18,38,-0.09754689754689756
18,39,0.10699855699855702
18,40,-0.31918449197860965
18,41,-0.23362299465240643
18,42,-0.17040119097606596
18,43,0.054819800260529745
18,44,-0.2359625668449198
18,45,0.2393162393162393
18,46,-0.23529411764705885
18,47,-0.4138563049853372
18,48,0.16916626350588612
18,49,-0.09656108597285068
18,50,0.10528541226215644
18,51,0.1041695146958305
18,52,-0.08788905015320109
18,53,-0.0818181818181818
18,54,0.13643410852713178
18,55,-0.003122109158186864
18,56,0.02965367965367966
18,57,-0.0580690627202255
18,58,0.20278745644599308
18,59,0.04019138755980861
18,60,-0.07836504580690626
18,61,-0.13825042881646651
18,62,0.07803257434567702
19,20,0.19978858350951373
19,21,0.4727432356931919
19,22,0.06308366685725175
19,23,0.15945701357466063
19,24,0.01429388221841052
19,25,-0.07043388481780867
19,26,0.20020505809979494
19,27,0.029063628785773836
19,28,0.21158757385172478
19,29,0.11599008957499522
19,30,0.10401691331923889
19,31,0.19829118250170882
19,32,0.15741626794258373
19,33,0.08803827751196174
19,34,0.08237087859729368
19,35,-0.1710868079289132
19,36,0.08229665071770335
19,37,-0.1709501025290499
19,38,0.4296935029454452
19,39,0.15931016818919147
19,40,0.002442002442002442
19,41,0.08974358974358974
19,42,-0.18902229845626067
19,43,-0.07861163227016886
19,44,0.09584859584859586
19,45,0.2409407665505227
19,46,-0.04212454212454213
19,47,-0.021538461538461538
19,48,0.4010452961672475
19,49,0.07746904258532165
19,50,-0.09092898566582777
19,51,-0.22701202590194264
19,52,-0.11120507399577165
19,53,-0.07918444760550022
19,54,-0.12226512226512229
19,55,-0.05809716599190284
19,56,-0.2756258234519104
19,57,-0.19838056680161942
19,58,0.0053475935828877
19,59,-0.30521122417514646
19,60,-0.10055804792646897
19,61,-0.1362348178137652
19,62,-0.09299719887955182
20,21,0.11053391053391057
20,22,-0.08188502673796792
20,23,0.34492196878751497
20,24,-0.011363636363636364
20,25,-0.04932590095929479
20,26,0.01904761904761905
20,27,-0.07410095145944202
20,28,0.11330213903743316
20,29,0.051804812834224605
20,30,0.05834896810506568
20,31,0.03333333333333334
20,32,0.013445378151260503
20,33,0.07815126050420168
20,34,-0.012366310160427808
20,35,-0.04453781512605043
20,36,0.030532212885154068
20,37,-0.04453781512605043
20,38,0.0046791443850267385
20,39,0.0053475935828877
20,40,0.3345543345543345
20,41,0.4511599511599511
20,42,0.1757490230134607
20,43,0.08340080971659919
20,44,0.4896214896214896
20,45,0.3582887700534759
20,46,0.44078144078144077
20,47,0.35794871794871796
20,48,0.4557677616501145
20,49,0.028212422949265053
20,50,-0.06059113300492609
20,51,-0.003036437246963563
20,52,-0.007207207207207207
20,53,0.024398395721925134
20,54,-0.05006105006105006
20,55,0.011345939933259176
20,56,0.1429587482219061
20,57,-0.21231527093596053
20,58,0.2922824302134647
20,59,0.09331983805668018
20,60,-0.12019704433497534
20,61,0.11076898144396728
20,62,0.1323076923076923
21,22,-0.20449831475239824
21,23,0.03428046931119803
21,24,-0.3129375162043039
21,25,0.03049786628733997
21,26,-0.27761542957334895
21,27,0.03499288762446657
21,28,-0.12023593466424684
21,29,-0.12120819289603318
21,30,0.05165945165945167
21,31,-0.2520840382663263
21,32,-0.29465686425297616
21,33,-0.38847703712817994
21,34,-0.3309567021000779
21,35,-0.2347965178873543
21,36,-0.41677689255283157
21,37,-0.23485803931219051
21,38,-0.09076479076479078
21,39,0.10165945165945169
21,40,-0.2901069518716578
21,41,-0.15441176470588236
21,42,-0.10413406115204031
21,43,0.05883630047763786
21,44,-0.16176470588235295
21,45,0.2578616352201258
21,46,-0.1360294117647059
21,47,-0.3676686217008797
21,48,0.18746976294146106
21,49,-0.12054298642533935
21,50,0.07723749119097956
21,51,0.09801777170198223
21,52,-0.10820835349137235
21,53,-0.07971014492753623
21,54,0.14446793516560955
21,55,-0.024629972247918592
21,56,0.021284271284271288
21,57,-0.11331923890063425
21,58,0.18623693379790945
21,59,0.04784688995215312
21,60,-0.12501761804087386
21,61,-0.1543358109395845
21,62,0.10153148043108338
22,23,-0.08090204369274136
22,24,0.7748898107337309
22,25,-0.11530398322851151
22,26,0.5694242864054184
22,27,0.2283977420755536
22,28,0.7531760435571689
22,29,0.6860254083484574
22,30,-0.020899441952073532
22,31,0.5691823899371068
22,32,0.5877277858409934
22,33,0.5881309466215126
22,34,0.8029556650246306
22,35,0.5054829866150621
22,36,0.5815997419771005
22,37,0.504434768585712
22,38,0.5049944506104329
22,39,0.45829420302228285
22,40,0.5363984674329502
22,41,0.2895457033388068
22,42,0.02880049337033611
22,43,-0.10777126099706744
22,44,0.2983032293377121
22,45,-0.022136422136422137
22,46,0.348111658456486
22,47,0.39010989010989006
22,48,-0.08211068211068212
22,49,0.19444140496772075
22,50,-0.3723262032085562
22,51,-0.2979362101313321
22,52,-0.1940037203195098
22,53,0.18014705882352944
22,54,-0.02840909090909091
22,55,-0.02187902187902188
22,56,-0.08582995951417005
22,57,-0.1266711229946524
22,58,-0.02647385984427141
22,59,-0.22870544090056288
22,60,-0.21390374331550804
22,61,0.23116883116883116
22,62,0.25733137829912023
23,24,-0.04665257223396758
23,25,0.020153244472823052
23,26,-0.06610288935870332
23,27,0.03458929130570922
23,28,0.07596899224806201
23,29,0.047075405214940094
23,30,0.14479638009049772
23,31,-0.07681465821000703
23,32,-0.07075405214940098
23,33,-0.11035940803382663
23,34,-0.15123326286116984
23,35,0.0016913319238900633
23,36,-0.0872445384073291
23,37,0.004087385482734319
23,38,-0.12543554006968644
23,39,-0.0883275261324042
23,40,0.06411290322580646
23,41,0.020161290322580648
23,42,0.24558737580362364
23,43,0.05111989459815546
23,44,0.059677419354838716
23,45,0.23946441155743478
23,46,-0.04395161290322581
23,47,-0.02647385984427141
23,48,0.22762508809020435
23,49,0.023396758280479206
23,50,-0.09547038327526133
23,51,-0.20592504055323146
23,52,-0.1558223289315726
23,53,-0.40289942615524005
23,54,-0.3117408906882591
23,55,-0.08759419820111823
23,56,-0.2053781512605042
23,57,-0.11027874564459932
23,58,-0.17759054601159865
23,59,-0.19918039784854433
23,60,0.02961672473867596
23,61,0.3213925570228091
23,62,-0.17472735893788524
24,25,-0.1648927592323819
24,26,0.6871472343170456
24,27,0.15219279201042119
24,28,0.776121337827327
24,29,0.8668006222452684
24,30,-0.1870007659481344
24,31,0.6944847605224963
24,32,0.5570875665215287
24,33,0.7436703757458474
24,34,0.9293492351568579
24,35,0.3131752943073698
24,36,0.7210127398806644
24,37,0.3127721335268505
24,38,0.5386322889097583
24,39,0.20797404593187058
24,40,0.4920634920634921
24,41,0.36179529282977557
24,42,0.018563058896083874
24,43,-0.06671554252199413
24,44,0.36234263820470713
24,45,0.10064350064350065
24,46,0.40831964969896006
24,47,0.49877899877899873
24,48,0.0028314028314028314
24,49,0.3425976583871321
24,50,-0.3322192513368984
24,51,-0.3294559099437149
24,52,-0.23580260422365687
24,53,0.05949197860962566
24,54,-0.20621657754010697
24,55,-0.23938223938223938
24,56,-0.2623481781376518
24,57,-0.2212566844919786
24,58,-0.21156840934371526
24,59,-0.2726078799249531
24,60,-0.23897058823529416
24,61,0.19419404125286477
24,62,0.10153958944281524
25,26,-0.2680769963788831
25,27,0.10036282858200664
25,28,-0.2816481212707628
25,29,-0.3096274794388002
25,30,-0.07583614207933628
25,31,-0.24322469982847336
25,32,-0.0808461978273299
25,33,-0.1913093196112064
25,34,-0.20133849379132399
25,35,-0.2467314655993901
25,36,-0.20937678673527726
25,37,-0.24787497617686294
25,38,-0.09475113122171946
25,39,-0.13330316742081447
25,40,-0.280366692131398
25,41,-0.30450725744843393
25,42,0.057435147972232384
25,43,-0.0024489795918367346
25,44,-0.32253628724216954
25,45,0.11354904806625117
25,46,-0.41237585943468297
25,47,-0.2219251336898396
25,48,0.15888329206864168
25,49,-0.22851153039832284
25,50,0.21240310077519378
25,51,0.07596577651024113
25,52,3.811701924909472e-05
25,53,-0.09898242368177614
25,54,-0.11346018322762508
25,55,0.08174120712114633
25,56,-0.007647907647907649
25,57,0.23565891472868214
25,58,-0.07264808362369339
25,59,0.027352864920923002
25,60,0.18520084566596193
25,61,-0.1054682159945318
25,62,0.052264808362369346
26,27,0.07656108597285068
26,28,0.6743267214965328
26,29,0.8153523625221738
26,30,0.031983805668016195
26,31,0.987880279307269
26,32,0.8067612045894984
26,33,0.9109169768371836
26,34,0.6660216094178358
26,35,0.5073364299117169
26,36,0.92894275431419
26,37,0.5061060014149928
26,38,0.797489968411167
26,39,0.5239477503628447
26,40,0.6495726495726496
26,41,0.416971916971917
26,42,-0.08996299722479184
26,43,0.21820728291316527
26,44,0.4133089133089133
26,45,-0.08108108108108107
26,46,0.48473748473748474
26,47,0.5671794871794872
26,48,0.0028449502133712657
26,49,0.19001701644923427
26,50,-0.5009931245225362
26,51,-0.4320825515947468
26,52,-0.011270379691432322
26,53,0.0077922077922077905
26,54,-0.2488922841864018
26,55,-0.12661064425770308
26,56,-0.24919028340080973
26,57,-0.28189457601222306
26,58,-0.06451612903225808
26,59,-0.3489681050656661
26,60,-0.306951871657754
26,61,0.01818181818181818
26,62,0.09824046920821113
27,28,0.15794615718627877
27,29,0.1532783326096396
27,30,-0.1455647571074874
27,31,0.03773755656108597
27,32,0.06995475113122172
27,33,0.04054298642533937
27,34,0.17813721233174123
27,35,0.15936651583710407
27,36,0.10117647058823528
27,37,0.15936651583710407
27,38,-0.010291396854764108
27,39,0.14431082331174838
27,40,-0.07832512315270934
27,41,-0.11527093596059108
27,42,-0.04055535257581294
27,43,-0.016882516188714156
27,44,-0.11674876847290637
27,45,-0.13963800904977372
27,46,-0.05911330049261083
27,47,-0.08768472906403939
27,48,-0.1179185520361991
27,49,-0.11846938775510203
27,50,0.005915241876671259
27,51,0.10659571036929526
27,52,-0.014570135746606334
27,53,0.10510419812745393
27,54,-0.10801393728223
27,55,-0.17154938085170643
27,56,0.1478733031674208
27,57,0.04173081597925614
27,58,0.030346135609293504
27,59,0.04926624737945492
27,60,-0.04173081597925614
27,61,0.02313668573380005
27,62,0.08522267206477734
28,29,0.8113170858179933
28,30,0.06226064120800962
28,31,0.675294307369779
28,32,0.612804386389292
28,33,0.594581519109821
28,34,0.8085947627689916
28,35,0.21875503950975647
28,36,0.5949846798903402
28,37,0.21601354620222546
28,38,0.6830017928797063
28,39,0.3033381712626996
28,40,0.45429666119321294
28,41,0.38149972632731255
28,42,0.04717853839037928
28,43,-0.08907624633431084
28,44,0.3853311439518336
28,45,-0.027027027027027032
28,46,0.3749315818281335
28,47,0.43956043956043955
28,48,-0.07953667953667955
28,49,0.3229018492176387
28,50,-0.3054812834224599
28,51,-0.2741088180112571
28,52,-0.08917824707298391
28,53,0.39271390374331555
28,54,0.04913101604278075
28,55,-0.1801801801801802
28,56,-0.19089068825910932
28,57,-0.13168449197860962
28,58,-0.023359288097886538
28,59,-0.2686679174484053
28,60,-0.188168449197861
28,61,0.2082505729564553
28,62,0.17008797653958943
29,30,-0.06313601050443154
29,31,0.8203515562006127
29,32,0.6121593291404611
29,33,0.7657635865183035
29,34,0.7922608244749807
29,35,0.3359135623286566
29,36,0.7579422673762296
29,37,0.3343009192065796
29,38,0.588235294117647
29,39,0.3592589430547255
29,40,0.5358511220580187
29,41,0.34920634920634924
29,42,-0.022016651248843663
29,43,-0.0531524926686217
29,44,0.3437328954570334
29,45,0.06332046332046333
29,46,0.4608648056923919
29,47,0.4126984126984126
29,48,-0.028056628056628057
29,49,0.3141481562534194
29,50,-0.411764705882353
29,51,-0.4335834896810507
29,52,-0.15111062479483534
29,53,0.07453208556149733
29,54,-0.1677807486631016
29,55,-0.21570141570141574
29,56,-0.3186234817813765
29,57,-0.29044117647058826
29,58,-0.09632925472747497
29,59,-0.38461538461538464
29,60,-0.3091577540106952
29,61,0.19633307868601985
29,62,0.1063049853372434
30,31,0.047165991902834006
30,32,-0.09170040485829961
30,33,-0.049595141700404854
30,34,-0.12047269942006783
30,35,-0.15
30,36,-0.07408906882591094
30,37,-0.148582995951417
30,38,0.13360323886639677
30,39,0.03704453441295547
30,40,-0.02427350427350427
30,41,-0.007863247863247862
30,42,-0.1710924369747899
30,43,-0.028212422949265053
30,44,0.04205128205128204
30,45,0.11199388846447668
30,46,-0.13846153846153844
30,47,-0.107008547008547
30,48,0.10985485103132162
30,49,-0.0716599190283401
30,50,-0.20527859237536655
30,51,0.06550522648083625
30,52,0.2682186234817814
30,53,-0.071524064171123
30,54,-0.018548387096774192
30,55,0.3003861003861004
30,56,0.1404858299595142
30,57,-0.02785923753665689
30,58,-0.26053639846743293
30,59,0.09616724738675961
30,60,-0.016129032258064516
30,61,0.3047417698580489
30,62,0.08120133481646273
31,32,0.8129748684979544
31,33,0.9227290904057338
31,34,0.6751330430575714
31,35,0.5127503152973023
31,36,0.9118397982097265
31,37,0.5113968439509059
31,38,0.8026124818577649
31,39,0.5236062494664049
31,40,0.6636141636141636
31,41,0.47130647130647124
31,42,-0.042321924144310824
31,43,0.18907563025210083
31,44,0.467032967032967
31,45,-0.11948790896159317
31,46,0.5256410256410257
31,47,0.578119658119658
31,48,-0.018255097202465622
31,49,0.1728385057936958
31,50,-0.4918258212375859
31,51,-0.37917448405253285
31,52,0.05482000218842324
31,53,0.010236822001527883
31,54,-0.15966386554621848
31,55,-0.12100840336134455
31,56,-0.1791497975708502
31,57,-0.27853323147440795
31,58,-0.06330645161290323
31,59,-0.30168855534709194
31,60,-0.3038961038961039
31,61,-0.07135217723453018
31,62,0.14956011730205276
32,33,0.8531483589159926
32,34,0.5416868247056926
32,35,0.618567166015565
32,36,0.8535174874650099
32,37,0.617644344643022
32,38,0.6528643387688892
32,39,0.42380261248185774
32,40,0.41514041514041516
32,41,0.16056166056166057
32,42,0.025208140610545788
32,43,0.06330532212885154
32,44,0.14652014652014653
32,45,-0.1861071597913703
32,46,0.25946275946275943
32,47,0.33128205128205124
32,48,-0.16239924134660974
32,49,0.1161170083461632
32,50,-0.37051184110007634
32,51,-0.29699812382739216
32,52,-0.16314695262063683
32,53,0.038349885408708935
32,54,-0.10038197097020625
32,55,-0.15658263305322132
32,56,-0.1508097165991903
32,57,-0.1654698242933537
32,58,0.0032258064516129037
32,59,-0.22401500938086305
32,60,-0.226279602750191
32,61,-0.14469060351413293
32,62,0.013563049853372432
33,34,0.7224641186905337
33,35,0.5619059337414256
33,36,0.9788981512811838
33,37,0.5617828908917532
33,38,0.6875266797575343
33,39,0.45368394092034486
33,40,0.6086691086691086
33,41,0.3162393162393162
33,42,0.032377428307123035
33,43,0.1204481792717087
33,44,0.3101343101343101
33,45,-0.037221431958274064
33,46,0.4652014652014652
33,47,0.4899145299145299
33,48,0.02726410621147463
33,49,0.16668017178510655
33,50,-0.5074102368220015
33,51,-0.3590994371482177
33,52,-0.06160411423569319
33,53,-0.0022918258212375857
33,54,-0.16913674560733383
33,55,-0.10420168067226891
33,56,-0.16093117408906882
33,57,-0.3130634071810542
33,58,-0.1532258064516129
33,59,-0.2452157598499062
33,60,-0.32895339954163483
33,61,-0.15446906035141328
33,62,0.15652492668621698
34,35,0.29551685212062573
34,36,0.6959361393323656
34,37,0.2945492662473794
34,38,0.576453513190472
34,39,0.23776999914624775
34,40,0.5489874110563766
34,41,0.41543513957307066
34,42,0.03484427998766574
34,43,-0.0755131964809384
34,44,0.39901477832512317
34,45,-0.02625482625482626
34,46,0.49480021893814996
34,47,0.5512820512820513
34,48,-0.07001287001287002
34,49,0.31589889484626327
34,50,-0.36330213903743314
34,51,-0.3275797373358349
34,52,-0.1975051975051975
34,53,0.23295454545454547
34,54,-0.07553475935828878
34,55,-0.09678249678249677
34,56,-0.22206477732793525
34,57,-0.26938502673796794
34,58,-0.1835372636262514
34,59,-0.2816135084427768
34,60,-0.3125
34,61,0.13246753246753246
34,62,0.12536656891495598
35,36,0.562336583715279
35,37,0.9999384785751639
35,38,0.26790745325706483
35,39,0.5368394092034492
35,40,0.6257631257631258
35,41,0.34676434676434675
35,42,0.23172987974098058
35,43,0.050700280112044825
35,44,0.34798534798534797
35,45,-0.2771455666192508
35,46,0.45604395604395603
35,47,0.47282051282051274
35,48,-0.25438596491228066
35,49,0.08386678551170894
35,50,-0.38242933537051177
35,51,-0.10337711069418387
35,52,0.002079002079002079
35,53,-0.17738731856378911
35,54,-0.16944232238349885
35,55,0.13669467787114847
35,56,0.11983805668016195
35,57,-0.012375859434682963
35,58,0.1532258064516129
35,59,0.039212007504690435
35,60,-0.15171886936592818
35,61,0.04568372803666921
35,62,0.01722873900293255
36,37,0.5617828908917532
36,38,0.6829164176555963
36,39,0.46281908990011095
36,40,0.6153846153846154
36,41,0.27350427350427353
36,42,-0.024283071230342276
36,43,0.16526610644257703
36,44,0.2667887667887668
36,45,-0.0016595542911332381
36,46,0.4188034188034188
36,47,0.48854700854700855
36,48,0.018966334755808438
36,49,0.18515517381087435
36,50,-0.4909090909090908
36,51,-0.3975609756097561
36,52,-0.11959733012364591
36,53,0.00015278838808250572
36,54,-0.25775401069518716
36,55,-0.10896358543417368
36,56,-0.22327935222672063
36,57,-0.27425515660809774
36,58,-0.13750000000000004
36,59,-0.2859287054409006
36,60,-0.30328495034377384
36,61,-0.007181054239877769
36,62,0.0656158357771261
37,38,0.2655169469819858
37,39,0.5350465294971399
37,40,0.6141636141636141
37,41,0.3363858363858364
37,42,0.2309204440333025
37,43,0.0484593837535014
37,44,0.33821733821733824
37,45,-0.27169274537695587
37,46,0.4444444444444444
37,47,0.4632478632478632
37,48,-0.24917022285443335
37,49,0.08030143424357833
37,50,-0.388235294117647
37,51,-0.10356472795497187
37,52,-0.0033920560236349708
37,53,-0.17738731856378911
37,54,-0.16944232238349885
37,55,0.1380952380952381
37,56,0.11659919028340082
37,57,-0.020932009167303284
37,58,0.14798387096774193
37,59,0.04090056285178237
37,60,-0.1605805958747135
37,61,0.04568372803666921
37,62,0.01722873900293255
38,39,0.5306637806637808
38,40,0.26491516146688554
38,41,0.3946360153256705
38,42,-0.15497995683009558
38,43,0.1414956011730205
38,44,0.38040503557744937
38,45,-0.054568854568854575
38,46,0.30103995621237
38,47,0.2973137973137973
38,48,0.11583011583011583
38,49,0.26434329065908013
38,50,-0.1841577540106952
38,51,-0.12757973733583491
38,52,0.13097713097713098
38,53,0.24798387096774194
38,54,0.1554144385026738
38,55,-0.0784313725490196
38,56,-0.04392712550607288
38,57,-0.14338235294117646
38,58,0.24466338259441706
38,59,-0.08236397748592872
38,60,-0.10327540106951873
38,61,-0.03223834988540871
38,62,0.3008064516129033
39,40,0.28078817733990147
39,41,0.1231527093596059
39,42,-0.04323157570151094
39,43,0.21444281524926684
39,44,0.12807881773399013
39,45,0.10218790218790218
39,46,0.15818281335522713
39,47,0.13186813186813187
39,48,0.1588159588159588
39,49,0.14532954006638218
39,50,-0.2917780748663102
39,51,-0.09493433395872422
39,52,0.12091038406827881
39,53,0.2342741935483871
39,54,-0.09324866310160429
39,55,0.07086834733893559
39,56,0.0004048582995951417
39,57,-0.0554812834224599
39,58,0.23371647509578544
39,59,-0.04183864915572233
39,60,-0.14371657754010697
39,61,0.17616501145912908
39,62,0.26693548387096777
40,41,0.8126126126126128
40,42,0.4687430478309232
40,43,0.18173913043478263
40,44,0.814929214929215
40,45,-0.049999999999999996
40,46,0.8486486486486489
40,47,0.8728291316526611
40,48,-0.09
40,49,0.4559386973180077
40,50,-0.39328063241106714
40,51,-0.45054945054945056
40,52,-0.12148962148962149
40,53,0.02428006775832863
40,54,-0.03913043478260869
40,55,-0.10173913043478258
40,56,-0.15995115995115994
40,57,-0.3557312252964427
40,58,0.0987012987012987
40,59,-0.37606837606837606
40,60,-0.19762845849802374
40,61,-0.04210526315789473
40,62,0.11956521739130435
41,42,0.5421579532814237
41,43,0.17217391304347823
41,44,0.9938223938223939
41,45,0.05384615384615384
41,46,0.903989703989704
41,47,0.8941176470588236
41,48,0.03846153846153846
41,49,0.5697865353037767
41,50,-0.10869565217391304
41,51,-0.07753357753357752
41,52,0.07264957264957266
41,53,0.2275550536420102
41,54,0.23130434782608694
41,55,-0.1269565217391304
41,56,0.11843711843711843
41,57,-0.22628458498023715
41,58,0.37792207792207794
41,59,0.006105006105006104
41,60,-0.05039525691699605
41,61,0.10225563909774435
41,62,0.2114624505928854
42,43,-0.07325428194993412
42,44,0.5363737486095662
42,45,0.14090316977854972
42,46,0.6200222469410456
42,47,0.5881773399014777
42,48,0.10779418150238818
42,49,0.19679309281529445
42,50,0.03883677298311445
42,51,-0.0168547418967587
42,52,0.07435953104646113
42,53,0.11497975708502024
42,54,-0.024066121059881696
42,55,0.13767117737622558
42,56,0.08076422058184975
42,57,-0.0026266416510318954
42,58,0.17647058823529413
42,59,0.13152460984393755
42,60,0.025515947467166986
42,61,0.019322622666087714
42,62,0.021100047415836886
43,44,0.17217391304347823
43,45,0.14761904761904762
43,46,0.07391304347826086
43,47,0.25889328063241107
43,48,0.22408963585434172
43,49,0.04066924066924067
43,50,0.1774193548387097
43,51,-0.04291133238501659
43,52,-0.1456885456885457
43,53,-0.08155446086480568
43,54,-0.005384615384615384
43,55,-0.05094549499443826
43,56,-0.21853281853281856
43,57,0.09758064516129034
43,58,0.2745299145299145
43,59,-0.06282598387861545
43,60,0.09072580645161292
43,61,-0.010905642484589853
43,62,0.0757020757020757
44,45,0.10615384615384615
44,46,0.9006435006435008
44,47,0.8901960784313727
44,48,0.09307692307692307
44,49,0.5665024630541872
44,50,-0.12944664031620554
44,51,-0.047619047619047616
44,52,0.10378510378510379
44,53,0.2252964426877471
44,54,0.22434782608695653
44,55,-0.14869565217391303
44,56,0.13125763125763126
44,57,-0.19762845849802374
44,58,0.32597402597402597
44,59,0.03540903540903541
44,60,-0.01383399209486166
44,61,0.1639097744360902
44,62,0.21541501976284588
45,46,0.004615384615384616
45,47,-0.02608695652173913
45,48,0.7794270158154006
45,49,0.2870117080643397
45,50,0.06684491978609626
45,51,0.15627177700348435
45,52,0.06866791744840527
45,53,0.015270935960591127
45,54,-0.18899923605805957
45,55,0.09525401069518717
45,56,0.10470383275261326
45,57,-0.08689839572192513
45,58,0.006451612903225807
45,59,0.20348432055749135
45,60,-0.03643048128342246
45,61,0.20263157894736844
45,62,0.22214076246334308
46,47,0.830812324929972
46,48,-0.009230769230769232
46,49,0.6305418719211823
46,50,-0.19861660079051385
46,51,-0.23321123321123322
46,52,-0.10622710622710621
46,53,0.19706380575945792
46,54,0.18
46,55,-0.13130434782608694
46,56,-0.05372405372405373
46,57,-0.41699604743083
46,58,0.37142857142857144
46,59,-0.1514041514041514
46,60,-0.1660079051383399
46,61,-0.012030075187969924
46,62,0.05533596837944664
47,48,-0.05391304347826086
47,49,0.5586080586080585
47,50,-0.3562958780350085
47,51,-0.22529914529914527
47,52,0.03111111111111111
47,53,0.13636363636363635
47,54,0.11462450592885376
47,55,-0.25889328063241107
47,56,-0.054358974358974355
47,57,-0.2659514398644834
47,58,0.17142857142857143
47,59,-0.10974358974358973
47,60,-0.2298136645962733
47,61,0.014035087719298246
47,62,0.06267645398080182
48,49,0.06882591093117407
48,50,-0.13903743315508021
48,51,-0.052787456445993045
48,52,-0.007879924953095686
48,53,-0.11921182266009848
48,54,-0.19938884644766997
48,55,0.01270053475935829
48,56,-0.0696864111498258
48,57,-0.3168449197860963
48,58,-0.025
48,59,0.03170731707317073
48,60,-0.17947860962566847
48,61,0.1257085020242915
48,62,0.1099706744868035
49,50,0.21895161290322585
49,51,0.3051184110007639
49,52,0.26370320855614976
49,53,0.34537493158182814
49,54,0.1385984427141268
49,55,0.03181312569521691
49,56,0.376336898395722
49,57,0.1282258064516129
49,58,0.43589743589743585
49,59,0.361038961038961
49,60,0.24879032258064518
49,61,0.020448179271708684
49,62,0.07185761957730812
50,51,0.7896938775510203
50,52,0.27489795918367343
50,53,0.18785425101214573
50,54,0.5477732793522267
50,55,0.3079977311401021
50,56,0.5118367346938776
50,57,0.6759183673469388
50,58,0.4318853266221687
50,59,0.7015306122448979
50,60,0.8410204081632652
50,61,-0.14229691876750702
50,62,0.2210847975553858
51,52,0.501028063350931
51,53,0.2514285714285714
51,54,0.5597047329570126
51,55,0.37221719457013575
51,56,0.7276573241671073
51,57,0.6665306122448978
51,58,0.5217758985200845
51,59,0.9545890937019971
51,60,0.7060204081632652
51,61,-0.017336152219873148
51,62,0.39985905567300917
52,53,0.403268578476719
52,54,0.3811902559358618
52,55,0.5287755102040815
52,56,0.7032144944476915
52,57,0.5653061224489796
52,58,0.20749018423437032
52,59,0.5296471242011671
52,60,0.4612244897959183
52,61,-0.2548415849607001
52,62,0.48327526132404197
53,54,0.44052532833020647
53,55,0.2700493305144468
53,56,0.2963691026827012
53,57,0.2736842105263158
53,58,0.2879790940766551
53,59,0.29816326530612247
53,60,0.26275303643724696
53,61,-0.10476190476190476
53,62,0.5343035343035343
54,55,0.449153229073819
54,56,0.7199352451433859
54,57,0.3647773279352227
54,58,0.4918918918918919
54,59,0.5480894485453756
54,60,0.40890688259109315
54,61,-0.38059587471352174
54,62,0.4841698841698842
55,56,0.5533253301320528
55,57,0.5159225346406289
55,58,0.24727954971857413
55,59,0.4146606334841629
55,60,0.451097966129163
55,61,-0.12268907563025211
55,62,0.3891891891891892
56,57,0.6021428571428572
56,58,0.5696969696969696
56,59,0.730248545742993
56,60,0.4588775510204081
56,61,-0.21027469410906738
56,62,0.4663243733011175
57,58,0.30999015209541525
57,59,0.6161224489795918
57,60,0.803673469387755
57,61,-0.0773109243697479
57,62,0.254087089381207
58,59,0.5682875264270613
58,60,0.283072546230441
58,61,-0.020244716351501667
58,62,0.12072829131652661
59,60,0.6358163265306123
59,61,0.04284707540521494
59,62,0.4007047216349542
60,61,-0.033893557422969185
60,62,0.34270435446906033
61,62,-0.300111234705228
