strategy_i,strategy_j,asset_i,asset_j,daily_corr,weekly_corr,loss_corr,drawdown_overlap,trade_overlap,edge_state_corr
SQX-AVAX-M15-84d059566292,SQX-BTC-M15-ab3d17d8f827,AVAX,BTC,-0.00025170726509918934,-0.07062486747919293,-0.025213449372030506,0.4179750947482404,0.0005414185165132648,-0.010011123470522802
SQX-AVAX-M15-412fb5d9c90b,SQX-BTC-M15-ab3d17d8f827,AVAX,BTC,-6.900116978017825e-05,-0.01301863546001732,-0.02904884640141824,0.43042772062804546,0.0005414185165132648,-0.04707170224411604
SQX-AVAX-M15-84d059566292,SQX-BTC-M15-6a213373b540,AVAX,BTC,-0.007478201075127368,-0.011412205731956417,-0.008354209574286765,0.42284786139685976,0.0016242555495397943,-0.07304347826086956
SQX-AVAX-M15-5e3f50000ee3,SQX-ETH-M15-7c0f8cba624c,AVAX,ETH,0.011478479426992427,0.04564027531520263,-0.00031804212811420917,0.4179750947482404,0.0010828370330265296,-0.0810071154898741
SQX-AVAX-M15-84d059566292,SQX-ETH-M15-d4337607e16c,AVAX,ETH,0.009033700670793031,0.08574440764562548,-0.015088807297409502,0.43746616134271793,0.0027070925825663237,0.002736726874657909
SQX-AVAX-M15-412fb5d9c90b,SQX-TRX-M15-a1c8b87d4110,AVAX,TRX,0.008740049063645065,0.024248996473167892,-0.03141825557765637,0.4639956686518679,0.003789929615592853,-0.09606837606837607
SQX-AVAX-M15-412fb5d9c90b,SQX-ETH-M15-d4337607e16c,AVAX,ETH,-0.009349890051429713,-0.005496769912600266,-0.01830308343874816,0.46778559826746074,0.0032485110990795887,-0.029009304871373837
SQX-ADA-M15-0014d401c268,SQX-AVAX-M15-84d059566292,ADA,AVAX,-0.002589457922377387,0.01350148294193277,-0.0019572038653780178,0.4883595018949648,0.0016242555495397943,-0.009230769230769232
SQX-ADA-M15-4a97d90f9040,SQX-AVAX-M15-84d059566292,ADA,AVAX,-0.005225394423086075,0.041552347550569184,-0.002916786500000078,0.45370871683811587,0.0016242555495397943,0.052307692307692305
SQX-ADA-M15-e3098ff41a08,SQX-AVAX-M15-84d059566292,ADA,AVAX,-0.005225394423086075,0.041552347550569184,-0.002916786500000078,0.45370871683811587,0.0016242555495397943,0.052307692307692305
