market,timeframe,library_count,oos_pf_p25,oos_pf_median,oos_expectancy_median,oos_sharpe_median,oos_trade_count_median,oos_max_drawdown_median,temporal_stability,cost_sensitivity,behavioral_diversity,structural_clusters
EURUSD,H1,948,1.0701449903051736,1.160358298123779,0.00021643124427247844,1.1279284754871308,70.5,3.285607142515801e-06,NOT_AVAILABLE_NO_TRADE_LEDGER,NOT_AVAILABLE_NO_SCENARIO_METRICS,NOT_AVAILABLE_NO_EQUITY_OR_TRADE_SERIES,886
EURUSD,H4,730,1.1273644770723683,1.2359789141085042,0.0005936069538926814,1.3388784694937934,57.0,5.338982142802706e-06,NOT_AVAILABLE_NO_TRADE_LEDGER,NOT_AVAILABLE_NO_SCENARIO_METRICS,NOT_AVAILABLE_NO_EQUITY_OR_TRADE_SERIES,715
EURUSD,M15,84,1.0876259742792171,1.1524442834104243,0.00014894858048928968,0.7803993430900131,107.5,2.54812499970285e-06,NOT_AVAILABLE_NO_TRADE_LEDGER,NOT_AVAILABLE_NO_SCENARIO_METRICS,NOT_AVAILABLE_NO_EQUITY_OR_TRADE_SERIES,80
GBPUSD,H1,212,1.0845901978519774,1.159038455951177,0.0002821229514533145,0.9052135317392619,62.0,3.674196428528376e-06,NOT_AVAILABLE_NO_TRADE_LEDGER,NOT_AVAILABLE_NO_SCENARIO_METRICS,NOT_AVAILABLE_NO_EQUITY_OR_TRADE_SERIES,205
GBPUSD,H4,481,1.0820777050550086,1.171805566033327,0.0004920253164556952,1.0066990248830252,59.0,5.726107142800174e-06,NOT_AVAILABLE_NO_TRADE_LEDGER,NOT_AVAILABLE_NO_SCENARIO_METRICS,NOT_AVAILABLE_NO_EQUITY_OR_TRADE_SERIES,468
GBPUSD,M15,127,1.1390243130276199,1.3129835670806476,0.0004229761904762028,2.169291787421441,49.0,3.3565357141924325e-06,NOT_AVAILABLE_NO_TRADE_LEDGER,NOT_AVAILABLE_NO_SCENARIO_METRICS,NOT_AVAILABLE_NO_EQUITY_OR_TRADE_SERIES,119
NZDUSD,H1,3,1.0729917020208433,1.086575236623529,0.00014123949579832254,0.22849082580916197,50.0,1.7051071426976704e-06,NOT_AVAILABLE_NO_TRADE_LEDGER,NOT_AVAILABLE_NO_SCENARIO_METRICS,NOT_AVAILABLE_NO_EQUITY_OR_TRADE_SERIES,3
NZDUSD,H4,118,1.0500613993818244,1.1080599291914393,0.00026291044776119936,0.6662199916024873,50.5,4.3466607144182494e-06,NOT_AVAILABLE_NO_TRADE_LEDGER,NOT_AVAILABLE_NO_SCENARIO_METRICS,NOT_AVAILABLE_NO_EQUITY_OR_TRADE_SERIES,116
USDCAD,H1,44,1.1090107388753707,1.2431796009966838,0.00029095858343336473,1.3121824107542537,51.0,3.008517857415427e-06,NOT_AVAILABLE_NO_TRADE_LEDGER,NOT_AVAILABLE_NO_SCENARIO_METRICS,NOT_AVAILABLE_NO_EQUITY_OR_TRADE_SERIES,44
USDCAD,H4,240,1.1205909443313202,1.229626647796351,0.0006090842245989343,1.1908449305722062,50.5,5.89717857146752e-06,NOT_AVAILABLE_NO_TRADE_LEDGER,NOT_AVAILABLE_NO_SCENARIO_METRICS,NOT_AVAILABLE_NO_EQUITY_OR_TRADE_SERIES,239
USDCAD,M15,1,1.183728026249646,1.183728026249646,0.00012660311493018346,0.4564651345644336,133.0,3.010642857225321e-06,NOT_AVAILABLE_NO_TRADE_LEDGER,NOT_AVAILABLE_NO_SCENARIO_METRICS,NOT_AVAILABLE_NO_EQUITY_OR_TRADE_SERIES,1
USDCHF,H1,8,1.079212640895653,1.1105621285478988,0.0001628237561049942,0.6922744695941065,44.0,2.314624999962689e-06,NOT_AVAILABLE_NO_TRADE_LEDGER,NOT_AVAILABLE_NO_SCENARIO_METRICS,NOT_AVAILABLE_NO_EQUITY_OR_TRADE_SERIES,8
USDCHF,H4,562,1.0538469457978352,1.1201827358475909,0.0003661587683150147,0.9472780007426966,53.0,5.140499999924941e-06,NOT_AVAILABLE_NO_TRADE_LEDGER,NOT_AVAILABLE_NO_SCENARIO_METRICS,NOT_AVAILABLE_NO_EQUITY_OR_TRADE_SERIES,546
USDJPY,H1,1032,1.0795180157309476,1.173376649215633,0.04701620761086414,1.433071694180042,108.0,0.0009013160714286641,NOT_AVAILABLE_NO_TRADE_LEDGER,NOT_AVAILABLE_NO_SCENARIO_METRICS,NOT_AVAILABLE_NO_EQUITY_OR_TRADE_SERIES,981
USDJPY,H4,1622,1.0893776582176427,1.1819712715940693,0.0893793676561538,1.4617079172178142,66.0,0.001089571428571435,NOT_AVAILABLE_NO_TRADE_LEDGER,NOT_AVAILABLE_NO_SCENARIO_METRICS,NOT_AVAILABLE_NO_EQUITY_OR_TRADE_SERIES,1484
USDJPY,M15,152,1.0429864377538405,1.096002307554075,0.018121459672402557,0.8906080362999166,147.5,0.000599644642856947,NOT_AVAILABLE_NO_TRADE_LEDGER,NOT_AVAILABLE_NO_SCENARIO_METRICS,NOT_AVAILABLE_NO_EQUITY_OR_TRADE_SERIES,146
XAUUSD,H1,1340,1.2648496337963975,1.377897232276419,4.84613218641112,2.7647475769548757,245.0,0.14550330357143093,NOT_AVAILABLE_NO_TRADE_LEDGER,NOT_AVAILABLE_NO_SCENARIO_METRICS,NOT_AVAILABLE_NO_EQUITY_OR_TRADE_SERIES,1283
XAUUSD,H4,4558,1.5317744177690424,1.76594092665487,19.50639825930373,4.966640779798947,89.0,0.2092897321428585,NOT_AVAILABLE_NO_TRADE_LEDGER,NOT_AVAILABLE_NO_SCENARIO_METRICS,NOT_AVAILABLE_NO_EQUITY_OR_TRADE_SERIES,3991
XAUUSD,M15,27,1.0899801389633517,1.1341469028452416,1.571372180451208,1.346694824071321,133.0,0.03878357142857149,NOT_AVAILABLE_NO_TRADE_LEDGER,NOT_AVAILABLE_NO_SCENARIO_METRICS,NOT_AVAILABLE_NO_EQUITY_OR_TRADE_SERIES,25
