cluster_id,cluster_size,dev_return,val_return,long_count,short_count
0439d90e282d,1,2.1755600607626975,0.18080719042281745,0,1
0520c837c572,1,2.3431020682242667,0.41715713881118677,0,1
0a4601a85c57,1,1.8960608675594584,0.3051590679061664,1,0
0c66638f5433,1,4.623048423075734,0.2050827515219098,0,1
0dc6b66e8336,1,1.8920752830245897,0.29126166368295725,0,1
148e6c0d917c,1,2.3897502350420012,0.2950117536767072,0,1
160316b8a331,1,2.3897502350420012,0.2950117536767072,0,1
1b472b517b97,1,3.3030120491328274,0.021284991038255985,1,0
1e0e240e5c3f,1,2.0385117821811494,0.19852595449478705,1,0
2076c39d4f3b,1,3.5448376160497395,0.7064974994900453,1,0
20f4cad80fb5,1,2.9926291451372586,0.24520252117063923,1,0
21240c04cce3,1,5.11604730740393,0.01791976958411623,1,0
21db830f2f4f,3,1.9504698639205214,0.29210762520843114,3,0
27e34a0f6480,1,1.2059333970773456,0.7121846103087339,0,1
289441f44693,1,2.513671719017664,0.06997653298184936,1,0
2adb668c49ac,1,2.530197930088083,0.14582968955655318,0,1
2c2407bba65c,1,2.7533729001255893,0.011209583508117849,1,0
2d1e8c6fdc52,1,2.366663427774759,0.18669475844678463,1,0
2f518f761eb2,1,3.230749391242159,0.22519612117781973,1,0
30aee0dea9c6,1,2.150920227718782,0.3514045202418916,1,0
33d6694d3ed1,1,1.7436374628960456,0.33177091977977713,1,0
373638def627,1,3.618382506141945,0.09420473842191424,1,0
37c94879475e,1,2.224643394015112,0.245784753889275,0,1
39417dd71ce1,1,2.530950516991692,0.06976422732936882,1,0
3c0c3fadc875,1,2.966306774048061,0.9021580254025898,1,0
40ea48c3b690,1,2.8450201671172715,0.0754910466356784,1,0
418831e406f7,1,2.1794551429902542,0.2165552681831402,0,1
42626c1e0a2c,1,4.428235066955065,0.06296705318446905,1,0
492925e30535,1,3.82915618281766,0.11955630691100505,0,1
4bcfafe450af,1,3.8351306419399966,0.12430625595894695,1,0
4d7516a839c1,1,2.3541671094299694,0.2975807526401866,1,0
4d8c4b26a89c,1,3.0265506335875996,0.07354471723421341,1,0
4d93c0aeabbb,1,2.8344768923094392,0.007390475937800067,0,1
4e5ba76518d7,1,2.052641350558281,0.25383398510587085,1,0
4e6da8d69d8f,1,2.929930329054911,0.13307221456649443,0,1
4f5eff5ad57d,1,1.8552218516262564,0.2921071177901875,1,0
53390f17f1a0,1,4.62910701077048,0.11556319566182549,0,1
555f85af09e1,1,2.476632708807012,0.12029268510497415,1,0
55706f688bf2,1,3.1955187880929925,0.2043719962082282,1,0
59e07b9a2977,1,2.071360996852072,0.26737136922013427,0,1
5a1b01424e5e,1,3.0839777456844546,0.15523353522179328,1,0
5a4ec3b28b77,1,5.11604730740393,0.01791976958411623,1,0
5b1f4fd3a4e2,1,2.0657080693409373,0.45397170671382914,1,0
5b55cae99b1e,1,4.428235066955065,0.06296705318446905,1,0
5c0f3b4ea17e,1,1.2789334791271951,0.503729419823858,1,0
619ebab464a2,1,2.2155408939506893,0.22801670254001327,1,0
62d641521268,1,3.3362174743437345,0.17767358040562553,0,1
635423a43a59,1,1.80011766338795,0.7036419953470716,1,0
639325504c56,1,3.4443021545601624,0.3773954816896252,0,1
65c9620bcb03,1,2.387022533363616,0.521981734558302,0,1
6bb1cc6a5376,1,3.1905119924639633,0.0022939953006422265,1,0
6bfef2015ad2,1,2.2849149557511557,0.3601743830752302,1,0
6e385f10f5ff,1,2.257599543132366,0.23388818087923835,0,1
707f41ae63b8,1,1.4610505254063688,0.7758573683064787,1,0
738b54434c76,1,1.9061858501181512,0.2649470096636024,1,0
7689f248821c,1,1.6427256630142604,0.5027283072940782,1,0
76ae5f94ef14,1,1.9528240596033095,0.4325397579385024,0,1
79a845a55b0d,1,2.8796425111523014,0.027948358321152167,0,1
7a01f2c29391,1,1.9432883015464957,0.34851128084276506,0,1
7a65a980cd39,1,1.995195607154737,0.2921071177901875,1,0
7eea39cd5d10,1,2.2343105308383513,0.2227581709467985,0,1
83e61d626c78,1,2.3837277346667634,0.2162643342256776,0,1
86b883b0e7b4,1,1.7607633737396222,0.3036674958537937,1,0
8a6fa13d390f,1,5.015764549592121,0.5251364769698623,1,0
8c212b7be494,1,2.4410509852233684,0.40780873529230743,0,1
8caeec61c874,1,2.989715531401536,0.17324312804585484,0,1
8f1107766b6a,1,2.99649346204926,0.6338623364511482,1,0
8f7a4bf52a28,1,2.8659623912759424,0.1693757825981299,1,0
94b9ab94a2ee,1,2.169104142410823,0.17928031979471704,1,0
96ad8c88cf26,1,3.4445054738550223,0.1258613648751823,1,0
9a42fc99cdf5,1,2.3085673587683115,0.22269771144272132,0,1
9d8f2c405a68,1,5.281321994191353,0.20149980215250762,0,1
9fa0ee4fb686,1,3.3030120491328274,0.021284991038255985,1,0
a1b8416b33d6,1,4.512201391969382,0.6750518975198394,1,0
a2c37707adbc,1,3.1277114238107053,0.14391486333819703,1,0
a3b457d6d08f,1,2.977083927646753,0.0754910466356784,1,0
a9026bd27071,1,3.7836156940590975,0.10431634130553302,1,0
a9cc60d06492,1,1.2932995597679509,0.5018033709189254,1,0
acc284544b18,1,1.5583404128997778,0.7557907274973539,1,0
b17c8972925b,2,2.630894279395104,0.19084759546574803,2,0
b1f6d1639b15,1,4.8244175957460325,0.09304175459964026,1,0
b2ffdd9be142,1,2.5083681561994142,0.07486544735694611,1,0
b3ff3b0b0102,1,1.342119185428038,0.4878873678566551,1,0
b6674f81860f,1,2.0791978834398845,0.17532258249147215,0,1
b870d79be068,1,2.801131366096228,0.18352104667115854,0,1
b978df1c90a0,1,2.464354513930901,0.13003676637009853,0,1
ba395c975d7b,1,2.6629509156850237,0.25031175950326356,0,1
bd08b960448d,1,3.9237203224765027,0.1392286158430205,0,1
bf3398e0ad11,1,3.7362755397229295,0.1484686594989444,1,0
bfc9c113bd65,2,2.681627525651882,0.21882284760493964,2,0
c1db4e146f71,1,1.9548744122855268,0.4580956862586816,1,0
c49fc2518015,1,2.4418326035749427,0.24198322292702557,0,1
c69a457164ab,1,2.6364751738455015,0.023649479445635224,1,0
c88fdd45db5e,1,2.041163724897329,0.3349777590138667,0,1
cc8704f896fc,1,2.46280406187692,0.22221954247377074,0,1
ccf5a6ccd181,1,2.298423471298574,0.1296690408468022,1,0
cd4090383652,1,1.445228679269864,0.4888724789275345,0,1
d48524526869,1,2.695405110129736,0.16654015904735098,0,1
d53fb0ecd82a,1,1.9340643916479818,0.5317338481258025,1,0
d57e3f10a2c5,1,2.424117832906074,0.15767870794825267,0,1
d5f5d6f6d8e3,1,2.051721764018178,0.36601787433718247,1,0
d7340afd8339,1,3.8288443989865817,0.09843146169681383,1,0
dde6f9960a74,1,3.6124146082831974,0.164393933803769,1,0
de09699f52ac,1,2.982152737134127,0.2327865708763246,1,0
e2c681eeca3e,1,2.94656755562505,0.05352892976834567,1,0
e32b7c42464c,1,3.09783758245207,0.11171460499004437,1,0
e8c3cc52d8a7,1,3.1905119924639633,0.0022939953006422265,1,0
e9ffe2da72ff,1,4.56742450137318,0.022775225766551888,1,0
ef77ff548b4f,1,4.8244175957460325,0.09304175459964026,1,0
f1f85403debd,1,1.2508424232759539,0.7833144526860183,1,0
f70760fc804f,1,2.690006421248064,0.12302149553051,0,1
f711b76f4e21,1,2.0367556970327305,0.3177409147550556,1,0
f8deebd2948b,1,3.024013985909229,0.13120826808111863,1,0
fd5466dc418b,1,2.8557256465455927,0.025798018017480606,1,0
fe3c0d5f0e56,1,1.40224877630923,0.6060408506805879,0,1
fff92aba8e21,1,2.9554955227614337,0.17383903832085257,0,1
